F583H,W585L,S586T,A587P,N588A,M589A,fitness,error
0,0,0,0,0,0,0.0,0.0
0,0,0,1,0,0,-0.014725231,4.17e-06
0,0,1,0,0,0,0.003710004,5.25e-07
0,0,1,1,0,0,0.001972156,1.5e-08
1,0,0,0,0,0,-0.066347429,2.69e-05
1,0,0,1,0,0,-0.011914464,3.85e-08
1,0,1,0,0,0,-0.015294866,1.97e-06
1,0,1,1,0,0,-0.007602506,1.47e-07
0,1,0,0,0,0,0.002432509,1.26e-06
0,1,0,1,0,0,0.003769069,4.05e-07
0,1,1,0,0,0,0.007136713,6.82e-07
0,1,1,1,0,0,0.004161567,1.03e-06
1,1,0,0,0,0,-0.029452964,3.11e-06
1,1,0,1,0,0,-0.015184163,9.17e-06
1,1,1,0,0,0,-0.005460951,2.13e-05
1,1,1,1,0,0,-0.000594482,7.94e-06
0,0,0,0,1,0,-0.014138483,5.95e-06
0,0,0,1,1,0,-0.012333293,6.13e-08
0,0,1,0,1,0,0.001820032,8.17e-06
0,0,1,1,1,0,0.005131737,2.82e-06
1,0,0,0,1,0,-0.015402732,2.43e-06
1,0,0,1,1,0,-0.056970455,3.69e-06
1,0,1,0,1,0,-0.005198121,6.92e-06
1,0,1,1,1,0,-0.009929464,1.26e-06
0,1,0,0,1,0,0.018449582,8.61e-07
0,1,0,1,1,0,0.006841545,2.47e-08
0,1,1,0,1,0,0.014968573,4.21e-07
0,1,1,1,1,0,0.008311499,7.24e-07
1,1,0,0,1,0,-0.09441331,5.19e-05
1,1,0,1,1,0,-0.019575644,5.81e-07
1,1,1,0,1,0,0.007258043,2.45e-09
1,1,1,1,1,0,0.011050759,2.96e-06
0,0,0,0,0,1,-0.033351574,7.09e-07
0,0,0,1,0,1,-0.010300286,9.43e-08
0,0,1,0,0,1,-0.015251321,1.26e-06
0,0,1,1,0,1,0.003639022,2.14e-07
1,0,0,0,0,1,-0.226133939,3.79e-06
1,0,0,1,0,1,-0.063754669,4.49e-06
1,0,1,0,0,1,-0.07827107,1.25e-05
1,0,1,1,0,1,-0.018473327,3.55e-06
0,1,0,0,0,1,-0.1776308,2.53e-05
0,1,0,1,0,1,-0.012439562,2.15e-07
0,1,1,0,0,1,-0.005414098,1.08e-05
0,1,1,1,0,1,0.005838676,1.17e-06
1,1,0,0,0,1,-0.457143963,0.003860642
1,1,0,1,0,1,-0.246102138,3.32e-05
1,1,1,0,0,1,-0.339486344,0.000234609
1,1,1,1,0,1,-0.050886255,1.43e-06
0,0,0,0,1,1,0.006972513,2.06e-06
0,0,0,1,1,1,-0.042064611,6.13e-08
0,0,1,0,1,1,0.024417918,3.92e-07
0,0,1,1,1,1,-0.005285024,1.69e-07
1,0,0,0,1,1,-0.294999095,0.000522244
1,0,0,1,1,1,-0.141872085,1.72e-05
1,0,1,0,1,1,-0.033192434,1.05e-05
1,0,1,1,1,1,-0.038989771,1.68e-06
0,1,0,0,1,1,-0.22224503,2.85e-05
0,1,0,1,1,1,-0.191410438,0.000106969
0,1,1,0,1,1,-0.028605958,5.01e-06
0,1,1,1,1,1,0.01061781,4.79e-07
1,1,0,0,1,1,-0.552734897,0.000256624
1,1,0,1,1,1,-0.416084812,0.001024921
1,1,1,0,1,1,-0.319178017,3.68e-07
1,1,1,1,1,1,-0.21340546,1.96e-06
