fghA,pntAB,gshA,GB,fitness
0,0,0,0,0.0
0,0,0,1,0.06669855
0,0,1,0,0.17868924
0,0,1,1,0.214578954
0,1,0,0,0.039810554
0,1,0,1,0.113609151
0,1,1,0,0.20790353
0,1,1,1,0.258158193
1,0,0,0,0.057666104
1,0,0,1,0.120573931
1,0,1,0,0.21031852
1,0,1,1,0.25139485
1,1,0,0,0.10754913
1,1,0,1,0.156851901
1,1,1,0,0.243534102
1,1,1,1,0.286680969
