N51I,C59R,S108N,I164L,fitness (P. falciparum + E. coli),fitness (P. vivax + S. cerevisiae)
0,0,0,0,-0.579610173,0.096495439
0,0,0,1,-0.447169721,0.558766931
0,0,1,0,0.258868441,2.852749017
0,0,1,1,0.975520457,3.073656811
0,1,0,0,-0.55246526,1.346737712
0,1,0,1,0.675926513,2.017752272
0,1,1,0,1.575877088,2.881103492
0,1,1,1,2.011332526,3.219510526
1,0,0,0,2.166984971,2.03804869
1,0,0,1,0.860839831,2.478729018
1,0,1,0,-2.0,3.132897851
1,0,1,1,2.383508701,2.766842731
1,1,0,0,1.747710843,2.007973481
1,1,0,1,1.754485866,1.927332887
1,1,1,0,2.289266335,3.278520982
1,1,1,1,2.476986009,3.466216416
