sequences,pos1,pos2,pos3,pos4,pos5,fitness
L-HIF,L,-,H,I,F,0.0
L-HIL,L,-,H,I,L,0.214843848047698
L-HTF,L,-,H,T,F,0.24551266781415
L-HTL,L,-,H,T,L,0.184691430817599
L-LIF,L,-,L,I,F,1.09342168516224
L-LIL,L,-,L,I,L,1.27415784926368
L-LTF,L,-,L,T,F,0.74350976472843
L-LTL,L,-,L,T,L,0.741151598851785
LSHIF,L,S,H,I,F,0.193124598354462
LSHIL,L,S,H,I,L,0.505149978319906
LSHTF,L,S,H,T,F,0.40823996531185
LSHTL,L,S,H,T,L,0.371067862271736
LSLIF,L,S,L,I,F,1.26007138798507
LSLIL,L,S,L,I,L,1.50242711998443
LSLTF,L,S,L,T,F,0.816241299991783
LSLTL,L,S,L,T,L,1.06445798922692
R-HIF,R,-,H,I,F,0.495544337546448
R-HIL,R,-,H,I,L,0.225309281725863
R-HTF,R,-,H,T,F,0.511883360978874
R-HTL,R,-,H,T,L,0.296665190261531
R-LIF,R,-,L,I,F,0.926342446625655
R-LIL,R,-,L,I,L,0.834420703681533
R-LTF,R,-,L,T,F,0.713490543093943
R-LTL,R,-,L,T,L,0.769377326076139
RSHIF,R,S,H,I,F,0.509202522331103
RSHIL,R,S,H,I,L,0.222716471147583
RSHTF,R,S,H,T,F,0.76715586608218
RSHTL,R,S,H,T,L,0.712649701627211
RSLIF,R,S,L,I,F,1.11058971029925
RSLIL,R,S,L,I,L,1.38738982633873
RSLTF,R,S,L,T,F,0.887054378050957
RSLTL,R,S,L,T,L,1.3747483460101
