sequences,pos1,pos2,pos3,pos4,pos5,fitness
L-HIF,L,-,H,I,F,0.0
L-HIL,L,-,H,I,L,0.117271295655764
L-HTF,L,-,H,T,F,-0.655607726314889
L-HTL,L,-,H,T,L,-0.410050398674292
L-LIF,L,-,L,I,F,0.94299959336604
L-LIL,L,-,L,I,L,0.755112266395071
L-LTF,L,-,L,T,F,0.0374264979406237
L-LTL,L,-,L,T,L,0.436162647040756
LSHIF,L,S,H,I,F,0.250420002308894
LSHIL,L,S,H,I,L,0.494154594018443
LSHTF,L,S,H,T,F,-0.440093374963888
LSHTL,L,S,H,T,L,-0.213958789757446
LSLIF,L,S,L,I,F,1.13353890837022
LSLIL,L,S,L,I,L,1.06818586174616
LSLTF,L,S,L,T,F,0.348304863048161
LSLTL,L,S,L,T,L,0.624282095835668
R-HIF,R,-,H,I,F,0.757396028793024
R-HIL,R,-,H,I,L,0.468347330412157
R-HTF,R,-,H,T,F,-0.198596289982645
R-HTL,R,-,H,T,L,0.0644579892269184
R-LIF,R,-,L,I,F,1.09691001300806
R-LIL,R,-,L,I,L,0.658011396657112
R-LTF,R,-,L,T,F,0.110589710299249
R-LTL,R,-,L,T,L,1.20951501454263
RSHIF,R,S,H,I,F,0.959518376972998
RSHIL,R,S,H,I,L,1.41830129131975
RSHTF,R,S,H,T,F,0.0334237554869497
RSHTL,R,S,H,T,L,1.51054501020661
RSLIF,R,S,L,I,F,1.28330122870355
RSLIL,R,S,L,I,L,1.8234742291703
RSLTF,R,S,L,T,F,0.60959440922522
RSLTL,R,S,L,T,L,2.19589965240923
