sequences,pos1,pos2,pos3,pos4,pos5,fitness
L-HIF,L,-,H,I,F,0.0
L-HIL,L,-,H,I,L,0.940018155007663
L-HTF,L,-,H,T,F,-0.387216143280265
L-HTL,L,-,H,T,L,0.212187604403958
L-LIF,L,-,L,I,F,0.544068044350276
L-LIL,L,-,L,I,L,0.679427896612119
L-LTF,L,-,L,T,F,0.267171728403014
L-LTL,L,-,L,T,L,0.635483746814912
LSHIF,L,S,H,I,F,0.41161970596323
LSHIL,L,S,H,I,L,1.34044411484012
LSHTF,L,S,H,T,F,0.0086001717619175
LSHTL,L,S,H,T,L,0.614897216033135
LSLIF,L,S,L,I,F,0.673941998634088
LSLIL,L,S,L,I,L,0.999565488225982
LSLTF,L,S,L,T,F,0.3654879848909
LSLTL,L,S,L,T,L,0.878521795501206
R-HIF,R,-,H,I,F,0.846337112129805
R-HIL,R,-,H,I,L,0.501059262217751
R-HTF,R,-,H,T,F,-0.0624821079826534
R-HTL,R,-,H,T,L,0.540329474790874
R-LIF,R,-,L,I,F,0.488550716500444
R-LIL,R,-,L,I,L,0.320146286111054
R-LTF,R,-,L,T,F,-0.224025668870631
R-LTL,R,-,L,T,L,0.926856708949692
RSHIF,R,S,H,I,F,1.24551266781415
RSHIL,R,S,H,I,L,1.53147891704226
RSHTF,R,S,H,T,F,0.761175813155731
RSHTL,R,S,H,T,L,1.86451108105839
RSLIF,R,S,L,I,F,0.838849090737255
RSLIL,R,S,L,I,L,1.63848925695464
RSLTF,R,S,L,T,F,0.770852011642144
RSLTL,R,S,L,T,L,2.21218760440396
