sequences,pos1,pos2,pos3,pos4,pos5,fitness
L-HIF,L,-,H,I,F,0.0
L-HIL,L,-,H,I,L,0.178976947293169
L-HTF,L,-,H,T,F,-0.614393726401688
L-HTL,L,-,H,T,L,-0.354577730650908
L-LIF,L,-,L,I,F,1.15228834438306
L-LIL,L,-,L,I,L,0.974050902792877
L-LTF,L,-,L,T,F,0.439332693830263
L-LTL,L,-,L,T,L,0.8926510338773
LSHIF,L,S,H,I,F,0.176091259055681
LSHIL,L,S,H,I,L,0.40823996531185
LSHTF,L,S,H,T,F,-0.508638306165727
LSHTL,L,S,H,T,L,-0.236572006437063
LSLIF,L,S,L,I,F,1.24551266781415
LSLIL,L,S,L,I,L,1.19312459835446
LSLTF,L,S,L,T,F,0.553883026643874
LSLTL,L,S,L,T,L,1.06445798922692
R-HIF,R,-,H,I,F,0.416640507338281
R-HIL,R,-,H,I,L,0.110589710299249
R-HTF,R,-,H,T,F,-0.527243550682788
R-HTL,R,-,H,T,L,-0.0767559813697235
R-LIF,R,-,L,I,F,0.534026106056135
R-LIL,R,-,L,I,L,0.232996110392154
R-LTF,R,-,L,T,F,0.252853030979893
R-LTL,R,-,L,T,L,0.932980821923198
RSHIF,R,S,H,I,F,0.507855871695831
RSHIL,R,S,H,I,L,1.07918124604762
RSHTF,R,S,H,T,F,-0.0716041477432862
RSHTL,R,S,H,T,L,1.06069784035361
RSLIF,R,S,L,I,F,0.852479993636856
RSLIL,R,S,L,I,L,1.23552844690755
RSLTF,R,S,L,T,F,0.677606952720493
RSLTL,R,S,L,T,L,1.99078269180314
