sequences,pos1,pos2,pos3,pos4,pos5,fitness
00000,0,0,0,0,0,-4.51899249
00001,0,0,0,0,1,-2.074646527
00010,0,0,0,1,0,-4.023324396
00011,0,0,0,1,1,-3.079116018
00100,0,0,1,0,0,-1.885811901
00101,0,0,1,0,1,-0.779267423
00110,0,0,1,1,0,-4.815891217
00111,0,0,1,1,1,-1.749049029
01000,0,1,0,0,0,-1.637387698
01001,0,1,0,0,1,-4.030592662
01010,0,1,0,1,0,-4.755993076
01011,0,1,0,1,1,0.002074845
01100,0,1,1,0,0,-0.456854102
01101,0,1,1,0,1,-0.028976923
01110,0,1,1,1,0,-3.787675024
01111,0,1,1,1,1,-1.622847447
10000,1,0,0,0,0,-5.167289104
10001,1,0,0,0,1,-4.815891217
10010,1,0,0,1,0,-4.14143617
10011,1,0,0,1,1,-3.541626962
10100,1,0,1,0,0,-3.131538258
11001,1,1,0,0,1,-4.710530702
10101,1,0,1,0,1,-4.879607032
10110,1,0,1,1,0,-4.803621125
10111,1,0,1,1,1,-4.733003557
11000,1,1,0,0,0,0.107250384
11010,1,1,0,1,0,-4.84089252
11011,1,1,0,1,1,-3.592323642
11100,1,1,1,0,0,-1.214054362
11101,1,1,1,0,1,-1.397816043
11110,1,1,1,1,0,-4.84089252
11111,1,1,1,1,1,-3.763365809
