sequences,pos1,pos2,pos3,pos4,pos5,fitness
00000,0,0,0,0,0,-7.04e-05
10000,1,0,0,0,0,-0.100739244
01000,0,1,0,0,0,-0.112729109
11000,1,1,0,0,0,-0.012455353
00100,0,0,1,0,0,-0.060536985
10100,1,0,1,0,0,-0.086212308
01100,0,1,1,0,0,-0.109339209
11100,1,1,1,0,0,-0.172963735
00010,0,0,0,1,0,-0.078903267
10010,1,0,0,1,0,-0.07160445
01010,0,1,0,1,0,-0.145414223
11010,1,1,0,1,0,-0.191489339
00110,0,0,1,1,0,-0.088644696
10110,1,0,1,1,0,-0.09157986
01110,0,1,1,1,0,-0.209729097
11110,1,1,1,1,0,-0.19145158
00001,0,0,0,0,1,-0.056675689
10001,1,0,0,0,1,-0.059003992
01001,0,1,0,0,1,-0.111980828
11001,1,1,0,0,1,-0.123211151
00101,0,0,1,0,1,-0.068699691
10011,1,0,0,1,1,-0.101277934
10101,1,0,1,0,1,-0.126243603
01101,0,1,1,0,1,-0.160346934
11101,1,1,1,0,1,-0.063032945
00011,0,0,0,1,1,-0.079879497
01011,0,1,0,1,1,-0.126449534
11011,1,1,0,1,1,-0.188424477
00111,0,0,1,1,1,-0.088530409
10111,1,0,1,1,1,-0.068152736
01111,0,1,1,1,1,-0.16380143
11111,1,1,1,1,1,-0.190628794
