sequences,pos1,pos2,pos3,pos4,pos5,fitness
00000,0,0,0,0,0,0.999999999999999
00001,0,0,0,0,1,0.9311221383130674
00010,0,0,0,1,0,0.9648306295816594
00011,0,0,0,1,1,0.711814425894904
00100,0,0,1,0,0,1.2888477799183966
00101,0,0,1,0,1,1.1763827020294
00110,0,0,1,1,0,1.1922450472822002
00111,0,0,1,1,1,0.9818013413287948
01000,0,1,0,0,0,1.1702387498095426
01001,0,1,0,0,1,1.048158737562905
01010,0,1,0,1,0,0.9682211173878184
01011,0,1,0,1,1,0.9534822402320808
01100,0,1,1,0,0,1.2555786634072466
01101,0,1,1,0,1,1.273188753107383
01110,0,1,1,1,0,1.2647814048871031
01111,0,1,1,1,1,1.27842446031347
10000,1,0,0,0,0,1.06358677519295
10001,1,0,0,0,1,1.0161275517662838
10010,1,0,0,1,0,1.0399209438422217
10011,1,0,0,1,1,1.167645565368685
10100,1,0,1,0,0,1.33355480694294
10101,1,0,1,0,1,1.26545378719048
10110,1,0,1,1,0,1.22664033715331
10111,1,0,1,1,1,1.20294878236568
11000,1,1,0,0,0,0.9569872316095096
11001,1,1,0,0,1,0.989132904446153
11010,1,1,0,1,0,0.988739429749346
11011,1,1,0,1,1,0.958526003874858
11100,1,1,1,0,0,1.0733188076088367
11101,1,1,1,0,1,1.1253620225403165
11110,1,1,1,1,0,1.21157874227589
11111,1,1,1,1,1,1.1515337666649
