sequences,pos1,pos2,pos3,pos4,pos5,fitness
00000,0,0,0,0,0,1.0000000000000002
00001,0,0,0,0,1,0.8902296124171637
00010,0,0,0,1,0,1.054115858968425
00011,0,0,0,1,1,0.9249427136229996
00100,0,0,1,0,0,1.1421810303040567
00101,0,0,1,0,1,1.130190450584885
00110,0,0,1,1,0,1.1875600639667934
00111,0,0,1,1,1,0.903376153116421
01000,0,1,0,0,0,1.3803272988097433
01001,0,1,0,0,1,1.2616051653137266
01010,0,1,0,1,0,1.1286331078199432
01011,0,1,0,1,1,1.2597620695211724
01100,0,1,1,0,0,1.17224500732688
01101,0,1,1,0,1,1.1729496176535734
01110,0,1,1,1,0,1.21679246907095
01111,0,1,1,1,1,1.2508407768108123
10000,1,0,0,0,0,1.1384747688913832
10001,1,0,0,0,1,0.981863907377098
10010,1,0,0,1,0,1.093146709508853
10011,1,0,0,1,1,1.1203157141446598
10100,1,0,1,0,0,1.1825724751254398
10101,1,0,1,0,1,1.077778206401777
10110,1,0,1,1,0,1.1824809781944974
10111,1,0,1,1,1,1.1849214053827248
11000,1,1,0,0,0,1.1864942674915624
11001,1,1,0,0,1,1.16724700090735
11010,1,1,0,1,0,1.1405774498846
11011,1,1,0,1,1,1.1272965631972267
11100,1,1,1,0,0,1.2742495031361534
11101,1,1,1,0,1,1.252276300404357
11110,1,1,1,1,0,1.3282332590196275
11111,1,1,1,1,1,1.1206564609755694
