sequences,pos1,pos2,pos3,pos4,pos5,pos6,fitness
111111,1,1,1,1,1,1,0.014247251
111110,1,1,1,1,1,0,0.011100754
111101,1,1,1,1,0,1,0.006952564
111011,1,1,1,0,1,1,-0.031106019
110111,1,1,0,1,1,1,-0.02162351
101111,1,0,1,1,1,1,-0.002681733
011111,0,1,1,1,1,1,-0.05178497
111100,1,1,1,1,0,0,-0.053855161
111010,1,1,1,0,1,0,0.007239133
111001,1,1,1,0,0,1,-0.015470783
110110,1,1,0,1,1,0,-0.048026061
110101,1,1,0,1,0,1,-0.035620289
110011,1,1,0,0,1,1,0.012623427
101110,1,0,1,1,1,0,-0.006248436
101101,1,0,1,1,0,1,-0.02689268
101011,1,0,1,0,1,1,-0.029117206
100111,1,0,0,1,1,1,0.014572698
011110,0,1,1,1,1,0,-0.050166572
011101,0,1,1,1,0,1,-0.042260553
011011,0,1,1,0,1,1,-0.008179672
010111,0,1,0,1,1,1,0.000203044
001111,0,0,1,1,1,1,-0.018661411
111000,1,1,1,0,0,0,-0.003716375
110100,1,1,0,1,0,0,-0.022281122
110010,1,1,0,0,1,0,0.002870682
110001,1,1,0,0,0,1,-0.012442818
101100,1,0,1,1,0,0,-0.031377007
101010,1,0,1,0,1,0,-0.034705257
101001,1,0,1,0,0,1,-0.004546291
100110,1,0,0,1,1,0,-0.015217443
100101,1,0,0,1,0,1,-0.009986818
100011,1,0,0,0,1,1,-0.007591724
011100,0,1,1,1,0,0,-0.100895907
011010,0,1,1,0,1,0,-0.074641868
011001,0,1,1,0,0,1,-0.078085234
010110,0,1,0,1,1,0,-0.132329418
010101,0,1,0,1,0,1,-0.047799334
010011,0,1,0,0,1,1,-0.07732385
001110,0,0,1,1,1,0,-0.07573551
001101,0,0,1,1,0,1,-0.14106741
001011,0,0,1,0,1,1,-0.02272803
000111,0,0,0,1,1,1,-0.105841966
110000,1,1,0,0,0,0,-0.083720951
101000,1,0,1,0,0,0,-0.13232219
100100,1,0,0,1,0,0,-0.116687379
100010,1,0,0,0,1,0,-0.062715689
100001,1,0,0,0,0,1,-0.137284674
011000,0,1,1,0,0,0,-0.077759915
010100,0,1,0,1,0,0,-0.059391422
010010,0,1,0,0,1,0,-0.096187393
010001,0,1,0,0,0,1,-0.10898884
001100,0,0,1,1,0,0,-0.087335337
001010,0,0,1,0,1,0,-0.06083912
001001,0,0,1,0,0,1,-0.090285228
000110,0,0,0,1,1,0,-0.080195631
000101,0,0,0,1,0,1,-0.153484241
000011,0,0,0,0,1,1,-0.1219318
100000,1,0,0,0,0,0,-0.061417723
010000,0,1,0,0,0,0,-0.090457238
001000,0,0,1,0,0,0,-0.148263492
000100,0,0,0,1,0,0,-0.071564659
000010,0,0,0,0,1,0,-0.080773439
000001,0,0,0,0,0,1,-0.09434299
000000,0,0,0,0,0,0,-0.106368819
