sequences,pos1,pos2,pos3,pos4,pos5,fitness
00000,0,0,0,0,0,-0.001422686
10000,1,0,0,0,0,0.004987215
01000,0,1,0,0,0,0.057190961
11000,1,1,0,0,0,0.042263556
00100,0,0,1,0,0,0.043085027
10100,1,0,1,0,0,0.048103486
01100,0,1,1,0,0,0.080631281
11100,1,1,1,0,0,0.077733613
00010,0,0,0,1,0,0.011286129
10010,1,0,0,1,0,0.019766092
01010,0,1,0,1,0,0.060120391
11010,1,1,0,1,0,0.063162596
00110,0,0,1,1,0,0.050632796
10110,1,0,1,1,0,0.050090391
01110,0,1,1,1,0,0.078762571
11110,1,1,1,1,0,0.088855802
00001,0,0,0,0,1,-0.000197964
10001,1,0,0,0,1,0.00908753
01001,0,1,0,0,1,0.076205057
11001,1,1,0,0,1,0.07470459
00101,0,0,1,0,1,0.073277065
10011,1,0,0,1,1,0.080270129
10101,1,0,1,0,1,0.106649443
01101,0,1,1,0,1,0.105098331
11101,1,1,1,0,1,0.030669521
00011,0,0,0,1,1,0.051168832
01011,0,1,0,1,1,0.083728643
11011,1,1,0,1,1,0.074802488
00111,0,0,1,1,1,0.073605007
10111,1,0,1,1,1,0.083298477
01111,0,1,1,1,1,0.113277256
11111,1,1,1,1,1,0.122559771
