sequences,pos1,pos2,pos3,pos4,pos5,fitness
00000,0,0,0,0,0,0.000855588
10000,1,0,0,0,0,0.048551016
01000,0,1,0,0,0,0.017784366
11000,1,1,0,0,0,0.097064071
00100,0,0,1,0,0,0.02354797
10100,1,0,1,0,0,0.07980263
01100,0,1,1,0,0,0.054171936
11100,1,1,1,0,0,0.110368454
00010,0,0,0,1,0,0.085531461
10010,1,0,0,1,0,0.090138652
01010,0,1,0,1,0,0.054175547
11010,1,1,0,1,0,0.09407422
00110,0,0,1,1,0,0.056687521
10110,1,0,1,1,0,0.131477018
01110,0,1,1,1,0,0.057513327
11110,1,1,1,1,0,0.118336951
00001,0,0,0,0,1,-0.002053876
10001,1,0,0,0,1,0.03106615
01001,0,1,0,0,1,0.009812355
11001,1,1,0,0,1,0.081211762
00101,0,0,1,0,1,0.012708895
10011,1,0,0,1,1,0.13620368
10101,1,0,1,0,1,0.015918447
01101,0,1,1,0,1,0.13896695
11101,1,1,1,0,1,0.063995891
00011,0,0,0,1,1,0.165051716
01011,0,1,0,1,1,0.05487162
11011,1,1,0,1,1,0.113275696
00111,0,0,1,1,1,0.071921451
10111,1,0,1,1,1,0.138193817
01111,0,1,1,1,1,0.075340246
11111,1,1,1,1,1,0.233822282
