sequences,pos1,pos2,pos3,pos4,fitness
0000,0,0,0,0,0.096495439
0001,0,0,0,1,0.558766931
0010,0,0,1,0,2.852749017
0011,0,0,1,1,3.073656811
0100,0,1,0,0,1.346737712
0101,0,1,0,1,2.017752272
0110,0,1,1,0,2.881103492
0111,0,1,1,1,3.219510526
1000,1,0,0,0,2.03804869
1001,1,0,0,1,2.478729018
1010,1,0,1,0,3.132897851
1011,1,0,1,1,2.766842731
1100,1,1,0,0,2.007973481
1101,1,1,0,1,1.927332887
1110,1,1,1,0,3.278520982
1111,1,1,1,1,3.466216416
