sequences,pos1,pos2,pos3,pos4,fitness
NCSI,N,C,S,I,0.0
NCSL,N,C,S,L,0.212219446619542
NCNI,N,C,N,I,-0.0809001882366829
NCNL,N,C,N,L,0.0
NRSI,N,R,S,I,-0.0809001882366829
NRSL,N,R,S,L,0.768573597957015
NRNI,N,R,N,I,-0.0809001882366829
NRNL,N,R,N,L,-0.123482742037595
ICSI,I,C,S,I,6.01986171584474
ICSL,I,C,S,L,15.8022652837565
ICNI,I,C,N,I,-0.0809001882366829
ICNL,I,C,N,L,-0.123482742037595
IRSI,I,R,S,I,0.212219446619542
IRSL,I,R,S,L,0.212219446619542
IRNI,I,R,N,I,0.0
IRNL,I,R,N,L,0.0
