sequences,pos1,pos2,pos3,pos4,fitness
NCSI,N,C,S,I,0.0
NCSL,N,C,S,L,0.301029995663981
NCNI,N,C,N,I,-0.882728704344236
NCNL,N,C,N,L,0.0
NRSI,N,R,S,I,0.301029995663981
NRSL,N,R,S,L,1.50514997831991
NRNI,N,R,N,I,0.0
NRNL,N,R,N,L,-0.294136287716081
ICSI,I,C,S,I,2.10720996964787
ICSL,I,C,S,L,2.40823996531185
ICNI,I,C,N,I,-0.294136287716081
ICNL,I,C,N,L,0.0
IRSI,I,R,S,I,0.903089986991944
IRSL,I,R,S,L,0.903089986991944
IRNI,I,R,N,I,0.602059991327962
IRNL,I,R,N,L,0.903089986991944
