sequences,pos1,pos2,pos3,pos4,fitness
MEGN,M,E,G,N,0.0
MEGD,M,E,G,D,1.29551246813575e-08
MESN,M,E,S,N,-3.47568772235407e-07
MESD,M,E,S,D,-2.56551505049483
MKGN,M,K,G,N,1.35335027767747e-08
MKGD,M,K,G,D,1.36565074387862e-08
MKSN,M,K,S,N,-8.39429021570748e-08
MKSD,M,K,S,D,-2.56551500657953
LEGN,L,E,G,N,4.33869361271544e-09
LEGD,L,E,G,D,-1.26723496932102e-07
LESN,L,E,S,N,-2.56551396743865
LESD,L,E,S,D,-2.56551610611089
LKGN,L,K,G,N,-2.45276485691392e-07
LKGD,L,K,G,D,7.457058734394731e-09
LKSN,L,K,S,N,-2.56453953125459
LKSD,L,K,S,D,-2.56551402728318
