sequences,pos1,pos2,pos3,pos4,fitness
MEGN,M,E,G,N,0.0
MEGD,M,E,G,D,-0.048176964684088
MESN,M,E,S,N,0.322219294733919
MESD,M,E,S,D,0.190331698170291
MKGN,M,K,G,N,1.19312459835446
MKGD,M,K,G,D,0.424881636631067
MKSN,M,K,S,N,1.17026171539496
MKSD,M,K,S,D,1.52374646681156
LEGN,L,E,G,N,-1.32513885926219
LEGD,L,E,G,D,-0.170053304058364
LESN,L,E,S,N,0.164352855784437
LESD,L,E,S,D,1.00432137378264
LKGN,L,K,G,N,0.276461804173244
LKGD,L,K,G,D,-0.0700704399154121
LKSN,L,K,S,N,-0.156767221901991
LKSD,L,K,S,D,1.17609125905568
