sequences,pos1,pos2,pos3,pos4,fitness
MEGN,M,E,G,N,0.0
MEGD,M,E,G,D,-6.27566566047122e-07
MESN,M,E,S,N,1.30247899305099
MESD,M,E,S,D,1.34580530056238
MKGN,M,K,G,N,0.0788896857743544
MKGD,M,K,G,D,1.23665160475137
MKSN,M,K,S,N,1.33215012287453
MKSD,M,K,S,D,1.34580541271792
LEGN,L,E,G,N,3.73225520777787e-06
LEGD,L,E,G,D,1.23255556709889e-05
LESN,L,E,S,N,0.834810734257285
LESD,L,E,S,D,-6.52586660709886e-07
LKGN,L,K,G,N,4.52076408641311e-06
LKGD,L,K,G,D,3.49355046425082e-06
LKSN,L,K,S,N,3.49355046425082e-06
LKSD,L,K,S,D,1.34579948350382
