sequences,pos1,pos2,pos3,pos4,fitness
MEGN,M,E,G,N,0.0
MEGD,M,E,G,D,6.14247903929499e-09
MESN,M,E,S,N,4.04127556002942e-08
MESD,M,E,S,D,-6.83452302946419e-08
MKGN,M,K,G,N,-0.0116393918537366
MKGD,M,K,G,D,-0.0003082037731391
MKSN,M,K,S,N,-1.24559689037708
MKSD,M,K,S,D,-1.25126699855219
LEGN,L,E,G,N,-3.28870976118445e-07
LEGD,L,E,G,D,4.0408267995562e-08
LESN,L,E,S,N,2.24063761156135e-08
LESD,L,E,S,D,4.04076371807172e-08
LKGN,L,K,G,N,-0.0001862275188396
LKGD,L,K,G,D,4.04144105264903e-08
LKSN,L,K,S,N,-1.90101251545949e-08
LKSD,L,K,S,D,4.04130271192127e-08
