sequences,pos1,pos2,pos3,pos4,fitness
MEGN,M,E,G,N,0.0
MEGD,M,E,G,D,-0.804100347590766
MESN,M,E,S,N,1.46239799789896
MESD,M,E,S,D,1.94987770403687
MKGN,M,K,G,N,1.78816837114117
MKGD,M,K,G,D,-0.436518914605589
MKSN,M,K,S,N,1.64048143697042
MKSD,M,K,S,D,-0.655607726314889
LEGN,L,E,G,N,-0.262012673666569
LEGD,L,E,G,D,-0.55129368009492
LESN,L,E,S,N,2.08278537031645
LESD,L,E,S,D,0.0606978403536116
LKGN,L,K,G,N,0.315970345456918
LKGD,L,K,G,D,-0.341035157335565
LKSN,L,K,S,N,1.64836001098093
LKSD,L,K,S,D,2.13353890837022
