sequences,pos1,pos2,pos3,pos4,fitness
MEGN,M,E,G,N,0.0
MEGD,M,E,G,D,-0.0809219076239261
MESN,M,E,S,N,0.0211892990699381
MESD,M,E,S,D,0.0413926851582251
MKGN,M,K,G,N,0.27415784926368
MKGD,M,K,G,D,0.307496037913213
MKSN,M,K,S,N,0.298853076409707
MKSD,M,K,S,D,-1.52432881167557
LEGN,L,E,G,N,-0.189767482004916
LEGD,L,E,G,D,-1.48678239993206
LESN,L,E,S,N,-1.57839607313017
LESD,L,E,S,D,-1.52143350440616
LKGN,L,K,G,N,-1.51999305704285
LKGD,L,K,G,D,-1.50445566245355
LKSN,L,K,S,N,0.0681858617461616
LKSD,L,K,S,D,-1.45469288353418
