sequences,pos1,pos2,pos3,pos4,pos5,fitness
DRDEK,D,R,D,E,K,0.0
DRDEA,D,R,D,E,A,-2.92445303860747
DRDYK,D,R,D,Y,K,-4.94309514866353
DRDYA,D,R,D,Y,A,-5.62342304294349
DRAEK,D,R,A,E,K,-2.35261702988538
DRAEA,D,R,A,E,A,-3.15614457737684
DRAYK,D,R,A,Y,K,-5.43770713554353
DRAYA,D,R,A,Y,A,-6.29413628771608
DSDEK,D,S,D,E,K,-3.79860287567955
DSDEA,D,S,D,E,A,-6.41907502432438
DSDYK,D,S,D,Y,K,-8.59516628338006
DSDYA,D,S,D,Y,A,-9.20830935097988
DSAEK,D,S,A,E,K,-4.68613277963085
DSAEA,D,S,A,E,A,-5.24336389175415
DSAYK,D,S,A,Y,K,-7.51999305704285
DSAYA,D,S,A,Y,A,-8.15614457737684
ARDEK,A,R,D,E,K,-1.80410034759077
ARDEA,A,R,D,E,A,-4.35261702988538
ARDYK,A,R,D,Y,K,-8.30803489723264
ARDYA,A,R,D,Y,A,-8.75696195131371
ARAEK,A,R,A,E,K,-3.28066871301627
ARAEA,A,R,A,E,A,-3.72124639904717
ARAYK,A,R,A,Y,K,-7.68613277963085
ARAYA,A,R,A,Y,A,-8.49894073778225
ASDEK,A,S,D,E,K,-4.03574036980315
ASDEA,A,S,D,E,A,-6.35261702988538
ASDYK,A,S,D,Y,K,-8.17587416608345
ASDYA,A,S,D,Y,A,-10.4989407377822
ASAEK,A,S,A,E,K,-4.49894073778225
ASAEA,A,S,A,E,A,-5.05898575629443
ASAYK,A,S,A,Y,K,-8.82681373158773
ASAYA,A,S,A,Y,A,-9.56863623584101
