sequences,pos1,pos2,pos3,pos4,pos5,fitness
PALWI,P,A,L,W,I,0.0
PALWL,P,A,L,W,L,0.44265659519905
PALRI,P,A,L,R,I,0.245695173645993
PALRL,P,A,L,R,L,0.825769465957029
PARWI,P,A,R,W,I,0.87506045977826
PARWL,P,A,R,W,L,2.12786061616178
PARRI,P,A,R,R,I,2.06314475996088
PARRL,P,A,R,R,L,2.90641908284227
PTLWI,P,T,L,W,I,0.23309779249466
PTLWL,P,T,L,W,L,1.01615092578918
PTLRI,P,T,L,R,I,0.987666874407258
PTLRL,P,T,L,R,L,2.66430625976546
PTRWI,P,T,R,W,I,1.55631364024629
PTRWL,P,T,R,W,L,3.23595543631013
PTRRI,P,T,R,R,I,2.64201434313572
PTRRL,P,T,R,R,L,3.90675759726087
LALWI,L,A,L,W,I,0.240149672203565
LALWL,L,A,L,W,L,1.53153611069983
LALRI,L,A,L,R,I,1.36721415736602
LALRL,L,A,L,R,L,2.22788212931374
LARWI,L,A,R,W,I,1.42525946748509
LARWL,L,A,R,W,L,2.59004282330384
LARRI,L,A,R,R,I,2.82193514673504
LARRL,L,A,R,R,L,4.03085869656859
LTLWI,L,T,L,W,I,0.781157267399495
LTLWL,L,T,L,W,L,2.6178811387458
LTLRI,L,T,L,R,I,1.77724622980133
LTLRL,L,T,L,R,L,4.03747554382933
LTRWI,L,T,R,W,I,2.93531627700399
LTRWL,L,T,R,W,L,4.19695561991845
LTRRI,L,T,R,R,I,3.88197731741988
LTRRL,L,T,R,R,L,5.0061050865995
