sequences,pos1,pos2,pos3,pos4,pos5,fitness
00000,0,0,0,0,0,-3.506352666
00001,0,0,0,0,1,0.485426827
00010,0,0,0,1,0,-3.827787129
00011,0,0,0,1,1,5.0
00100,0,0,1,0,0,-2.974566775
00101,0,0,1,0,1,8.491853096
00110,0,0,1,1,0,-2.630426283
00111,0,0,1,1,1,8.491853096
01000,0,1,0,0,0,-3.506352666
01001,0,1,0,0,1,4.523561956
01010,0,1,0,1,0,0.485426827
01011,0,1,0,1,1,8.491853096
01100,0,1,1,0,0,0.485426827
01101,0,1,1,0,1,11.03617361
01110,0,1,1,1,0,-0.329406047
01111,0,1,1,1,1,11.50183718
10000,1,0,0,0,0,-3.506352666
10001,1,0,0,0,1,0.485426827
10010,1,0,0,1,0,-3.506352666
10011,1,0,0,1,1,8.491853096
10100,1,0,1,0,0,-2.473931188
10101,1,0,1,0,1,8.491853096
10110,1,0,1,1,0,-2.473931188
10111,1,0,1,1,1,11.03617361
11000,1,1,0,0,0,-3.506352666
11001,1,1,0,0,1,8.491853096
11010,1,1,0,1,0,-3.506352666
11011,1,1,0,1,1,8.491853096
11100,1,1,1,0,0,0.990284551
11101,1,1,1,0,1,10.71255573
11110,1,1,1,1,0,0.485426827
11111,1,1,1,1,1,15.32333629
