sequences,pos1,pos2,pos3,pos4,pos5,fitness
00000,0,0,0,0,0,-0.232
00001,0,0,0,0,1,-0.85
00010,0,0,0,1,0,-0.312
00011,0,0,0,1,1,-0.238
00100,0,0,1,0,0,-0.214
00101,0,0,1,0,1,-0.049
00110,0,0,1,1,0,-0.968
00111,0,0,1,1,1,-0.711999999
01000,0,1,0,0,0,-0.847
01001,0,1,0,0,1,-1.029999999
01010,0,1,0,1,0,-1.338
01011,0,1,0,1,1,-1.82
01100,0,1,1,0,0,-1.470000001
01101,0,1,1,0,1,-0.786
01110,0,1,1,1,0,-1.945000002
01111,0,1,1,1,1,-2.446000001
10000,1,0,0,0,0,0.507
10001,1,0,0,0,1,0.232
10010,1,0,0,1,0,-0.034
10011,1,0,0,1,1,-0.529
10100,1,0,1,0,0,-0.739
10101,1,0,1,0,1,-0.195
10110,1,0,1,1,0,-0.047
10111,1,0,1,1,1,-1.972999997
11000,1,1,0,0,0,0.218
11001,1,1,0,0,1,-0.641
11010,1,1,0,1,0,0.026
11011,1,1,0,1,1,-1.024000001
11100,1,1,1,0,0,-1.296000001
11101,1,1,1,0,1,-1.024000001
11110,1,1,1,1,0,-1.856
11111,1,1,1,1,1,-4.559999995
