sequence,ligase_fitness,hdv_fitness
AAUCGGCCUCACAG,0.0159890699176988,0.0207438169917125
CGUCGGCUCCGCAG,0.00373462813032253,0.0
AGUCGUCUUUGGCG,0.00768286716572035,0.0251237479018386
AAGGCUCUCUACAC,0.0332912903822545,0.0311163465230731
CAGGCGGCUUACAC,0.00818738601573189,0.0219905586318773
CAGGGGCUUUGCCC,0.0152313650963102,0.0249184667659996
CAUCCUGUUCACAC,0.00425435555195746,0.0135205854577107
CAUGGUCUCUACAG,0.00455924789158046,0.0405239665095248
CGUCGGGUUUACAC,0.0024100837631941,0.0575711805850991
CAGGCUCUUCAGCC,0.000627701857657327,0.124136701732855
AAUGCGCUCCGGAC,0.016053893615464,0.0425433131018113
CGGCGGCUCUACAC,0.00484916929596814,0.0225295603663905
CAUGCUGCUCAGAC,0.00152212576208354,0.0310734863140242
CAUCCUGCCUGCCC,0.00143978103329387,0.0
CGGGCUCUUUGGAC,0.00319385344470595,0.0279839866952245
AGGGGGCUUCACCG,0.315948105918339,0.030632009582513
AAGCCUGCCUAGCC,0.00319418198820033,0.0174183855753366
AAGCGUCUCUACAG,0.025422383271456,0.0205009922389053
CAUGGUCUUUGGAC,0.00161549757731157,0.0
AAUCGGCUCCGGCG,0.0117134743387876,0.0
CAUGCUCUUCGCCG,0.00539624414630344,0.0
AAUGCGCUCUAGAC,0.011044157711518,0.0358759873553456
AGGCCUCUCCAGAG,0.0169189586162671,0.0266590506595132
AGGCCUGUUCGCCG,0.0143769002072091,0.0
CAGCCGGCUCGCAG,0.0113171980131265,0.0
CGUCCUGCCCGGAC,0.00206589141354448,0.0
CAGCCGCCCUGGAG,0.00606656570168034,0.0
CAUGGUGCUUGGCC,0.000958444387427907,0.0
AAGGCUGUUUAGCC,0.0078132774570942,0.0169732956329177
AGUCGUCUCCGCAC,0.00763567802802827,0.0267627795654777
CAUCCGGUCCAGCG,0.00415239834014429,0.0
AAUGGGCCCUGCCG,0.0889696479140481,0.0
CAGGGGCUUUACCG,0.0140773814528922,0.0156262313240226
CGGCCUCUUCACCG,0.00534268886017031,0.0348982363643037
AGGGCGCUUUAGCG,0.223035475683467,0.0269018672232217
CAGCGUGCUUGGAG,0.00794611775389738,0.0
AGGGGGCCUCGCAG,0.0660638089690609,0.0
AAGGCGCUUCAGAC,0.0400964857972743,0.0206899692388154
CGGGGUCUUCACAC,0.00399555319472334,0.0307540909446307
CAGCGUGUCCAGAG,0.00641353319759012,0.0
AGGCGGCCUCACCC,0.00205838066595612,0.0328470996616355
AAGCGUGUCCAGAG,0.0206654242974622,0.0
CGUGGGGCUCACCC,0.00205210419663757,0.0
CGGCGGGCCCGGCG,0.00618031380858685,0.0
AGUGCUGCUCGGAG,0.0158408043249216,0.0
AAUGGUGUCUGCCC,0.0124492342667591,0.0
CGUGGUGCCCGCCC,0.00427867879056012,0.0
AGGGCGGUCUACCC,0.0386073582321873,0.0547669064804354
CGGCGGGUCCGCAG,0.00585069707212888,0.0
AGGGCUCCUCAGCC,0.00290290746666023,0.0256612886985076
AAUGGUCCCUGCCC,0.0113371361584268,0.0751928121031477
AAGCGUCUUUGGAG,0.0218128722656006,0.0
CAGCCGCUUCACAC,0.00439514089861112,0.0274300633393745
CGGCCGGCCCGGCG,0.00518517853432286,0.0232370154495831
CGGCGUGCUCAGAG,0.0071722160247798,0.0
AGGGCUCCUCAGAG,0.0254797482926739,0.0229931594027937
AAUGCUCCUCACAC,0.0126463016489122,0.0192400562973208
AAUCCUCUUUACCC,0.0010319559738243,0.0341804895821545
AAGCCGGUUCGGCC,0.0077562938297765,0.0328186268737971
CGGGCUGUCCACAC,0.00624120359980445,0.031765937683184
CAUGCUCCCCGCCG,0.00517508204453959,0.0590205549242201
CGGGGUGCUCAGCC,0.00132746176874576,0.0
CGGCGGCUUUACCC,0.00280553718942429,0.0
CAUGGGGCUUGCAG,0.00253551335736896,0.0
CGGGCGCCCUACCC,0.000604502049279571,0.0331649367641541
CGUCCGCCUUGCAC,0.00355836249585303,0.0818762412535149
CAUCCGCUCUACCC,0.000346927053260898,0.0304419898385663
AGUCCGCUCCGCAC,0.00918397777153873,0.0175258029107594
CGUGCGCCUCACAC,0.0030496036640796,0.0269318358603044
CGGCGGCCCUGGAG,0.00311487815952777,0.0
CAGGCGCCUUACAC,0.00706938129781094,0.027135353210434
AAUGCGGUUCAGCC,0.00228538683722556,0.039033081302347
CGUGCGGUCCGGCC,0.00093641118311922,0.0
AAGGGUCCCCGCAG,0.02348519247263,0.0176409533026253
AGUCCUGUCUACAG,0.0078837218547698,0.0246707363625121
CAUCGGCUCCGGAC,0.002483677511862,0.430787143219683
AGUCGUCCUCGCCC,0.00603262248595518,0.0243825248373369
CAGGCUGUUUACAC,0.00434366780306327,0.0
CAGGGGGUCUAGCG,0.00443636387250046,0.0
CAUCCGGUUCGCAC,0.00383116391705766,0.0
CAUCGUCCCCGCCG,0.00323968062546891,0.0
CAGCCGGUUUAGAC,0.00350673741251809,0.0226548069025574
CGUCGUCCUCAGAG,0.00317443391077415,0.0
AAGCCUGCUUAGAC,0.0119154793864044,0.0471185580227835
CGGCCGCCCUAGCG,0.00422070211318126,0.0
CAGGGUGCUCACAC,0.00620408424631218,0.0299229172685653
CAGGGUGUUCGCCG,0.00774845313315366,0.0590978549441179
AAGCGUGUCCACCC,0.0111875935515212,0.0
CGUCCUGUUCGCCC,0.00261927585221061,0.0554692045493744
AGUCGUGUUUACCG,0.0111462501670654,0.0346668648476728
AAUGCUGUCCGGCG,0.0131986362691854,0.0
CGGCCGCUCCGCAC,0.00653255967332496,0.0
AAUCGUCCCUACAG,0.0131741721100237,0.0322947068695946
AAGGCGCUUUGCAG,0.508269007618182,0.0
CAGCCGGUUUACAC,0.00360518305500899,0.0133423741585877
AGUCCGCUUUGGAG,0.0136369967732949,0.0
CAUCGUCUCCGGCG,0.00391121308659361,0.0
AAUGGUGUUCGGAG,0.0192963131134767,0.0
AAGCCUGUUCACAC,0.0163980185474063,0.035976031178618
CAUCGGGCUUGGAC,0.00336771590767307,0.0
AGGGCGGUUUACAC,0.136246848316825,0.0355784457849148
CGGCCUGUUUGGCG,0.00525053208517113,0.0
CGUGCGGCCCAGAG,0.00350139451513095,0.0789625982721277
AGUGGUCUCUGCAC,0.00887976121923398,0.0
CGGGGUGCUCAGCG,0.00467855531304238,0.0
AAUGCUGUUCACCG,0.0178863287482155,0.0385433613895288
CAGGCUGUUUGCCC,0.00213597247775522,0.0
CGUCCUGUUCGGCG,0.00415028372547438,0.0
CAGCCGCUCCGGAC,0.00280801214346663,0.0
CAUCGUCUCUACCG,0.00277785381290206,0.0260388164351535
AGUGCUCCCCGGAG,0.0126784723273296,0.0
CGGGGGGUUCGCAG,0.0034229430324481,0.0
CGUCCGGUCCACAG,0.00272704494191841,0.0
CGUGGUGUCUGGCC,0.000789842476196211,0.0
CGUCGGGCUUACAC,0.00280218529314063,0.0
CGGCCUGCCCGGCG,0.00624150503441444,0.0
AGUCGUGUCCAGAG,0.0118750315322133,0.0
CAUCGUGUCUGCCG,0.00251486173594092,0.0
CGUGCGGUUCGCAC,0.0041113675550685,0.0
AAUGGUGUUUGGAG,0.012985603170851,0.0
AGGGCUCUUUACCG,0.0592948098874044,0.0309922901287074
CAUGGUCUCCGCAG,0.00372670607933514,0.114060552478064
CAGGCGGUUCGCAC,0.00702736189402769,0.0
CAUGCGCCUUGGAC,0.00198701885198468,0.0
AGGCCGCUUUGCAC,0.0204752381139442,0.0
AGGCCGCCCCACAG,0.0280310915394199,0.0328535839079573
AAUGCGCUCCAGCC,0.00173403388545611,0.0318214578573937
CGUGCGGCUUACCG,0.00497076177634331,0.0764323863616751
CAUGGGGUCUACAC,0.00251183145013795,0.0214699843538377
CGGCGGGUCUGGCG,0.0039033560896338,0.0
CGUCGUGCUUAGAC,0.00122759657841793,0.0
CGGGGUGUCUGCAC,0.00421830942490848,0.0
CAGCCUGCUCGCCC,0.00235733362516579,0.0139392691605191
AAUGCUCCUCACAG,0.0140443981508517,0.0286521401078735
AAGGCUCCCUGGAG,0.057635019470775,0.015740616868303
AGUCCUGCUCGGCG,0.0108155491650269,0.0
CAUGGGCCUUGCCG,0.00451744910672491,0.0
CGGCCUCUUCGCCG,0.00589724600055997,0.0387560519336501
CAUGGGCCUUACAC,0.0029174152139913,0.0
CGUGCGGCUUGGCG,0.00364739831326437,0.0
CAUCGGGUUCGGAG,0.00298783382799231,0.0
AGUGGUGUUUACCG,0.0139057060693204,0.0
AAUGCGGCUUGCAG,0.11619454645392,0.0207440663795671
AAUCGGCUUCGCCC,0.0049311882964154,0.0195614072039284
CAGCCGGUUCAGCC,0.00215341944550064,0.0190448075636824
CGUGGUGUUUAGCC,0.000449435887889114,0.058466625107375
AGGCCGCUCUGCCC,0.00941816203551194,0.0
AAUCCGCUUUGCCG,0.0148489815357294,0.124243502901349
CGGCGGCCUCACCG,0.00624606182782713,0.0
AGGCCGGCUUGCCG,0.448993658809256,0.0
CGGCCUGUUUGCCG,0.00493622466529988,0.0
CGGCCGCUCUGGAC,0.00302234781861927,0.0
AGGGCGGCCUGCAC,0.143483501664219,0.0185075606382405
CAGGGGGUCCACCG,0.00706898638237058,0.0
AAGCGGCCCUAGCC,0.00277378062282585,0.0437688418889633
AAGGCGCUUCACAC,0.145817949435324,0.0200938580198337
AAGGCUGCUCACAG,0.0270416618628421,0.0200989677742296
CAGCCUGUUUACAC,0.00473197550997347,0.0326611055321689
CAGGCUGUCCGCCG,0.00474232000163842,0.0
AGUCGUGCCCAGAG,0.0113960699707468,0.0
CGUCGUGCCCGCCC,0.00438491538374598,0.0
CGGGGGGUUCGGAC,0.00700435564973176,0.0
AGGGCGGCCCAGAC,0.086924115108831,0.0134144346733403
AAUGCUCUUUGCCC,0.00577899473010718,0.0414921227526477
CGUCGUCCUCAGAC,0.00259773005349378,0.163561480354083
AAUGCUCCUCGGAG,0.0149825789299075,0.0524323007606852
CAGGCGGUUCAGCC,0.000624393122102751,0.0211129366283157
AGUGCGCUCCGGAC,0.018251239215983,0.0242018316776561
CAUGGGGUCCAGCC,0.000530110598644479,0.0
CAGGGGCCUUGGCC,0.00221258968675994,0.0
CAUCGUGUUUAGAC,0.00131572212869263,0.0
AGUCGGCCUUAGCC,0.00101055747354314,0.0264633714794163
CGGGCUGCUCGCCC,0.00283023716467996,0.0
AGUGCGCUCCGGAG,0.0238703424635999,0.0
AGGCGUGUCCACAG,0.0161330269548825,0.0
AGUGGGCUCCAGAC,0.00682001239979283,0.0228445824821838
AAUCGGCUUUGCCC,0.00632676674243962,0.0291465593444903
CGGCGGGCUUGCAG,0.00287456456213342,0.0
AAUGCGGUUCGCCG,0.212888826067685,0.0456857081780064
CGUGCUCUCCGCAC,0.00398132574935183,0.0284886871580846
AAUGGGCCUUGCCG,0.153221768352768,0.0228681727554007
AAGGCGCUUCGCCG,3.74843694036836,0.0707260023905564
AGGCCUCCUUGGCG,0.0220486871009044,0.0259263055657549
CAGCGGCCUUGCCG,0.00809457029797216,0.0368420301776207
CAGGGUGCUUACCC,0.00226521348564178,0.0326909653749544
AGUGCGCCCUGGCC,0.00297247442056124,0.0370019041821231
CAUGCGCCCUACAG,0.0030585602079305,0.0
CGUGCGCUCUAGAC,0.00156062250096106,0.0537543920830727
CAGCCGGCCUAGAC,0.00311580135993071,0.0245437742814584
AGGCCGCCUCAGCG,0.0154021206332105,0.0112345960540955
AGGGCUCCCCGGCG,0.0456327279839494,0.0
CGGCGUGCUUAGCG,0.00445865496190908,0.0310851748178137
AGUGGGCCCCACCG,0.01381865939596,0.0
CGUCCGGCCCAGCG,0.00466676756974925,0.0
AGUGGUCUCCGCCC,0.0132601099085642,0.0
CAGCCGGUUUGCCC,0.00350525260785523,0.0
AAGCCGCCUUGGAG,0.0213687265174252,0.0
CAGCGGGCUCGCAC,0.00566813310621777,0.0
AGUCGGCUUUGGCC,0.00171400702958142,0.0355088201423448
CAUCCGGCUCGCCG,0.00513497883206029,0.020843944801519
CGGGGGCUUUACCC,0.00880528580255653,0.0
AAUCGGCUCUAGAG,0.00788131760911534,0.0428819173585077
AAGGGGGCUUGCCG,0.67095475772532,0.0
CAUGGUGUCUGCAG,0.00414533243258874,0.0
CAUGCUGUCUAGCG,0.00288251790281916,0.0490291900417411
AAGGCUGCUUGCAG,0.018735904006473,0.0376993752767774
CAGGGUCCCCGCCC,0.00286246113239812,0.0
AGUGGUGUCCGCAG,0.00711489784793413,0.046682149213542
CAGGGGCCCUGCAG,0.00422284786921236,0.141714333302052
AAGGCGCCUUGGCC,0.0304920758580708,0.0393740646475202
AAGCCGCCUUGGCG,0.0169696752032384,0.0591258522006616
AAGCCGCCUCAGCC,0.00257431195206638,0.0240928645586429
CAGGGGCCCCGGAC,0.00206570271319614,0.0278101766270374
AGUCCUCCUCGCAG,0.0102879614008793,0.0
CAGCCGCUCUGCCC,0.00205553674343243,0.0228595991724517
AAGGGUGUUUGCCG,0.0230395371911945,0.0270856327480825
CAGCCGCUUUGGAG,0.00490630175155359,0.0108600818077443
AAGGCUGUUUGCAG,0.0294023840101582,0.0220377028445241
AGGGCGGUUCGGAG,0.261209145380567,0.0
AAUCCGCCUCAGCG,0.0120124409237321,0.0243378870452698
CAGCGUCCUCGCCG,0.00805729800230582,0.0267828722998325
AGUGCUCCUCGGAG,0.0189183651697964,0.0
CAGCGUGUUCACCC,0.00395898362810925,0.0366771281842808
CAUGCGGCUCGGCC,0.00127979443070633,0.0374997337189311
CGUCCUGCCUAGCG,0.00290744839838404,0.0
CAGGCGGUCUGGCG,0.00941762104165615,0.0
AAUCCUGUCCGGAG,0.0134135699697477,0.0
AGGCGGGUCCGCAC,0.0189272110387972,0.0
CGGCCUGCUUAGAC,0.00312472241776426,0.0276401562987999
CAUGCUCCCUGGCG,0.00417045565945291,0.0
AGUGCUCUUCGGAG,0.0173236068877055,0.0
CAUCGGCCUUAGCC,0.00028300518933248,0.0293292859432629
CAUGCGCUCCGCCC,0.00136561006050884,0.0592755427613944
AAGGCGGUUCACAG,0.424657644682797,0.0
CGGCGGGUUUACCC,0.00394046853567618,0.0156824905828754
CGGGCUGUCUGCCG,0.00417974980118301,0.0
AGUCCGCCUCGGCC,0.00169874199219627,0.0624043790776734
CGUCCUCUUCAGCG,0.00312703228501291,0.0673651666885736
AAUCCGGUUUGCAC,0.00579179582760467,0.013435138599629
AAUCGUGCUCACCC,0.0093458403934728,0.0279223251879367
AAUGGUGCCUAGAC,0.00642524037960086,0.0312827344857316
AGGGGGCUUCGCAC,0.201763475412635,0.0435035571717849
CGGCCGGCCCGCCC,0.00235579020468487,0.0
AAGCCUGCUUACCC,0.0025891702038843,0.0456384965027836
AAGGGUCUUCGCAG,0.0271018205532104,0.0126624285780847
CAUCGUCCCUGGAC,0.00132435295898289,0.954358590028077
AAGCCUCCUUAGAC,0.0135928987753275,0.0416680765105781
AAGCCGGUUUGGCC,0.00852232746236713,0.064627840181564
AAGGGGCUUCGGCC,0.0107162391897769,0.0
AAUCGGCUCUGGAC,0.00476843177472865,0.0480139806954104
CAUCGGGCCUACAC,0.00386012955486487,0.0271843945740159
CAUCGUCCUUACAC,0.00313391133833651,0.0205007311468409
AGGCGGCUUUACAG,0.0223094254553866,0.0160310242599513
CGUGGUCCCUACCC,0.00168025464786604,0.0384497305351548
CAGCGUGCUUGGCG,0.00473061056953561,0.0
AAUCCGGCUUGCAG,0.0147270674769671,0.0
CGUGCUGUCCACAC,0.00416467189499497,0.0346619925957845
AGGCCGGUCCAGAC,0.020898749005915,0.0220611408498351
CAUCCGCUCUGGCC,0.000607143398932539,0.0287263122419972
AGUGCGGCUCAGAC,0.0156266471095163,0.029209709069892
CAGCGUGCUCACAG,0.00442672995978366,0.0206366575684678
AGGGCGGCCUGGAG,0.210668088084004,0.0
AAUGGGCCUCGGCC,0.00583960420119039,0.0541786199690194
AGUGGUCUCUAGAC,0.00665503356489859,0.0281889894478241
CAGCGGCCCUACCC,0.00236585195947951,0.0282588661010421
AGGCGGCCCCAGCC,0.00182392601874551,0.0211685824588739
AAUCGGGUCUGCAG,0.00988850209373896,0.0618713441669022
AGGGGUGCCUAGAC,0.0136252462842772,0.0
CAUGGGCCUCAGAG,0.0038842219911552,0.0
CGUCCUCUCCACCG,0.0041155588567339,0.0265094785923028
CGGCGUCUCUAGAG,0.00789093638060642,0.0
AGUCGUCUCUACAC,0.00648364209367087,0.0429209273828758
CAGGGUGUUUGCCC,0.00287330378820266,0.0
CGGCCGCUUUGGCC,0.00210781228840225,0.0
AAGGGGCUUUGGAC,0.0262425632487687,0.0
AGUGCUGCUCGGCG,0.0165506708772325,0.0
AGUCGGGUCUGCCG,0.00812845620477183,0.0
CAUCCUCCCCGCCC,0.00190472610225628,0.037615583169186
CGUGCGGUUUGGCG,0.00336234689068196,0.0
AAGCCUGUCUGGCG,0.0209502163002944,0.0334892101819817
CGGGCUGCCCGCCC,0.00220189317876778,0.0
CAGGCUCUCUAGCC,0.000697184170903976,0.0625562444396266
CAGCCGCUUCGCCG,0.00623035683537702,0.0469126261996038
AGUCGUCUCCGCCC,0.0125424015527203,0.0670346682863863
AGUCCUCUUUACCC,0.00156090974313581,0.0313612093575621
CAUCCGGUCCACCG,0.0045083448555392,0.0416989543077993
AAUGCGCCCUACAG,0.0326043085616265,0.0155310078811683
CAGCGGGUUCAGCC,0.00205483579313629,0.0347805165494929
CAUCGGGCCCGCAG,0.0072298010591016,0.0
AAUGGUGCUCGGAG,0.0123174086394912,0.0
AAGGGUCUUCAGAC,0.0149278348915097,0.0257245899467002
CGUCGGGCCUAGCG,0.0031985834623388,0.0
CAUCGUCUUUAGAC,0.0014651606011736,0.204606790466495
CGGCCUGCUCACAC,0.00470241268044651,0.025510777670362
CAUCGGGUCCAGAG,0.00468958484973173,0.0
AGGGGGGCUCAGCC,0.00838489974998119,0.0
AGUCGGGUCCGCCG,0.012605392520484,0.0
CGGGCGCUUUGCAG,0.00935136487267853,0.0
AGGGCUGUUCACAC,0.0285245252704008,0.0293007485505955
AGGCCGGCUUGCAG,0.03931189298864,0.0
AAGGCUGCCCGCAC,0.0362984627912777,0.026798386353552
AGGCGGGCUUGGCC,0.00866849209516078,0.0
CGUGCUGCUCAGCG,0.00364197063720296,0.0
AGUCGUCCUCACAG,0.00687528885533557,0.024333126168217
AGGCCGCUUUACCG,0.589320826075651,0.03518197128863
CAGCCUGCUCACCC,0.00129407292742973,0.0228166258636828
CGGGCUGCCCAGAC,0.00180994904394329,0.0210744039953576
AAGCGGCUCUAGAG,0.0180235198045765,0.0
AAGGGUCUUUAGCG,0.0241713120564646,0.0526707276198403
CGGGGUCCUUAGAC,0.00169640056859407,0.0
AGGGCGCCCUAGCC,0.0111885632886337,0.0292759220530428
AGGCCGGUUUACAG,0.0425398223188445,0.0293437016389288
AGUCGGCCCUAGAG,0.0075312869275493,0.0
CAGCGGCUCUGCAG,0.00643936887840785,0.0256057251860221
AAUCGUGUCUGGAC,0.0049672572911654,0.0
CGGCGUCUUUACCG,0.00808700636655513,0.0
CGUCCGCCUUGGCC,0.000701406063929557,0.0
CAGCCGCUCCGCCG,0.00422119472547271,0.0308016072789429
CAUCGGCCCCGCAG,0.00442064112697531,0.0
AGGGCUCCCUACCG,0.0423241133141617,0.0410885195637991
AGGCGUCUCUAGAC,0.00891962320409587,0.0267342242419376
CAUCGGCUCUAGAC,0.00170891221950321,0.0367385041073336
AAGGGGGUCCGCAG,0.0471148598135127,0.0
CAUCGUCCCCAGAG,0.00449671108142009,0.0
CAUCGUCUUUGGAC,0.000994950636635016,0.858952574887692
CAUCGUGUCCGGAG,0.00269800501288563,0.0
CAUCGGCUUCACCC,0.00045603158812482,0.0447426757544057
CAGGCGCCCUGGCG,0.00879785848045893,0.0
AAUCCGCCUUGGAG,0.00871509689137132,0.0363290078035357
CAUGGGGCUUGCAC,0.00367133320280732,0.0
AAUGGUGCCCAGAG,0.0175568150231193,0.0
AGGCCUGCCUGCAG,0.0174677132793592,0.0
AAGCCUGCUUGGCG,0.0156376312180058,0.0273918078574564
CAUCGUGCCUACAC,0.00277728387514859,0.0
CGUGCUCUUUAGCG,0.00356153677105005,0.0288886334363841
CGUCCGGUCCGCAG,0.00485933070446142,0.0
CGUCGGGCCCGCCC,0.0059407667617424,0.0
CGUCGUCCCCGGAC,0.00216666173749309,0.994160244957049
AGUGGUGCUCGGCG,0.0110405605900969,0.0363669790948693
AAUGCUGCCUGCCG,0.0168533280610541,0.0314387137728736
AGUCGUCUCCAGAC,0.00586421310232756,0.0195642582450955
AAUCCUGUCUAGAG,0.0133538923364108,0.0
CAUCCGCUCUACAG,0.00344660016970763,0.0
CAGGCGGCUUGCCC,0.0044123511787466,0.0461450550728108
CGUCGUCCUUGCAG,0.00684110207742947,0.0
AAUCGUCUUUGCCC,0.00447920866734936,0.0196110198597974
CAUCCUGCCCACAG,0.00358111641245219,0.0412795039243457
AAUGCGGUUCGCAC,0.023723192134824,0.0192683976330015
CGGCCGCUCUGCCG,0.00560603686177126,0.0416347653596545
AAUCCGCUCCGCCC,0.00605168487897305,0.0425669434700582
AGGGCGCCCUAGAC,0.0646388114803966,0.0264861482716591
CAGGGGCUUUAGAC,0.00148118913218452,0.0
CGGGCGCUUUAGCG,0.00705154747323345,0.0494886414373675
CAGCCUGUUUGCCG,0.00615234858773351,0.0
CAUGCUCCUUAGCC,0.000327994518554232,0.0325046294002723
CAUCCGCCUCACCC,0.000354891969400645,0.0374763747898182
AGGCCUCUUCGGCG,0.0268061803745935,0.0
CAUCGUCCCUGCAC,0.00229640093049269,0.0507970100376309
CGGGGUCUUUAGAG,0.00733912264769688,0.0
AAGCGUCUUUGCCG,0.0224672584335686,0.0
CAGCGGGUUCGGAG,0.00587636394914815,0.0
AAGCCUGUUCGGCG,0.0154925433985521,0.0283101386975112
CGUGGUCUCUGCAC,0.00340982830818585,0.0
AAGGCUGCUCGGAG,0.0507909425723865,0.0484052705364609
AAUCCGCCCCGCAC,0.00575365255073517,0.0282492248956498
AAGCGUGUUCACAC,0.0128840968195403,0.0100358744234716
AGUCCGCCUCACAC,0.0104279876803748,0.0194768390402229
CAUGGUGUUCACCG,0.00460714302094656,0.0510431937313528
AGUCGGGCCCAGCC,0.000920914570199789,0.0156551437267008
CGGCGGGUUCACAC,0.0052181092635374,0.0356655940438631
AAUCCGGUUCGCAG,0.0176527526149456,0.0
AAUCCGGCCCGGCC,0.0045509583499594,0.029912923889205
AGUCCUGUCCAGCG,0.00931693923775687,0.0352375052829133
CAGCCUCUCCGCAC,0.00455736668113301,0.0200769274244907
CAGCGUCUUCACCC,0.00382398501446332,0.0318772703552466
CGGGCUGUCCAGAG,0.0078067121792676,0.0
CAGGCUCUUCACAC,0.00608865661227306,0.0292522772531995
AAUCCUGUCCACAG,0.00742993838743905,0.0235880731211132
AGUCCUGCCCAGCG,0.00834342364159225,0.0164025263826628
AGUGGGGUCUACAC,0.0181975906586168,0.0365241585444134
CGGGGGCUCCACCG,0.00500818532764796,0.0
AGGGGUGUUCACAC,0.0213501749751182,0.0254071298355274
AGGGCGCUUCACCC,0.044846358041061,0.0413664269618576
CGUCCGCCUUACCC,0.000406704521597328,0.0384874710102474
CGGCCUGUCUAGCC,0.00117610449342511,0.0268805948487552
AGGGGUGUCUGCAC,0.014820454008651,0.0
CGGCGUCUCCGCAC,0.00315882705772217,0.0226413556842117
AAUGGGCUCCAGAG,0.0123083996131574,0.0279615685843293
AAUGCUCCCCAGCG,0.011704757580344,0.0
AAUCCGCCCCAGAC,0.00547766804331917,0.0367172008351593
AAGCCUGUCUGGAG,0.0195114039246295,0.0
CGUGGGGCUCAGCC,0.000495063896811866,0.0
CGGCGGCUCCAGCC,0.000833363581429358,0.040813275922423
AGGCCUGCUUACAC,0.0187010531824597,0.0243308989347985
CGUGCUGUUUACAC,0.00392449926845265,0.0
AGUCGGGUCUAGAC,0.00398788131882538,0.0435332818524183
CGGCGGGCCCAGCC,0.00108395885751735,0.0637891925190783
AAGCGUCUUCAGCG,0.0231126804074549,0.0501455945866311
AGGCGUCCCCAGCC,0.00746639067048931,0.0566709589499024
AAUCGUGUCCGGCC,0.00440766566193791,0.0
AAGGGUCUCCACCG,0.0238972133932024,0.0182421378151126
AGUGGUGCUUAGCC,0.00107476382639088,0.0278672348273195
AGUCCUGCUCGGCC,0.00233149562838905,0.0
AGGCGGCCCUACCC,0.00244622706557018,0.0249449356808119
CAGCGUGUCUAGCG,0.00644410769066068,0.0486833955846779
AGUGCGGUUCAGCG,0.0163109312886415,0.0145508144921984
CGGCGUCUCUACAC,0.00402332309816421,0.0248306608299831
AAUCGUGUCUAGCG,0.0115199231652703,0.0
AGUGCUCUCUACAG,0.0126041296621649,0.041413153175663
CGGGGUCCCCACCC,0.00484000478985717,0.0
AGUCGGGCCCGCCC,0.00837539078198149,0.0
AAGGCUCCUCACCG,0.0377742831537279,0.01751119497286
CGGCGGCUCUGGAC,0.00211896473437263,0.0440229359846373
CGUGCGGUCCGCAG,0.0046820559155961,0.0
CGUCGUGCCUGGAG,0.00307165297073478,0.0
AAGGCGCUUUGGAC,0.0989180266186103,0.0753899036563339
CAUGGUCCCUACCG,0.00357084797829462,0.0
AGUGGGGCCCGCCC,0.0635284756907657,0.044288226983568
CAUCGGGUCCGGAC,0.00174998132931312,0.227683848553887
AAGCCUCCCUACAG,0.0200269944089488,0.0143051836150514
CAGCGGGCCCAGCG,0.00462411968412253,0.0
AGUCGGCCCCGGAG,0.00749970664412786,0.0
AGGGCGGUUUAGAC,0.0532651490095615,0.0332968384050837
CGUGGGGCUCGCAG,0.00564028638841906,0.0
CAUGGUCCUCGCAC,0.00341121216707715,0.0576613327248959
AGGCCGGCCCGCCC,0.0103903933493356,0.0368600690104625
AGGGCGGCCCGCCC,0.0840034758456607,0.0154645151602942
CGUGCGCUUUGCCC,0.0019904122955936,0.0
CAUCGUCCUCACCC,0.00145381140296083,0.0384287819338867
CGGGCUGUCUACCC,0.0018316921522251,0.0
AGGCCGGCUUAGAG,0.0246797766181824,0.0350573347290531
CGGGGGCCUUAGCG,0.00263770402422554,0.0
CGUCGUGUUUAGAC,0.00138623861127181,0.0294862519525261
AAUGCUCCCCGCAG,0.0155645326283736,0.0221944599686737
AGGGCUCUCUGGCC,0.0104354108156893,0.0381099271224579
AAGCGGCCUUGGAC,0.00686443860165744,0.0421839554455825
AAGGGGCCCCGGCC,0.0106922119881502,0.0
AAUCCUGUUCGCAG,0.0141767724644338,0.0171340386761674
AAUGCGGUUCGGCG,0.018563333867096,0.0
CAGGCGGUUCACCC,0.00191866458535233,0.0233618378971917
AAGGGGGUCUAGAG,0.041439796434499,0.0540600973884406
CAGCGUCCUCGCAC,0.00844514930365905,0.0
AAUCGUCUUCAGAG,0.0156884888987204,0.0241432218248771
CAGCCUGCUUGCAC,0.00573431178116306,0.0345541378390834
AAUCGUGCUCGGAG,0.00819489123790521,0.0
CGGGCGGUUUAGAC,0.00271883458789156,0.0409127297620062
AGUCCUGUUCAGAC,0.00421819277779887,0.026739520544173
AGGCCGCCUCAGCC,0.00171107093105624,0.0275353766893849
AAGGCGCCUUGGAC,0.0369674325958065,0.0151499498147941
CGGGGUCCUUGCAG,0.00456673434132033,0.0
CGUCCGGCCCACAC,0.00426116373118356,0.0196327967232201
AAGCGGGCCCGCCG,0.0215444584168494,0.0
CAGCCUCUCCAGCC,0.00143052471518827,0.0372758632336144
AGUGGUGCCCACAG,0.0097211185947564,0.0
CGUCGGCCCUACCG,0.00296607794637724,0.0326826465650718
AAGCCGGCUUGCAC,0.0248770614648159,0.0338175220926181
AGUCCUCUCUGCAG,0.010064535799742,0.0
AGGCCGGUCCACCG,0.0977313623597867,0.0546876374306071
AGGGCUGUCCAGCC,0.00932094514507382,0.0325706934234821
AAGGGGGUCUAGAC,0.0138574223676908,0.0202642292565344
AAGGGUGUCCACCG,0.0348079938087391,0.0248322388956096
AGUGGUGUUCGCCG,0.0075537168771617,0.0306669872280848
CGUCCUGCUUGGCC,0.000718233747596544,0.0
CAGGGGGUUUGGCG,0.00394562406988878,0.0
AAUGCUGCCCGGCC,0.00331722913687728,0.0304839117866416
CGUGGGGUUCACCG,0.00399500947847879,0.0
AAGGGUGCUUGGAG,0.0253497617233562,0.0
AAGCCUGCCCACAG,0.0137652443918525,0.0453431763391255
CGGCCUCCCUAGAG,0.00549361227429942,0.0199837404246169
AGUGGUCCCUGCAC,0.00851135028229703,0.0
CGGGCUCCCCAGCG,0.00579622650974812,0.0238748872363871
CGGGGUCCCCGGCC,0.00381119351529522,0.0
CAUCGGCCUUGGAC,0.00313081686356044,0.0190640811640519
AAUGCUCCCUAGAG,0.0144371147616094,0.0316007335889955
CAGCCGGCUCGGAG,0.00383605684670908,0.0
AGUCGGCUUUACAC,0.00958621538819334,0.0367841511463043
CAGGGGGCCCACAG,0.00404834509167123,0.0164850542732207
AGGCCUCCUCGCAG,0.0277854444335627,0.0399706863338913
AAUGCUCCCCACCC,0.00758683902997041,0.0234381433239313
AGUGCGGUCCGCAG,0.0191402445829568,0.0
CGUCGUGUUCGCCC,0.00305894319818945,0.0376799965662101
CGUGCGGCCUAGAG,0.00457173898169438,0.0
AGUGCUGCCCGGAG,0.0159474168810857,0.0
CAGCCUCUCCGCAG,0.00658609198793851,0.016532950237855
AGGGGUCCUCACCC,0.0241671581342672,0.0300990801303103
AGUCGGCCCCGCAG,0.017422091512137,0.0
AGGCCGGUCUGGAG,0.0248882907426875,0.0
AGGCGUCCUUGGCC,0.00456656520301139,0.0
AAGCCUGUUCAGAC,0.0112993616096385,0.0219999039210132
AGUCGUCUUCGCCG,0.0106287814400422,0.0
AGUCCUCUUUAGAC,0.00462459298764013,0.055793249444836
AGGGCGGCCCAGCC,0.0121357526453633,0.0244443967381512
CAGCGUGCUCGCAC,0.00462777120932831,0.0
AAUCGGCCUCGCAC,0.00924417150518416,0.0259059702987461
AAUGCUGCCCGCCC,0.00870582410246121,0.0
AGUGGGGUUUGCAC,0.0221818193625023,0.0
CAGCCGCUCCGCCC,0.00222822519773655,0.0
AGUCGUGCCCGGAC,0.00420787323137828,0.0
AAUCGUCUUUGCCG,0.00838294137139558,0.0282037387799826
AGGGCUCUCCACCC,0.0210130669491953,0.0493786677734346
CAGGCGCCCCACAC,0.00547464261865612,0.0257028049808122
AAUGCUCCUCGCCC,0.0109816325165606,0.0313547554970763
CAUCCUGUUUACCC,0.00100467293291669,0.0458375100292864
AAUCGUCUUUACCC,0.00274637694869078,0.0239156479438242
AGUCGUGCUCACAG,0.00664896319691571,0.0
CGGCGUCUCCACAG,0.00723432081470244,0.0485362780248836
CAGGCUCUUCACCC,0.00132170221403035,0.0
AAUGCUGCCUAGAG,0.0187975634524146,0.0
AGGGCGGCUUGGCG,0.186122527389365,0.0
CAUGGGGUCUGGAC,0.00146144172681683,0.0
AAGGGUGUCCAGCG,0.0142429566959311,0.0326058244555581
CGGCCUGUUCGCCC,0.0020935633783148,0.0
CAUGGUGCCCGGCC,0.000679097513890719,0.0
AAUCGUGUUCAGCC,0.0012462612993553,0.0267142289891659
AGUCGUCUUUGCCG,0.0122232873103162,0.0359305365899888
CGGCGGCCUUGCAC,0.00396570136050989,0.0
CAGGGGGCCCGGCG,0.00295580225628066,0.0
AAGCCUCCUUAGAG,0.0171913939936125,0.0229248060097669
AGGGCUCUCUACAC,0.0345672566027551,0.0233944454858231
CAGCGGCUUUAGCC,0.0010276400009594,0.0361550833570267
CAGCGUGCUUACCC,0.00161247282728073,0.0411873771356056
CGGCGUGUCUGCCG,0.00523508934374415,0.0
AAUGCGCUUCACCG,2.12344322263972,0.0641266363797256
AAGGCGGUUUGCAG,0.423997200315962,0.0
AGUCGUGUUCGGCC,0.00329616736457965,0.0
CGUGGUCUCUACCC,0.00200917494642563,0.0
CAGGGGGCUUGGCG,0.00431288085922967,0.0
CAGGCUCCUUGGCG,0.00699053787495647,0.016317529386559
CAGCCGGCUUGCCG,0.0205435012073138,0.0278769263582576
AGGGCGCCUCACCG,0.172913451301557,0.035792099040601
AAUGCUCUUCGCCG,0.0158951883572016,0.0210267064601837
CAGCGUCCUCAGCC,0.0017347092120153,0.327257404273116
CAUCGUCUUCGCAC,0.00301416943943375,0.0309293843566604
AAGGGGGCCCACCC,0.042430764309177,0.0198272575194043
AAUCGUCCUCGCCC,0.00634760049814258,0.0
AGUCCGGUCUGCCG,0.0136310254556054,0.0177676882184922
CAGGGGCUCCGGAG,0.00590865166315446,0.0
AAUGCGCCUCGGCC,0.00719619757767368,0.0268097973045854
CAUGGGCUUUGGCC,0.000487919511204225,0.0478283330284945
CAUCCGGCCCGCCG,0.00528784972070427,0.0
AGGCGGCCCCGGCC,0.00432290286074679,0.0
AGUGCGCCCCGCAC,0.0198047030728945,0.0
CAUGGGCUUUGGCG,0.00285676136771537,0.0
AAGGCUGCCUGGCG,0.0348301406111832,0.140433938214543
AGUGGGCUCUGGCG,0.0193204404646814,0.0
AAUGCGGCCUGCAG,0.0798480008112742,0.0386641531480384
CAGCCUGCCUACAC,0.00409625450104012,0.0211370521647732
CGUGCUGCUUAGCC,0.00048437433719025,0.0504039852719234
AGGGGGCCUUACCC,0.0522422513598075,0.0138907240430739
CGGGCUGCCUGGCC,0.00202458555798534,0.0
CAUGCUCUCCGGAG,0.0036397895552547,0.0
AAGCGUGCCCGCCG,0.0249048289118301,0.0227102118595289
CGGGCUCCCUACCC,0.0014108382459125,0.026203349158953
AGGGCUCUUCGGAG,0.0507211960842645,0.0
CGGCCUGUCCGGCC,0.00264158574076696,0.0
CAUCGUGUCCACAG,0.00300366396295188,0.037031149957828
AGUGGUCUCCACAC,0.00970617613322534,0.03371819797334
AGGCGUCUUCACCC,0.0126057392129816,0.0250662343343945
AGUGGGCUUUGCCG,0.0309015690429342,0.0
AAUCGUCUUUGGAC,0.00473285469219668,0.0270820491783299
CGGGCGCCUCAGCG,0.00583906948786733,0.0
AGUCGUGUUUAGCG,0.00768526035288559,0.0478273154187291
CAGGCUCUUUACCC,0.00246949373614932,0.0160009620995487
AGUGGUGUUCACCC,0.00819136830185717,0.0384444181589587
AAUGGGGCCCGCCG,0.0195709937271916,0.0
AAGGGUGUUUGCAC,0.0293090955462431,0.022833896315212
CGUGCGGCUCGCAC,0.00430826854706469,0.041945603303587
AGGCGGCUCUGCAC,0.0285418128614738,0.0
CGGCCUGCCCGCAC,0.00401456281583419,0.0209868084918506
CAUCCUCUCCGGAC,0.00293982494678726,0.0
CGUGCGCCUCGGAG,0.0045022153572487,0.0
CGUCCGGCUCGCAG,0.00389781154973375,0.0
CGUGGGCUCCGGCG,0.00281259790091377,0.0
AAGCGUGCUUACCG,0.0241311750214672,0.0
CAUGGGCCCUACCC,0.0012936260250322,0.0214212720519522
AGUCCGGUUCGCAG,0.0143558470356938,0.0576017286575129
AGUCCUGCCUGCAG,0.0124415924268931,0.0
CGGCGUCUUUGGAG,0.00788522796267977,0.0
CGUGGGCCCUGGCG,0.00247873548472734,0.0
AAGGGUGUCUGCCC,0.0223384836454946,0.0474743350039621
CGGGGGCCCCAGAG,0.00511951367726224,0.0
CGUCCGGUCCGGCC,0.000560593520184086,0.0
AAUGGUGUUUGGCC,0.00168554012961459,0.0287272677571208
CAGGCUCCCUAGAC,0.00197567408635153,0.0210276541969227
CGUGGGGCUCACAG,0.00457677292852107,0.0
CAGCGGCCCCGCCG,0.00639973323374378,0.0921124715345249
AAGCGUCUCCACAC,0.0204380630695356,0.0159681494611891
AGGGGGGCCCAGCG,0.0984819569933513,0.0
AAUCGUCUUUACCG,0.0113410860535122,0.0294640308960027
AAUGGGCCCCGCCG,0.0390214494191095,0.0538432185447636
AAUCCGCCUCGCCC,0.00589675405094574,0.0209109048303489
AGGCCGGUUCACAC,0.0215029351404749,0.0196778513443006
AGUCCGGCUUACAG,0.010968067638844,0.0
CGUGCUCUCUAGCC,0.000545466339321341,0.0509656060481416
CGGCGGCCUUGCCC,0.00471830409042652,0.0
CGUGCGCUUCGGAC,0.00218358090398021,0.0470765831991579
CAUGGGCCUCGGCC,0.00117305305477516,0.0
CAUCCGGUCUGGCG,0.00444314452184892,0.0
CAGCCUCUUUAGCC,0.00111067292318723,0.0529495719059463
CGGGCGGCUUACCC,0.000828148361947961,0.0280156618789517
AGGCGUGUCCAGAC,0.00797260481307704,0.0
CAUGCGGUCCAGCG,0.00292656036230142,0.052383315657753
CAGCCGCCUUACAG,0.00444275083546563,0.0273841528158203
AAGCGGGCUUGGCG,0.0111172508746177,0.101760649647912
CGGGGGCUUUACAG,0.00570682202486447,0.0
CAUCCUGCCCAGCG,0.00327193083984009,0.0377591722341559
AAUGGGCCCCGCAG,0.0188527921225241,0.0363540477963242
CGGCCGCCCUAGAG,0.00640103930175067,0.0543462549381156
AGGCCUGUUCGGCC,0.00719757042925487,0.0210606495315299
AAGCGUGCCUACAC,0.0160560729872565,0.0379513578042192
CAUGCUGCUCGGCC,0.000646695732233352,0.0
CGGCGUCUUCGCAC,0.00451325547863908,0.0257859492446453
CGGCCGGUUUGGCC,0.00128453581119648,0.0
CAUGCGCUUCACCG,0.0249556383927568,0.0365117065230152
AAUGCUGCCUACCC,0.00749666463488707,0.0177078884386108
AAGGCUCUUUGGAG,0.0246922396765606,0.0
CGUCGUCCUUGCAC,0.00311316055370504,0.019517271290235
CGUCCUCCCCGGAG,0.00583212711514534,0.0303066062559856
CAUCGGCCCCAGCG,0.00353600043774869,0.0337868232712327
AGUCGUGUCUGGCG,0.00704555774178901,0.0
CGGGCGCCUUACCC,0.000655674488219956,0.0552445686924284
AGGCCGCCCCGGCG,0.0231320316835679,0.0
AAUCGGCCUCACAC,0.0103656511132371,0.0487124700439362
AAGGCUGCCCAGAC,0.0143650537172559,0.022017919623536
CGUGGGGCCUGCCG,0.00264870591796579,0.0
CGUCGGCUCCACAG,0.00370318398247309,0.0
AAGCGGCCUCGCAC,0.03019524746481,0.0336420433517426
AAUCGUCCCUAGCC,0.000997288806971346,0.0527645614280281
AGGGGGGUUUGCCG,0.162154674164278,0.0
AGGGCGGCCUAGCC,0.016866300700405,0.0344030190591746
CGGCCGCUUCAGAG,0.00529741183593158,0.0251886365155519
CAUCGUCCUUACAG,0.00251684393503676,0.0
AGUCGGCCCUACAC,0.0111220627041168,0.0148428269149468
CGUGGGGUCCACAC,0.00231373557155638,0.0267195124892306
AAGGGGGCCUAGCC,0.00461658538440865,0.0166768647384796
AGUCGUCUUCACAG,0.00840209750686364,0.0376791234700867
CGUCGGGUCCAGCG,0.00314313102265274,0.0
CAGGCUGCCUGGAG,0.00784631144394504,0.0
CGUCCUCCUCACCG,0.00378089785937078,0.0
AAUGGUGCUCGCAG,0.0115704505092265,0.0212976894982541
CGUGCUCCCCACCC,0.000952326210984645,0.0526342835496047
AGGGGUCUUCAGAG,0.0306095857133947,0.0249077515888289
AGUGCGGCUUACAG,0.0248235299309434,0.0259876071584767
AAUGGUCCCUACCG,0.0140773814528922,0.033241490478915
AGUGCGCUUUGCAC,0.0267353753594672,0.0393056281933387
AAGGCGGUUCACAC,0.066173502850512,0.03517502921413
AGUCGUCUCUACAG,0.00873393797565131,0.0
AGGGCUCCUCACAG,0.0317681813112969,0.0469582286560164
CGGGGGGUCCGGCG,0.00744807048727133,0.0
AAGCCGGCCUGGAG,0.0321951230958943,0.0
AAGCGUGUCUAGAC,0.00871042095410641,0.031250807460368
CGUCCGGUUUGCAG,0.00359674000335792,0.0
AAGCGUGUCCAGCC,0.00936354772806983,0.0934320123881738
AAUGGGGCUCACCG,0.0137301289724855,0.0239055379532818
CAUGGUCUCUGGAC,0.00214967436820412,0.0
CAGGGGCUUCGCAG,0.00472437449791014,0.0
CGUGGGCCUCGGAG,0.00298939091828385,0.0
AAUGCUCUUCAGCG,0.0150820726181139,0.0225374538404433
CGUGGUGUCCACCC,0.00264870591796579,0.0
AAUGCGCCUCGGAC,0.0144022559455708,0.0
AAUCGUGUUUGCCG,0.0131846694583186,0.0263348767097333
AAUCGUGCUUAGCG,0.0109357219335272,0.0
AAUCGUGCCUGGCG,0.00780531011170667,0.0
AAGCGGCCUUAGAC,0.0129670467173899,0.0254247796042874
CGGCCGCCCCACAG,0.00647589403421491,0.0299392327097141
CGGGCGCCCCGCCG,0.0498007895300621,0.0355373079317017
CAUGGGGCUCAGCG,0.00259573179960647,0.0
CAGCCGGUCUGGCG,0.00480691074001199,0.0
CGUCGUGUCUGCCC,0.00361838885374529,0.0
CGGCCGCUCCACAC,0.00504352033602295,0.0219762476547726
CGGCCGCUCCAGCG,0.00706990443255011,0.0293937893341687
AAUCGGGCUCGCAG,0.00946441361482338,0.0
AAUCGGCCCUACCG,0.012689672102353,0.0212125457723533
AGGGGGGCCUAGCC,0.00839156176422194,0.0819979536873261
CGGCCUGUUUGGCC,0.00134649470124384,0.0
CGGGGUCCUCGGCG,0.00453223012629702,0.0
AGGGCGGCCCAGAG,0.156215563503886,0.0
AGUCCGGCUUACAC,0.0088842010998436,0.0244626976786617
AGUCGGGCCUAGAC,0.00494425104686948,0.0399058545360661
CGGCCUGUUUAGAG,0.00550721032448333,0.038801355013851
CGGGCGGCCCGGCG,0.00569558331379572,0.0
CAUCCUGCCCGGAC,0.00231123305651698,0.0
CGGCCGCUCUGGCG,0.00389547052177595,0.0
AAGCGGCCUCGCCC,0.113329432520676,0.0332828162643098
AGGGGGGUCCACCC,0.0639737848869331,0.0
AGUCGUGUCUGGCC,0.00234102795779805,0.0815546044772054
AGGCGUCCUCAGCC,0.00422343406322406,0.0144596617091105
AGUCGGGCCUAGAG,0.00878255120167605,0.0
CAUCGUGCCUGGCC,0.000648426366802555,0.157580246548794
CAGGGUGCUUACAG,0.00529212499777197,0.0380679588708522
CGUCGUCUCCACCG,0.00262822623303306,0.0727506383045131
CGUCCGGCUCACCC,0.000394426409182455,0.0352278776453884
AAUCCGGUUUGGAC,0.00689687193132156,0.0
CGGCGGGCUCGGAC,0.00407637719289771,0.0
AGUGGGCUCUAGAC,0.00538657427444342,0.0628696093591112
AAGCGGCUUCGGAC,0.00831423323435299,0.0
AGUGGGCUCCACCC,0.0283625229241199,0.0240436674724864
CGGGCGCCUCACCG,0.00786859465385935,0.0132078927414063
CAGGGGGUUUGGAC,0.0027852614230698,0.0
AGUCCGCCCCGCCG,0.0165613096589475,0.0104425577135112
CAGCCGGUCCGGAG,0.0107442378518509,0.0426169230486041
AGUGCGCCUUAGCC,0.0017276575741327,0.0274774948786569
CGUCGUCUUCGGAG,0.00537767565162752,0.0
AGUGCGGUUUGGCG,0.0719270807056488,0.0
AAUGGUCUCCACAG,0.0154144297343578,0.0217468478731796
CGGCGGCUUUACAC,0.00535364763036822,0.0439800253261786
AAGGCUGUCCAGAC,0.0161005098192929,0.0199601051358539
CGUGCGGUCUACCG,0.00713004093054859,0.0
AGUCCUCUCCGGAC,0.00420691897855912,0.0
AGGGCGGUCUGGAC,0.134214752966888,0.0
CGGGGGCCUCGGCG,0.00526731290504561,0.0
AAGGCUCUCCAGAG,0.0253589066590428,0.015840515495481
AGGCCUCUCUGCAG,0.0278832762526941,0.0353424753550358
CGGCCUCUUUGGAC,0.00244222077919964,0.0
AAUGCGCCCCAGAC,0.0113473117637717,0.0210667522005705
CGGGCGGCCUGGCG,0.00583966659079072,0.0408107504936981
CGUCGGGCCCACAG,0.00393057614604686,0.0
AGGCGGCUUCGGAG,0.013814819101547,0.0
AGGGCUCUCUAGCC,0.00818030925858047,0.0453976934566855
CGUCGUCUUUAGAC,0.00163341627087786,0.0316948766577676
AAUCGGCUUCACAC,0.00751044079949555,0.0319205320048447
CGGGCGGCUUAGAG,0.00515026150715571,0.0
AAUGCGGUUUAGAG,0.0263635763862795,0.0
CGUGGUCCCCAGCC,0.000765292141400998,0.155652010128679
AAUCCUGUCCGGCC,0.00294686333816691,0.0138777915375044
CGUCCGCCUCACCG,0.00370818828515211,0.0236353531059202
CAUGCUGCCUGCAG,0.00556465036405329,0.0
AGUGGUGUCUAGAG,0.00844569573842473,0.0
CGUCCUGCCCAGCG,0.00356731348510344,0.0
CAGCGUGCCCACAC,0.00529741183593158,0.0800535374187652
AAGCGUGCCCAGAC,0.0113500102648261,0.0136569669205987
CGGCGGCCCUAGAG,0.00411101231017607,0.03564529230215
AAUCGGGUUCGCAG,0.00780137972559324,0.0
AGUGCUGUUUACAG,0.0138570716386233,0.0361795868986368
CAUGGGCUUUGCAC,0.00346671374176051,0.0
AGUGGUGCUUGGAG,0.0213640477333866,0.0
CGGCCGGUCUGGCG,0.00731547348771505,0.0
AGUCCGCCCCGGCC,0.00154652110242882,0.0285695059791052
CAUGCGGUCCACAG,0.00387674229811357,0.0453646931836114
CGGGGUGUCUACAG,0.0046738623177438,0.0363239682842865
AAUCCUCUUCAGAG,0.0116827867478448,0.0738948527238153
AAGGCUGCUCGGCC,0.0128006499595326,0.0304152273613055
CGUGCGGCUUGGCC,0.00116263329072425,0.0481673925438929
CAUCCUGUUUGGCG,0.00297505077318794,0.0
AGUCCUGCCCAGAG,0.0117569690591256,0.0
AAUGCGGUCUACAC,0.0151637207653305,0.0150850551121621
CAUGCUGUCUAGAC,0.00140303559256849,0.0248183449067107
CGGCCUGCCUACCC,0.00135110756421487,0.0
CAGCCUCCCUAGAC,0.00206499796296409,0.0460862443772149
AAUCCUCCCCGCCG,0.00999793219739201,0.0194423971029272
AGGCGUCCUUGGAG,0.0188324656620146,0.0
AGUGGUGUUCGGCC,0.00358193959452539,0.0
AAUGGGGUCCGCAG,0.0130022995426554,0.0439609222970371
AGGCCUGCUCGGCC,0.00603913912768004,0.0
AGGGCUCCUUGGAG,0.0385329130500588,0.0
CAGCCGCCUCGGAC,0.00175234507377615,0.0
CAGGCUGCUUACCC,0.000836248936226015,0.0406648766574358
AGGCGGCCCCAGAG,0.0160928950470345,0.027112622404146
AGUGGUCUUCAGAC,0.00594728558301718,0.030522327086475
AGGCCUGCCUGGCG,0.0208927422555767,0.0
AAUGGGCCCCGGCG,0.0185798113239277,0.0419864979558404
CAUGGUCUCCAGCG,0.00269662961585522,0.0521179656888744
CAGGGUCUUCGCCG,0.00589380919494375,0.0
AAUGCUGUCCAGAG,0.0200531458682871,0.0
CAUCCUCCCUGCCG,0.00457663956683776,0.0
AGGCGGGUUUGCCG,0.0254436295756108,0.053483354146966
CAUCGGCUUCAGAC,0.00208547534920295,0.0650158422109075
AAUGGGCUUCGGAG,0.0179111005280701,0.0
AAGGGUGCUCGGAC,0.021537457211742,0.0119594544550599
CGGGGUCUCUAGAC,0.00187066969685195,0.0469019458627811
CGGGCGCUUCGGAG,0.0111679354786744,0.0
CGUCGUCUCUAGCC,0.000439249235772382,0.0952719208060735
AGGGGUGCCUGGAG,0.0452286601446583,0.089914228206215
CGGCGGCUCUACCC,0.00373034877291198,0.0
CAGGGGGUUCAGCC,0.000828143121365007,0.0471498187127559
CAUGGGGCCCGCCC,0.00447086530833942,0.0
CAGCGGGUUCAGAG,0.00708035950886649,0.0
AAGCCGGCCUGGCG,0.0175357096617133,0.0
AGGGGUCCUUGCCC,0.0187371418641283,0.0196482569500985
CGGGGGGUCCACAG,0.00860232867951953,0.0
AGUCGUCUCCGGCC,0.00525248043783208,0.0
CGGCCGGCUCGCAG,0.00636032294864278,0.0
AAUGCGGCUCAGCG,0.0305738251288425,0.0237597168373332
AAUGGGCUUUGGCG,0.0232896571204939,0.0172481459840536
AAUCCUGUUUACCC,0.00202181269574588,0.0306248136740821
CAUGGUCCCUGCAC,0.00321425959121284,0.0
CGUGGGCCUCGCCC,0.0061616421656606,0.0788215578093975
CAGGCUGCCUACCG,0.00496508356532539,0.0293651773132247
CAGCGGGCUCACCC,0.00209179851982939,0.0510027501998414
CGGGCGGCUCACCG,0.00505662038884378,0.0611830239578349
CGUGGUGUUUACAG,0.00594646409691059,0.0
CGUGCGGUUUGGAG,0.00445921376062595,0.0
AAGCGGCCUUACAG,0.0166212985003661,0.032810231440168
AAUGCUGUCCGGAG,0.0292229652924538,0.04795211356921
CGGGCUGUUUGCAC,0.0069031575288894,0.0
CGGGGUGUUCGGAG,0.00584320578266393,0.0
AGUGCUCUUUACAG,0.0175657959634248,0.0286589199143099
CGGGGGGUUCGCAC,0.00439261973172288,0.0
AAUGGGCCCUGGAG,0.0175267360828129,0.0
CAGGGGCCCUGCCC,0.0152355925364884,0.0
AGUGCUCCUCGGAC,0.00607496755048594,0.0228423190062815
CAUGGUCCCCGGCG,0.00396570136050989,0.0
CAUCGUGCUUGCAC,0.00293717883972444,0.0
CGUGCUCCUUGGCG,0.00379722670442836,0.0
AAGCCUCUUUAGCC,0.00350484339459232,0.0326522135880781
CAUGCGCCUCGGAC,0.00218905771540786,0.0
CAGCCGGCCUACCC,0.00111143914993928,0.0341688245463163
AAUCCUGCCUACCG,0.0123490756287464,0.0252491895511339
CAUCGUGUCUGGCG,0.00256076747447423,0.129856332737992
CAUGCUCCUCGGAC,0.00177469968307028,0.025908542391324
AAUGCGGCCCAGAC,0.00974401145656375,0.0339455066614461
AGGCCUGUUCGCAC,0.02419749982684,0.0280031576568887
AAUCGUGCUUGCCG,0.0108643411161474,0.101759960728434
CGUGGGCUUCGCAC,0.00254037438757864,0.0
CAUGCUCCCCGGAC,0.00216434424987795,0.0354770253160532
CGGCCUGCUUAGCC,0.000700487261450036,0.0329052095044943
AGUGGUCCCUAGAG,0.0118589047249637,0.0557030058848024
AGGGGGCCUUGGAG,0.0740779280112563,0.0
CAGCGGCUUCAGCC,0.000901377410256801,0.0462139235347078
AGGGGUCCCUAGAC,0.01634792684852,0.028244081652493
AGUGCGCCUCACCG,0.0297369370438287,0.0290359061745105
AAUCGGGUUCACAC,0.00689027621958799,0.00698693508855287
CGGGGGGCCCACCC,0.00369341462664552,0.0587679056667145
AAGCCGGUCCAGCG,0.0225653318127473,0.0449738904074546
CAGGGUGCCCGGCG,0.00321714965378493,0.0
AGGGCUCUCCACAG,0.0209739959998306,0.0267885213330858
CAUCGUCCCUAGCG,0.00367977304925056,0.0
AAUGCUCUUCGCCC,0.00685115618503854,0.0572540713857855
AGGGGGGCCUACAC,0.0414840011081636,0.0
AAGCCGCCUUACCG,0.0284492601569619,0.0181855593642173
CGGGCUCCCCGGCG,0.00366116415834764,0.0
CAGGCGGCUCGGCC,0.00227005156875907,0.0709798049253088
CAGCGGCUCCACAG,0.00443714837539568,0.0229137105332129
CGUCCUCCCCGGAC,0.00324068030650829,0.0394076296727748
CAUGGUGCUCGGCG,0.00322165294277399,0.0
CGUCCGGUUUACAC,0.00481001798677347,0.0272559447752579
CGGGCUCUCUGGAG,0.00716653409719113,0.0
CGGGGUGUCUGCCC,0.00225527240734397,0.0397675156288114
AGGGCGGUUUGGCC,0.0584932366906031,0.0509507868583547
CAGGCGCUCCGCAG,0.00694331551335066,0.0
CAUGCGGCUUGCCG,0.0244439334608851,0.0
CGGCGUGUUUGCCC,0.00242717778664501,0.0
CAGCCUCUUCAGAG,0.00603139058428355,0.0353572496915476
CAUGCUGUUCAGCG,0.00486728010566363,0.0
AAUCCUGUCCAGAC,0.00530286184810847,0.0306053358619783
CGUCGGCCUCGGAC,0.00275637689024082,0.0797813346015365
AGUCGGCCCCGCCC,0.00549255091180438,0.0439647185219967
AAGCCUCUCCGCCG,0.0229603837022919,0.0223362112135633
AAUGGGCCCUGGCG,0.0234219847177694,0.0
CAUGCUCCUUACCC,0.000652615864909965,0.0360479500433587
AAUGCGGCUUACAC,0.0311240890523026,0.0
AAGGCGCCUUACAC,0.163627293221702,0.0331275039921902
CGUCGGCUUCACCG,0.00526696694032278,0.0312203436785036
AGGCCUCUCCGGCG,0.025142640266751,0.0
CGUGGUGUCCAGAG,0.00441450986327632,0.0
CAGGGUGCCUAGAG,0.00555180731957802,0.0550793183642138
AGGGCGGCCUACCC,0.0203045992797423,0.0361222848117423
CAGGCUCUUUGGCC,0.00101877677720427,0.0
CGUGGUGCCCACCG,0.00348388345966671,0.0
CGUCCUCUCUGGAC,0.0015165139765608,0.0248732836570108
CAUCCGCCCCGCAC,0.00297398559210194,0.0372645541284018
AGUGCUGUCUGGAG,0.00961004839467076,0.0
AGUCCGGCUCGCAC,0.0065178939746021,0.0
AGUGCUGCCCGCCC,0.00932636502381065,0.0
AAUCGGGCUUGGCC,0.0027452418967527,0.0223111194836491
AAUCCGGUCUAGCC,0.000947018203470049,0.025304225900316
CGGGGUCUCCAGAC,0.0027590686645477,0.0275188274700963
AGGGGGGUCCACCG,0.0871424247010746,0.0
AGGGCGCCUUGCAC,0.167911902435892,0.0320657440987758
CAGCGGGCCCGGAG,0.00512513828029153,0.0
AAUGCGCUUUACCG,3.30318494015197,0.0494792615094959
CGGGGUCUCCGCAG,0.00431184684320013,0.0
CAGGGGGUUCACAG,0.00336926785048767,0.0
AAGGCUCCCUACAC,0.029268368245608,0.0216431887820158
CGUGGGCCUCACAG,0.00387694962162274,0.0
CAUGGUCCCCACAC,0.0031332389397145,0.0227448442367639
AGUGGUCUUCGGCC,0.00408851528875745,0.0341524518832456
CGGCGUGUCUGCAG,0.00356749821471273,0.0
AAUGGUGUUCGGAC,0.00729723799086158,0.047075246209644
AGGGGUGUUCGGCG,0.0456968657362179,0.0763224655988597
CAGGCGGUUUGCAG,0.00615936359228655,0.0
CGUGGUGCCCACCC,0.00265445148394836,0.0
CGGGGUGCUUGCAG,0.00334933135433094,0.0
AGGCCUGCUUAGAG,0.0211316790323903,0.02518044018698
AGGCCUCUUUAGCC,0.00479770302713164,0.0277624716138743
AGGGCUGCUUAGCG,0.0285877569766652,0.0250500242469355
CGUCGUCUCUAGAC,0.00248424378580451,0.111399001308198
CAGCGGGCUCGCCG,0.009150074989336371,0.0440382443889601
CAGGGUCCUCACAG,0.0110075411620393,0.0263772606443437
AGUGCUCUUUGGCG,0.016006318346958,0.0
AGGGGGGCUUGCAC,0.948229978922039,0.088561478371794
AGUGCGCUUUACAC,0.0257577534200178,0.0250838264947236
CAGCGUCCUUGCCC,0.00257087433910913,0.0
CAGGGUCCCUGCCG,0.00522081303465099,0.0163677245109688
AGUGGGCUCUAGCG,0.0156280886061397,0.0
CGUGCUCCCUGGCC,0.000692738470852592,0.0
CGGGGUGCUCACAG,0.00592063675780589,0.0
CGUCGGGCCUGGCC,0.00112452455392926,0.0
AAUCCGGCCCAGCC,0.000985824293151312,0.0295682704712553
CAGGGGGUUUAGCG,0.0038309479429939,0.0289338056502736
CAUGGUCUCUGCCG,0.00380005781473921,0.0
AAGCCUGUUUACCC,0.00863099586403641,0.0418452984682941
AAUGCGGCUUACCG,0.172425964318636,0.045169532326151
AAUGGGCUUUAGCG,0.0153115882645169,0.0
CGGCGGCUUCAGAG,0.00635359363499582,0.0
CGUCCUCCUCGGAC,0.00289961103620026,0.0473402422691182
AGGGGGGUCCAGAG,0.0401168583825235,0.0
AGGCGGCCCCGGAC,0.0130393904054,0.0203063742942354
AAGCGGCUCUGGAC,0.00946005089105779,0.0376429772930845
AAUCCGCUUUAGCG,0.00863540087290017,0.0
AAGGCGCCCCACAG,0.102246244236796,0.0321195963621519
AAGGCUGCUUACCC,0.00453733162349275,0.044963197997879
CGGGGUCUUUAGCG,0.00374985332206393,0.0
AGGCCGCCCUACCC,0.00228005562061149,0.0344115560916615
CGUGGGCUUUGGCG,0.00354237498784856,0.0
CAUCGGCUUUACCG,0.00289959100088476,0.0
AAUGGUCUCUGCAG,0.0177336031354496,0.0190979760462677
CGUCCGCCCCAGAC,0.00152458669548694,0.0269021454414093
CAUGCGGCUCGCCG,0.0249135316639478,0.0
CAGCCUCUCCACCG,0.00453635033550275,0.0344049671352981
AAGGGUCUUUGCCG,0.0258386001036964,0.0
AAUGGUGUCUAGAC,0.00585109612386794,0.0
CGUGCUGCUCGCCG,0.00451777325189097,0.0517153736501926
CGGCCUGCCUGGAG,0.00389714055445922,0.066113935988203
AGGGCUCUCCAGAG,0.0357853135210483,0.0
CAGCGGCCCCAGCG,0.00367972631366519,0.0450259263273748
CGUGCUCUCCACCC,0.0014367375120404,0.0215438313141595
CAGGGUGUUUGGCG,0.00832625610323506,0.0
CAUCGGCUCCGGCC,0.00057633878770552,0.0
AGUGGGGUCUGCCC,0.0274997996777036,0.0
AAUGCGGUUUAGAC,0.00981606221378668,0.0302005109795502
CAGCCGGCCUGCAG,0.00529741183593158,0.0389983761354182
CAUGCGCUCCAGCG,0.00298359976966261,0.0
AAGGGGGUCUGGCG,0.0343930450257073,0.0
CAGCCUCCCUACAG,0.00502399703149641,0.0313349301656949
CAGGGUCCCUAGAC,0.00265637221584702,0.0313882431223253
AGUGCGCUUUAGCG,0.0263281368245799,0.0435247236323427
CAUGCGGUUCACAC,0.00357608997473956,0.0653497708695064
CGUGCUCUCCGCCC,0.00193751492402722,0.0312560219031899
AAGCGUGCUUGCCG,0.0180548493284559,0.0
AAGGGUGCCCACCG,0.0286288084810668,0.0
AAGCCUCUUCGCCG,0.0190251134752811,0.0282149281915794
CGGGGUCUUUACCG,0.00487461370818118,0.0274252929052874
CAUGCGCUUCGCAC,0.00388476867968316,0.0411028096899765
CAUGCUGUCUGCCC,0.00125435544529458,0.0
CGGGCGCCUCACAG,0.00436692831983981,0.018290333608596
AGUGCUGUCUACCG,0.0160420419796893,0.0
CGUGCUCUUCGCCC,0.00168036181892453,0.0519152380823093
AGUCCUCCCCGCCC,0.00648650927759115,0.0475305522984185
AAUCCUGCUUGCAC,0.00569311458009772,0.0460627055475028
AAGGGGGCCCGGCG,0.032262372083357,0.036652203533736
AGGCGGGCCUGGAC,0.025339286615206,0.0
CAUCCGGCCUACCC,0.000456814382722814,0.041748232603986
AGUGCGCUUCACAC,0.0284922941684004,0.0309649131998742
AAGGGUCCUCACAG,0.0234976360574795,0.0327902091317941
CGUGCGGUUUGCCG,0.0125389059001137,0.0
AAUGCGCCUCGCAG,0.193378074189528,0.0
AAGGCUCCUUACAC,0.0226322461026184,0.0261921518605168
AAUGGUGCUUACAC,0.00906267274317725,0.0488097273793057
CGUCGUGUCCACAG,0.00284936545720562,0.0
CAUCCGGUCCGCCC,0.00154198210254321,0.0695657030447827
CAGGCGGCUUGGAC,0.00408698171213001,0.0
AGUCGGGUCUGGCC,0.00185484509200601,0.03483879841016
CAUCGUGCUUACCC,0.000427261235676816,0.027495334465522
AAUGCUCCCUAGCC,0.0015350892214382,0.0316209432122176
AGGGCUGCUUAGAC,0.0227515060965229,0.0229307735232674
CGUGGUCUUCAGAG,0.00449789504958265,0.0615860649904986
AGUGCGCUCCGCCC,0.0158167241548703,0.0
CGUCGGGCUCGCCC,0.00245745415534314,0.0
AAUGGGGCCCGGAG,0.0189650806087027,0.0
AGUGCGGUCCGCCC,0.0126316940122871,0.0213047854018694
AAGGCUCUUCAGAC,0.0140135022404004,0.0203688904995362
CAGGGUGCCCGCAC,0.0075476398724335,0.0152389701572786
AGUGCGCCCUGCCG,2.40276866847171,0.049414088855535
CGGGCUGUCCGGAC,0.00215074920538822,0.0
CAGCCGGUCUGCAC,0.00578839146950573,0.0395003547461958
CGUCGGGUCUGCCC,0.00208660112508559,0.0
CGUCGUCCUUGGAG,0.0048257244806774,0.0
CGUCCUGUUUACAC,0.00367320537680162,0.0441175686568759
CGUCCUGCUUGGAC,0.00224229072420384,0.0596715533147647
CGUGGGGCCUGGAC,0.00190320921920058,0.0
CGGCCUCUCCGCAG,0.00542865402105601,0.0335198781711292
AAGGCGGCCCGCAG,0.305945730628998,0.0236281484630506
CGGGGUGCCCACAC,0.00462777120932831,0.0
CAUCGGGCCUAGCC,0.000431881598147113,0.0190067094039392
CGGCGGCUCUAGCC,0.00109828920468052,0.030540038955071
CAUCCUGCUCACCC,0.00101053068590792,0.0356175954606998
AAGGGGGCCCACAC,0.0434065965154487,0.0187166652839192
CAGCCUGCUUGGCC,0.00300785248311369,0.0440320949847351
CAGCCGGCCUGCAC,0.00642752636093032,0.0453052506904368
AGGGGGCUCUAGCG,0.0455739170923274,0.0
CGUCGUCUCCGGAG,0.00459930329941347,0.0
CGUGGGGCCCACAG,0.00352409383127931,0.0631988186897085
AAUGCUGCUCGCCC,0.0109499038130397,0.0229206980841874
AGGGCGCUUCACAC,0.133877028888319,0.0171213225085482
CAGCCUCUUCGCAG,0.00553896048882784,0.0144679701074236
CAGGCGCUUUAGAC,0.00239521906974467,0.036333730760295
CGGGGUCUCCACCC,0.00358279061367353,0.0300260954948343
AAUGCUGUCCGGCC,0.00347138990251618,0.0
CAUGCUGCCCGCAG,0.00575966417763591,0.0
CAUGCUCUCUAGCC,0.000402572282725711,0.0913571166093303
CAGCGUCCCUGGCC,0.0027144907708303,0.935827559614061
AAUGGUGUCCACCG,0.0137212190899596,0.0381159738852259
CAGGGGCCCCACCC,0.00390262512407394,0.0203756060894427
AAUGGUCCCCACAG,0.0139531907498828,0.0249685786916436
AAUGCGGUCCGGAC,0.0134400063668423,0.0
CGUCGGCUUCGGAG,0.00468851392375554,0.0916970380131702
AAGGCUCUCUGCAG,0.027608778899015,0.0245287720393148
AGUCCGGCUCACCG,0.0137475484324865,0.0559414497323865
AGUCCGCCCCAGAC,0.0047689595603277,0.0261898509970463
CGGGCUGCUCACAC,0.00561656896793872,0.0476421690949341
CAGGCUCUCUGGAG,0.00937178733269318,0.0
AAUCCUGCCUGCAG,0.0100069847936963,0.0542723697610319
CAGCCGGCUCAGCC,0.000719130964095549,0.0562246421540431
AAGCCUCCCUACAC,0.0187928037439788,0.0382922337573386
CAGGCGGCUCGGCG,0.0124430318012881,0.0
AGGCCGCCUUGCAG,0.0330312717742716,0.0282766485295123
CAGGCUCUUCAGCG,0.00627431097677828,0.0234473415731613
AGUCCUGUUUGCCG,0.0146921232455627,0.0
CAGCCUGUCCAGCC,0.00143593674020783,0.0
CGUGCGCUCCACCG,0.00587348971879885,0.0149639552668429
CGUGCGGCUUACAG,0.00382863987678118,0.0
AGGGGGCCUCACCC,0.0377548503551228,0.0205559867660574
AGGGGUGCUUGGAC,0.0124130031579244,0.0
CGUCCUCCCCGCCC,0.00246104685591614,0.0
CGGGCUGCCCGGCG,0.00423375827832327,0.0390507534902031
CGGCCGCCCCAGAG,0.00595261803669154,0.0247835621859655
CGGGGUCUUCGGAG,0.012724175488267,0.0
AGGGCUCUUUACAG,0.0330021813205719,0.0180947513032559
AAGCCGCUUUACAC,0.0222997880208191,0.0279873351469027
AGUGGUCCCUACCC,0.00704250573496995,0.028092672665083
CGUGGGGUUCGCAC,0.00323888103337706,0.0
CGUCCUCUUCACCG,0.00468596927576436,0.0858393500151153
AGUCGGGCCCAGCG,0.00858376917859285,0.0
AAUCCGCUUCACAG,0.014440427292721,0.0464852808886136
AGGCCUGCCCAGCC,0.00586048021727489,0.0
CGUGCGCCCUACCC,0.000441771668433057,0.0285869744494137
CGUGGUCCCUGCAG,0.0030012315257526,0.0598906674993934
AAUGCGCCUCGGCG,0.0402512745482323,0.0364595857559487
CAUGGGGCCUGCAC,0.00205665961188759,0.0
CGUCGUCUUUGGCG,0.00333362381190442,0.0
CGGGGUGUUCAGAG,0.0183032370485072,0.0
AAUCCUCUUCACAG,0.0103983570185179,0.0264133685777308
AGGCGGGUCCGGCC,0.0110191641548447,0.0
CGUGGUCUCCGCAG,0.00442495840733141,0.0
CAUGGGCUUCGGAG,0.00536404594707538,0.0
AGGGGGGCCUACCC,0.0791026190959304,0.0
AGUGCUCCUCGCAC,0.013308640354774,0.0230716744059119
CGUCGUCCCCAGCC,0.000843835513688217,0.0807012882428678
AGUCCGGUCCAGCG,0.00949475629464351,0.0269199361664411
CAGCCUGUCUGCAG,0.00473031710734147,0.0
CGUCGGCCUCGCAC,0.0040826160560373,0.0
AAGGCGGUUUAGAG,0.0806808273794046,0.0163354920616751
AGUGCUCCUCGCCG,0.015041245654633,0.0311442292436602
CGGGGGCCUUGCCC,0.0134364600208906,0.0
AGUCCGCCUCAGAC,0.00520882635372537,0.0345728211409727
CAGCGGCCCCACCC,0.00382988558408567,0.0
AAGGCGGCUUAGAG,0.0980435697615726,0.0219939726908172
CAGCCUGUCUGCCG,0.0048201675263882,0.0421575217750022
AGUCGUGCCUGCAC,0.00932240612303647,0.0500165675247501
CAUCCGGUUUACCC,0.000553556785432446,0.0165395248831155
CAGCGUCCUUAGAG,0.00464324094427509,0.0203906352492969
CGGGGGCUUCGCCG,0.00508159135372696,0.0
CGGCCGCCUUGCCG,0.0112962402390281,0.0
CGGGGGGCCCGGCG,0.00580574933533916,0.0
AAUGCUGUUCGGCC,0.00306827968727188,0.0198485593190855
CGGCGUCCUUAGCG,0.00597566765598463,0.0761150950724432
AAGGCUGUCCGCAG,0.0391185771748054,0.0417019836244402
CAUGCUGUUUGCAG,0.00470390550986888,0.0
CAGGCUGUCCAGAG,0.00414564259588336,0.0
CAGGGGCUUUGGAC,0.00278665935119317,0.0
AAGCCGGUCCAGAC,0.0151249852312381,0.0408727696844715
CAUGCGGUCCGCCG,0.00362844230052518,0.0
CAGCGUGUUCGCCG,0.00746787918537578,0.0
AAUCGGCCUCAGCC,0.000877728124487343,0.0258208280900674
AGUGGGCUCUGCCC,0.0806601182859318,0.018017253384605
AAGGGUGUUCGCCG,0.0320552276205371,0.0270188715773005
AGUCGGCCUUGCAC,0.0134277321596635,0.0
CGUCGUCUUUGGAC,0.00139692024440661,0.878144806440069
AGUGCUGUCUACAG,0.0125073896865069,0.0266273262931316
CAGCGGCUCUGGCC,0.00155694541414476,0.0
CAUCGGGUCUGCCG,0.00374956277089997,0.0
CAUGCGCCUUACAC,0.00359926321419617,0.0161247938312772
AAUGCGCCCUGCAG,0.210768495472198,0.0386160033839544
CAGCGUCUCUAGAC,0.00214023414199494,0.031878696238081
AGUGGGGUUCAGAG,0.0146123698575115,0.0
AAGGCGGUUUACCG,3.77581897940909,0.0596872753813119
CGGGGGGUCUACAG,0.00403739093023261,0.0
AAGCGGGCUCAGAG,0.0241326539192439,0.0
AGGCCUGCCCAGAG,0.0253893972677081,0.0282077561423708
AAGGCUGUUCGGAC,0.0228858893154337,0.0708565219013851
CAUGCGCCUCGGCC,0.00106600895261046,0.0
CAGCCUCUCUACAG,0.00537143838169613,0.0239838906749871
AAUCCUCUCUACCC,0.00132701381446741,0.0502378922138946
AGUCCUCCCUGGAC,0.00417783450930113,0.0164605106008288
CGUGCGGUUUAGAG,0.00427471705093924,0.0
CGUGCGCUUCAGCC,0.00039626981835846,0.0445776184459024
AAGCCUCUCCAGAG,0.0269187001440671,0.0450631920873284
AAUGGUCUUUACAG,0.0128040176268673,0.0367764191089535
CAUCGUCCCUAGAC,0.00190880919440257,0.137331692047093
AGUGGGGUUUACCC,0.115679351938984,0.0
AGUCCGCUCCGCCC,0.00577724986454857,0.0756904056554507
AGUCCGCCUCGCCC,0.00537643050890192,0.0246229766546304
CAUCCUGCCUGCAG,0.00429724944503304,0.092859539264797
AAUCGGCUUUACAG,0.00998690373817736,0.0
CGUCCUCUCCGCAC,0.00366240818286628,0.0363516279750551
CGUGCUCUCUACCC,0.00105461769348829,0.0
CAUGGGCUUCGCCG,0.0049505574895313,0.0
CGUCGGCCCCACCC,0.000623391755829191,0.0178191162566139
AGGGCGGCUUGGAC,0.0555409658162407,0.0
AGUGCGCUCUGCAG,0.0472685307370311,0.030587404967353
CGUGCGCCUCGCAG,0.00727095742186688,0.0
AAGCCUCUCCGGCG,0.0178941643992805,0.0356093714037013
AGGGCUCUUCGCCC,0.0191221621601104,0.0
CAUCGUCUCCAGCG,0.00250678148871653,0.0
CAGGGUCUUUGCCC,0.00305061193476864,0.0
AGGCCUGCCUACAC,0.0146839396877235,0.0378106900734044
AGUGGUCCCCGGCG,0.00991902216192951,0.0
AGUGCGCCCUACCC,0.00247486667323104,0.0357299367851374
CGUGCGCUUCGCAC,0.00323277953064543,0.0733929549591563
AAUCCUCUUUACAG,0.01011018726296,0.0147832521982907
AAUGGGCUCUGGCG,0.0224442975153943,0.0183119902782134
AGGGCGGUCCGGCG,0.154507845214671,0.0
AGGGCGGUCUGCAC,0.1531099170913,0.0
CAGCGUCUCCGCCG,0.00562441256654464,0.0
AAGGCUGCUUGGAG,0.0273569772997741,0.0374399075174275
AAGCGGCCCCGGAG,0.0342627923423411,0.0
CGUCGUGUCCGCCC,0.0026602220306526,0.0
CGGCGGCUCCGCAC,0.00691027213243569,0.0
AAUCCUCCCCAGCC,0.00235998564044346,0.0301049434826687
CGUCGGCCCCGGCG,0.00325669230632121,0.0
AGUGCGCUUCAGCC,0.00197337658724453,0.0232394040780044
CAGCGUGUUUACCG,0.005227792325543,0.0
AGUGCGGUCUGGAG,0.0219163435827579,0.0
CAGCGUGUUCGCAC,0.00522129959690958,0.0
CGUCCUCCCCGGCG,0.00315074821614231,0.0
CAUGGGGCCUAGCC,0.000317908732052847,0.0852735383157091
AGUGGGGUCUACCG,0.0189715370599653,0.0
CGUGGUCCCUACCG,0.00296316415480191,0.0330680586936572
CGGGGGCCCUGCCG,0.01352672456219,0.0
CGGCGUCUUCACCG,0.00463523535644014,0.0
CGUCGUCCUUACAG,0.00350874389531325,0.0
AGUCCUCUUUACAC,0.00796879503059229,0.0272479856307528
CGUGCGCUUUACAC,0.00380909136774128,0.0290431075632329
AAGGCGGCUCAGAC,0.0692782103739079,0.0310194443297493
AAGGGGGUCUGCCC,0.206446251644526,0.0
CGGCGGCUUUGCAG,0.00692424047073156,0.0
CGGCGUGCUUGGAG,0.00638981597158979,0.0
CAGCCGGCCCACAC,0.00419048995976677,0.0357611264324561
CAUCCGCUCCGCCG,0.00607466741869647,0.0295939180389762
CGGGCGCCUCACAC,0.00468851392375554,0.0354388870778527
CGGGCGGUCUGGCG,0.009613821480023991,0.0
CAUGGUCUCUGCCC,0.00203311633295579,0.0212218037557566
CGGCGGGCCUGCAC,0.00398467600816783,0.0
AGGGCGGCCUACAG,0.172875182319965,0.0644396782891319
CGGCGUGUUUACAG,0.00564444844946082,0.0
CAGCCUCUUCGGAC,0.00219720438378832,0.0651762076804135
AGUCGUCCCCGCCG,0.0120172768500299,0.0235442052902394
AAUGGGCCUUGCAG,0.0322653002589135,0.0261366127724448
CAUGGGCCCUGGCG,0.00271772757055122,0.0
AGUCGUGCCCACAG,0.00849088705617403,0.0525967543251273
AGGCCGCUUUAGCG,0.0202550128336108,0.0262630764277277
CGUCGGGCCCACAC,0.00474993550354273,0.0336244430004288
CGGGGGCCUCGGCC,0.00141585370887626,0.0982216643790242
CAGCGGGCCUGCAC,0.00478645580069279,0.032400486514741
CAUGCGCUCUAGCC,0.000331524073321519,0.0463069889700255
CAUGCUGCCUACCG,0.00363731790758315,0.0279854321595
AGUCCGCUCCGGCG,0.0121437745010829,0.0195300880355454
CAUCCGCUCCGGCC,0.000616841333270382,0.0234264375876696
CAGGGUCUCUGCCG,0.00518147521325968,0.0296057697749507
AGUCGGCUCUACCC,0.00114967127837153,0.0
AAUGGGCCCUAGCC,0.00162777112203908,0.0176596096331898
AGGGGUCCUUACAG,0.0318864796100397,0.0
CAUCGUCUUCGGCG,0.00219519342927948,0.171622626633423
AAGCGGCUUUGCAC,0.0247212552343474,0.0298465939231609
CAGCGGCUUCAGCG,0.00404917111597069,0.04602310417439
CAUGGUCUCUGCAC,0.0035227788708945,0.0275948548231726
AGGCCGGCUUGGAC,0.014554639019222,0.0409997416203715
AGUGCGCCCUAGCC,0.00158451507597877,0.0438489100546475
CGUCCGGCUCACAC,0.00266761485642463,0.0601910893443703
CAGGCUGUCUACCG,0.00392631700780811,0.0472540678727732
AAGGCUGCUCACCC,0.0130652513068889,0.0335891487932367
AAGCCUGCCUGCAC,0.0132320034544157,0.0377610113943465
CAGCGUGUUUAGCC,0.000726311811467349,0.0561887690960759
CAGGGUCCUUGGAC,0.00218688027073073,0.0
AAUGCUCCCCGGCC,0.00336264728797408,0.0326489440194836
CAGCGGGCCCAGCC,0.000627311131322029,0.368730334499524
CGGCCUCUCUAGAG,0.00675671613270376,0.0
CGUGGUCCUUACCG,0.00295127344792068,0.0
AGUGGUGCUUAGCG,0.0148919263579247,0.0535655930491681
AGUGGGCUCCGCAG,0.0139889737703343,0.0403277084493931
CAGGCGGUCCGGCG,0.00472160620159119,0.0
CAGGCUCCCUGCCG,0.00744203877296963,0.0
AGUCCGCCCCAGCG,0.00734397122024546,0.0
AGUCGUGCCUGGCC,0.00264981928741428,0.0
AAUCGGGCUCGGCG,0.00961811336461329,0.0
AGUCCUCUCUACCC,0.00226416860649844,0.0258537751364587
AGGCCUCUUUGCCC,0.0111783067146614,0.040631873016557
CAGGGUCCCUGGCG,0.00725091935023181,0.0
CGGGGUGUCCGCAC,0.00776953735936632,0.0380660687982916
AGGGGGGCCCAGCC,0.00695113245731928,0.0
CGGGCUGCUUGGCG,0.00818155827993878,0.0
AAGCCGCUUCAGAG,0.0334399122143181,0.0395585983233975
CAUCCUGUUUGGAG,0.00412685470444347,0.0
CAGGCUCUUUGGCG,0.00682960747719325,0.0184368262296926
AGGCCGGUUCACAG,0.0229605844400406,0.0346915175796892
AGUGCGCUCCACCC,0.00495974189392644,0.0265507521349955
AGGCCGCUCCAGCC,0.00260337246672776,0.0415738861592576
CGUCGUCUCUGCCG,0.00364151270049515,0.0
CGGCCGGUUCAGCG,0.00393949827564893,0.047151831296765
AGUGCGGUUCACCC,0.00747347729570964,0.0298894808700383
CGUGCGCUCCACAC,0.00378019194117448,0.0430026390446686
CGGCGGGUUUGGCG,0.00378386559709399,0.0
CAUCCGCCCUGGCG,0.00394035880388738,0.0
AGUGCUCCCCAGCG,0.011071590737097,0.0246271498287236
CGGGCGGUCCGCAC,0.00816938032169526,0.0
AGGGCUGUUUGGCG,0.0247212552343474,0.0
AAGGGUCCUUGGAG,0.0274299112862589,0.0
AAGCCUCUUUGGCC,0.00392212222468011,0.0762318465215524
AGGGCGGCUCGGCG,0.113884434225645,0.0
AGUCGGCUCCACCC,0.00264573917746628,0.0372698593813183
AAUCCUCCUUACCC,0.00111984905553461,0.03597864302586
CAGCCGGUCCAGCG,0.00636759604521069,0.0
AAUGGUCCCCACAC,0.00953138105836152,0.0454084237487289
AGGCCGGCCUGCAG,0.0220019171585691,0.0
CGGCCUGCUUAGCG,0.00531447274361574,0.0282183806655688
AAUGGGCUCUACAG,0.0159859513596408,0.0264317694442026
CAUCGUCUUCAGCC,0.000386683917233714,0.0436332150233471
AGGGCUGCCCACCG,0.0428634667369733,0.0230537971740693
CAGGCGCCUCAGAG,0.00718186663922741,0.0
AGGCCUGUCCGCCG,0.016145470957316,0.0
AAGCGGGUUCAGCC,0.00413358650834055,0.0171013235296057
CGUCCUGUUCACCC,0.00158426522448376,0.0788286450227566
AAGGGUCCCCACCC,0.0245839149274899,0.0496968819132818
CAGCGGGUUCGCAG,0.00807428094347637,0.0
CAGGCGGUCUGCCC,0.00158753580507308,0.0
AGGGCUCUUUAGCG,0.0290746838290752,0.0187750861067791
AGGGCUCCCCGCCG,0.0567134678905617,0.0
AAUGGUGUUUACCC,0.00620376850994771,0.0370733893121432
CAUCGUCCCCAGCG,0.00360377971399887,0.0391429840844196
AGUCGGCUUCGGCG,0.0134789701158703,0.0
CGGGCGCCUCACCC,0.000597856052762369,0.027086615184718
CAUCGGGCCCGCCC,0.00404097441330678,0.0
AGGCCUCUUCAGCC,0.00569103896540706,0.0295810440423212
CGGGGGGCUCGCCC,0.0160932923926568,0.0
AAUCCGCUUUAGAC,0.00474393811023018,0.0231964078353214
CGGCCUCCCUGCCC,0.00403474635102067,0.0535785341373533
CAGGCUGUUCACCG,0.00415317087937036,0.0332795332232254
AGUCCGGCCUGGCC,0.00192018420353493,0.0
CAGGCUCUCCGGAG,0.00707745613563978,0.0253719806878268
AAUCGGGCUCGCCC,0.00860507196341563,0.0204071681176058
CGGCGGGCCUGCCC,0.00558517247887108,0.0
AAUGCGCUCUGCAG,0.0363409187981755,0.0
AGUCCUGCUCGCCG,0.0165868716186338,0.0257934681005282
AAUGCUGCUCACAC,0.0111679354786744,0.0273959901488963
AAGGCGCCUUAGCG,0.12466044340999,0.0426728848757085
CAUCCUCCUCGGCC,0.000712863878655596,0.0241625268257098
CGUGCUCUCUGGCG,0.00516833260016327,0.0
CGGCCGCCUUGGCG,0.0042110961734979,0.0
CGUGGUGUCCAGCG,0.00212935181640387,0.0698575667651785
CGUCGUGCCUGCCG,0.00457801022858285,0.0
CAGCGGGCUCACAC,0.00300058713895158,0.0396467272562803
CAGCGGGCCUAGAC,0.00326397823015993,0.0
CAGCGGGUCCACCC,0.00555686109982589,0.0
CAGCGUCUCCACAC,0.00410392379384423,0.0249145453270739
AAUCCUCCCCGCAC,0.00833270633440973,0.0268021063478612
AGUGGGCCCUGGCG,0.0135288576663578,0.0
CGGGCUCCCCACAC,0.00717105113668092,0.0250298738320216
CAGGCUGCCCACCG,0.00567486063465038,0.0190175363094632
AAUGGUGUUUGCCG,0.0109600529051558,0.0498250445558116
AAUGGUGCUUAGCG,0.013311445126187,0.0
CAUGGUCUCCAGAG,0.00328503166402364,0.0
CAUGCUCCUUGGAC,0.00170779148446099,0.0592754932730796
AGUCGUGCCCGCCG,0.0115398046894707,0.0400623038724185
AAUCCUGCCCACCG,0.0108379416063624,0.0244468607185299
CAUCGGCUUCGGCG,0.003245963134762,0.0
AGUCGGGCUCAGAC,0.00532416644116356,0.0
CAGCCUCCCUGGCC,0.00306776446295796,0.0347714161783105
AGGCGGGUUUAGCG,0.0150258879471267,0.0
CGGGGGCCCUGGCC,0.00118011649810357,0.0
AGUCCGCCUUGCAG,0.0107511708961875,0.0
CGUGCGCCUCGCCG,0.030163621125491,0.0519795314573975
CGGGGUCCCUACCG,0.0039760018835242,0.0459217091055697
CAUCGUGUCUAGCC,0.000234550359977757,0.0773532452248112
CAGCGUGUCUACAG,0.00345463694941521,0.0355583912042549
AAUCGUCUCUAGCC,0.00103040493830256,0.0400155315232786
AAUGCGCCUUGGCG,0.0370602733626799,0.0279967834253045
AAUCGUGUCCGCCG,0.0112018187780636,0.0
AGUCGUGCCUGCCC,0.00730082396085189,0.0
AGGGCGGCCCGGCG,0.187469518860467,0.106591801002291
CGUCGUCCUUAGCC,0.000273805137655321,0.0268339617722121
AAUGCUGCUUGGAC,0.00575842412344978,0.0312096814365161
AGUCGGCUUUAGAG,0.00880173904762228,0.0
CGGCCUGUCCAGCG,0.00628163042839975,0.0404508408969952
CAGCCGCUCCAGCG,0.0038605321549436,0.0259330677065202
AAUCCGCCCCACAG,0.0092036565095442,0.0171275097913993
AAUCGGGCCUGCAC,0.00603528839430593,0.0
CAGCCUCUUCGGCG,0.00479565333781056,0.0
AAGCCUGUUUAGCC,0.00607936494419977,0.036111607481345
CGGCGUGCCUAGAC,0.00304232165809693,0.0632734344134178
AAGCGGCUCCGGCC,0.00419164140415946,0.0514449296988544
AAUCGUCUCCACCC,0.00848262357611854,0.0243472744975197
CAGCCUGCUUAGCG,0.00388307486294905,0.0
CGUCGGCUUUAGCG,0.00288544619454528,0.0
CAGCGGGUUCGGCG,0.00396472961305571,0.0
AGUCGUGCUUGGCC,0.00263085891019511,0.0
AAUCGUGUCCAGCC,0.00274216626191804,0.0949262512680785
AAUCGGGUCUACCG,0.0127726485377461,0.0
AAGGCUGUCUACCC,0.0173567572106116,0.0393260752149044
CAUCGGGUCCGCCC,0.00379089880452353,0.0
CGUGGGCUUUAGAC,0.00137340306857485,0.0440826110475723
AAUGCUGUUCGGCG,0.0169004877605183,0.0251684941374162
CGUGCUCUUCACCG,0.00400187421548182,0.0166148399824331
AAGCCGGUUCACCC,0.00945577995997729,0.030108539549331
AGGCCUGUCUGGCG,0.0291357650976237,0.0
AGGGGUGCCCAGAC,0.0163778315927551,0.0
AGUCCGGUUCGCAC,0.00735921759866411,0.0194009019767726
AAGGGGGCCCACAG,0.0258469552494828,0.0195466308869619
CGGGGGGUUUGGAC,0.00154938229184628,0.0
CGUGCUGCCUGCAC,0.00332917456539899,0.0
AAGCGGCUCUGCAG,0.0231871347854074,0.0433966904102779
CGUCCUCCCUAGAC,0.00207474122526272,0.0215888497625257
AAUGGGGUUUGCAC,0.0256990362249596,0.0
CGGCCGGCUCAGCG,0.00538285396231758,0.053030816818328
CAUGGGGCUCACAC,0.00337108025922919,0.0255239945390383
AAGGCUGCUUGGCG,0.028028558299483,0.0
CAGGCGGCCUAGAG,0.00698504216907993,0.0
AAGCCUCCCUACCC,0.00720842627517537,0.026506309510068
AGUCGGGCUUACCC,0.000977136896419966,0.0271774143046579
AAUCGUCCUUACAG,0.00885288194202981,0.0211921399548943
CAUCGUGCUUACAC,0.00268166996739893,0.0402743053772432
AGUCCGCCCUGCCG,0.0200915577935063,0.0
AGGGGGCCUUGGCC,0.0200804014108085,0.0
CAUCGUGUCUGCAC,0.00274197021085191,0.0549704994326859
AAUGCUGUCUACAG,0.0114682320749199,0.0218502000659181
CAGCCGGUCCACCC,0.00144243338015095,0.0
AAUGGUGUUCGCCC,0.00820761419802776,0.0152569002815376
AAGGGGCCUUGCAG,0.0873875656398509,0.0
AAGCGUCUCCGGCC,0.0110787847531705,0.0
CGGGGUGCUCGGAC,0.00219487780118037,0.0
AAGCCUGCUCGGAC,0.0111845231237485,0.0
CAUCCUGUUUGGAC,0.00271758479526514,0.0
AAUGCUCCCCGCCC,0.00975618643225431,0.074010169661439
CGUCGGCCCCAGCG,0.00343134142054033,0.0
AAGGGGGCUCGCAC,0.523123257502473,0.0329782151102132
CGGCGGGUCUAGAC,0.0018112329058722,0.0689497537602757
CAUGGUCCCUGGCC,0.000892438719375247,0.0
AGUCCGCUCCGGAC,0.00492476844642209,0.0393785160436004
AGUCCGGUUUGGAG,0.0157059350915464,0.0
AAGGGUGCUUAGAC,0.0132075595094615,0.0380683801413834
CGGGCGCUUCGCCC,0.00306044385713675,0.0
CGGCCUCUCCGGCC,0.0044027899255862,0.0
CGUGGUCUCCGCAC,0.00327935018414812,0.0
CAGCCGCCCCAGAC,0.00169666101974114,0.0290256776870773
CAUGGUCUCCACAG,0.00364101096114573,0.0359499030084324
CGGGCUCCCCACCG,0.00477076855399686,0.0197998880583086
AGGGCUCCCCACAC,0.0345575293240701,0.0378059466583575
CGGGGUGCCUACAC,0.00310899932444155,0.0312190131786502
AGGGCGGCCCGCAC,0.144226050424022,0.0142924916840113
AGGCGGGUUUACAG,0.0219744490971976,0.0
CAGGCGCCUUAGAC,0.00274581235779473,0.0279362531284335
AAUCGGGCUUACCC,0.00175123059775638,0.0541927038317419
AGUCCUGUCUGGCC,0.00370293589381336,0.0
AAGCGUGUCCAGAC,0.0106025911378982,0.0459859815310929
CAUGCGGUUCGCCC,0.00130046683347017,0.0
CAGGGGCCCUGGCG,0.00573305425664964,0.0
AAUCGUGUCCAGAG,0.0111452520983302,0.0
CGGCCUGCCUGCAG,0.00402762023480941,0.0
CAUCGUCUCCGCCG,0.00296584024722415,0.0453835191731971
CGUGCGCUUUGGCG,0.00531714148895181,0.0
CAGGGUCCCUGCAC,0.00403801051832856,0.053548654986807
AGGGGUGUCCGGCC,0.0217352609223335,0.0
CGUGCGGCUCACAC,0.00335720750096075,0.0663286670940558
AAUGCUGUUUGCCG,0.0125900947140271,0.0211060036633874
CAUCGUGUUCAGCC,0.00026767806517454,0.0664390855554898
CGUCCUCCCUGGAG,0.00406599592670187,0.0
CGGCGGCUUCGGAG,0.00948606305504028,0.0
CGGGCUGUUUACAC,0.00565005019779093,0.0179259176521536
CAUGCGGCUCGGAG,0.00532193689072756,0.0
AAUGGUCUUCACAG,0.0130280481148612,0.0476375124029636
CGGCGGGUUCGGAC,0.00326507144604588,0.0
AGGCGUCUCCAGAC,0.00829974079530119,0.0247538189138
CGGCCUGUUUAGCC,0.00158149444260134,0.0
CAGCGUGUCUGCAG,0.00590964313083852,0.0
AGUCGGGCCUGGAG,0.0151382967446284,0.0
CGGGGGCCUCACAC,0.00378227406582286,0.0
AGGCCGCUUUGCCG,0.0939785122649237,0.0199685945432889
AGUCCGCUCUAGCC,0.000889015867335282,0.0327013131646826
AGGCCUGCUCAGAC,0.012321879568217,0.023554593428767
AAUGGGGUCUACAG,0.0154591589304218,0.0832907651876545
AGUGCUCUCUACAC,0.0121259321560881,0.0463811962126711
AAUGCUCCUUGGAG,0.0149628650102629,0.0
AAGCGGGUUCGGAC,0.0201931045231055,0.0
CGUGCUCCCUAGAG,0.00516940746071391,0.0196128805285431
CGUGCUCCCCAGAC,0.00180460334840573,0.0307388923052074
CAUGGUGUCUACCG,0.00336640793731757,0.0
CAUCCGGCUCACAG,0.0034452864284575,0.0243360406926129
AAUGCUGCUCGGCG,0.0269853305899683,0.0382848870052435
AGUCCUGCCCGCCC,0.00847852095348849,0.0254398547741396
AAGGCUCCUUAGAG,0.0268360528797635,0.0280734323346897
AAUCCGGCUCAGAC,0.00679440868383497,0.0290375729142578
CAGGGGCUUUGCAC,0.00842424312985838,0.0
AAGGCUCCCCGGAC,0.0199965365698678,0.0184551832848127
CAGGCGGUUCACAC,0.00503189363877609,0.0353227073455698
CAGGCUCUCUGCCG,0.00784801753471346,0.0272202560874871
CAGGCUGUCCACCC,0.00134859448713383,0.0171202563938465
CGGCGUCCUCGCCG,0.00520912163866606,0.0268024395759339
AAGCGGGCCCAGCC,0.00219719104593629,0.0
AGGGCUGCCCGCAC,0.0321465243425057,0.0
CGGGGUGCCCAGCC,0.00226454246421503,0.0
AAGCCGGUUCAGCC,0.00840605496243304,0.0129746636879286
AAUGGUCCCCGGAG,0.0137926515484316,0.0
CGUCCUCUCCAGCG,0.00441139006831994,0.0341216499213007
AGUGGGGCCUACAC,0.0120671034785073,0.0120140727165495
AGUGCUCCUCACCC,0.00136576456430024,0.0396335166702048
AAUGGGCUUCGGCG,0.0135902188461072,0.0
AGUGGUGCCCAGCG,0.010513637283573,0.0
CGUCGUCCCUGCCG,0.00355504776600128,0.0
AAUGCGGCUUGCAC,0.0174438442999759,0.0505474814951924
AGUGCGGCCUGGCG,0.0178472327329599,0.107074954666432
AAUCGUGUUUACCG,0.0101204285820782,0.0420968814054564
AGUCGGGCCCACCC,0.003647148148771,0.0
CGGCGUCUCUAGCG,0.00486450506224255,0.0525519909827274
CAUGGUCUCUGGCC,0.000528231949451867,0.0
AGGCGUCCCCAGAG,0.0196819224365765,0.037386780004562
AAUCGUCCUUGGAG,0.00936874425400621,0.0
CGGCGGCCCUGCAC,0.00445885653770193,0.0305713014517109
CAGGCUGUCUGCCC,0.00153506714468139,0.165073142798572
CGUCCGGCUUACAG,0.00416558595909157,0.0438738721810189
AAUCGUCUUUACAG,0.0108436415005205,0.0257734555173527
CAUCGGGCUCAGAC,0.0034764265173301,0.0
CAUCGUGCUUGGAG,0.00495951108096475,0.0
AAGCGUCCUCGCCC,0.0130473291514611,0.105478268215407
AGUCCUCUCCAGAC,0.00553271828422467,0.0319340437085311
CGUGCGCUUUAGAC,0.00208010561842405,0.0209351026390434
AGGCGUGCCCGCCC,0.0122232873103162,0.0233840196842257
AGUGGGGUUCAGAC,0.00577337956604615,0.0186840062254473
AGGCGUGUCCAGAG,0.0591811867731347,0.0
CAUCGGGUCCGGAG,0.006505593482723,0.0
AAGCCGGCCCACCC,0.00289495305108538,0.0502791804155139
CAUCGUGUUCGGCC,0.000524851264975375,0.064291007431809
CGGGCUGCUCGCAG,0.00876742191450693,0.0407230741434762
CGUGGUCUUUACCC,0.00136116676183416,0.0238071560862822
CGUCGGCUUCACAC,0.00347442512037136,0.0152987033669845
AGUGGGCCCCACAG,0.0147691322631671,0.0288973041825017
AGUCCUCUCCACAC,0.00849267611792206,0.0227988742660236
CGGGCUCUCUACAG,0.00491300226918561,0.0324360589887477
AAUCGUGCCUGGAG,0.0183626631428205,0.0
CAGGGUGUUUAGCC,0.00132469332211807,0.0255040926678386
CAUCCUCCUUGGCC,0.00071844686069001,0.0
CAUGGUGCCCGCCG,0.00239435998544589,0.0
AAUCGGGCUCACCC,0.00397305887694869,0.0525473196120343
AAUGGGGUCCACAG,0.0164067323407809,0.0331818399173225
AAUGGGGUCUACCC,0.111955628106962,0.0244665852372574
CGGCGUCUUCGGCG,0.0032306185817613,0.0
AGGGGUGUUCACAG,0.0138937287169781,0.0298072200018476
CAUCCGGUCCAGAG,0.00480431941346751,0.0
AAUGGUCCUCGGCG,0.0116642542302906,0.037433681698411
AAGCCGCUUUAGAG,0.0237179575381482,0.0400766496428054
CAGCCGCCUUGGAG,0.00493896872737496,0.0
AGUCCUCCUCACAG,0.0109526125761045,0.0303228875190612
AGGGGGCUCUACAC,0.382142046314514,0.0267672276214458
AAUGGGCUCCGCCC,0.0164147693283458,0.0281199019768469
AAUCGUCCCUGGAC,0.00486392927896005,0.0293247960361252
CAGGGGCUCUGGCG,0.00267256813344296,0.0
AAGGGGCUUCGGAG,0.0993064059697932,0.0
AAUCCUGUUUGCCC,0.00402680395924718,0.0
CGGGGGGCUUAGCC,0.000479995428452717,0.0145678405158781
CGGGCUGUUCGCCC,0.00360951100585534,0.0
AGUGGUCUCUACAG,0.0142312270488528,0.0252584853478855
AGGCCUGUCCACAC,0.0147055698339365,0.0207797988206206
AAGGCUGUCUAGAC,0.0141048973680292,0.022479705726357
CAGCCGCCUUGGAC,0.00252917457397554,0.0527794797459898
AAGCCUCUUUGCCG,0.021026750300801,0.0318586263838846
AGGCGUCUCCGCCC,0.0129149158511276,0.0
AAUGGGGUUCAGAG,0.0166240526509047,0.048564181089547
AGUCGGGUUCGCAC,0.00968805948373074,0.0
AGUCCGGCUCGGCG,0.0165256217055691,0.0
AGGCCUGUUUACAC,0.0156656875196074,0.0209711945533697
AGGGCGCUUUAGCC,0.03132127692098,0.0332139914302169
CGGGCGGUCUGCAG,0.00851509902516411,0.0
CAUCGUCUCCAGAG,0.00586846311182329,0.0
CGGGCUGCUUACCC,0.00130737407489337,0.0247314571217772
CGUCGGCCCUACCC,0.000351608498315689,0.0222981866965351
AAUCCGGUCCGCAC,0.00853775309639833,0.0193130165713666
AGGGGGCCCUGGAC,0.0229928623895731,0.0
CAGGCGGUUUGCCC,0.00469450946585753,0.0
AAUCCGCCUUGCCC,0.00478288080745281,0.0204860529650525
CAGCCGCCCCGGAG,0.00613520202896213,0.0490942908846296
CGUGCUGUUUACCC,0.00148816560329546,0.0434448874897625
CGGCGUCCCUAGAG,0.00618031380858685,0.0457584027133535
AAUCCGGUCCGGAC,0.00639860303802921,0.0
AAUGCUCCCUGCCG,0.0195330444318758,0.0306064836016606
AAUGGGGCUCAGAC,0.0085913153492993,0.0
CGUGCGGCCCAGCC,0.000329957917433815,0.0364581068874127
CAGCCGCUCCACCG,0.00515635649118784,0.0244886214905704
CGUGGGGCCUACAC,0.0034804925132568,0.0
AAGCGGCCUCGGAG,0.0488244790878361,0.0
AAUCCUGUUCGGCG,0.00765874181769978,0.0714585853245279
CAGGGGCCUUGCAC,0.0113552177152983,0.0
AGGCGGCCCUGGAG,0.0131082462230511,0.0
CAUGGGGCCCACCC,0.00385573631751927,0.0508404085077558
CAGGCGCCUCAGAC,0.0025949394516823,0.0526992111876318
AAGGCUGCUCAGCC,0.00473368099893104,0.0235871055567334
AGGCGUGUCUACCG,0.0258698091279785,0.0312637515780796
CAUCGUCUCUGGCC,0.000363547871093344,0.0558305349618072
AGGCGUGCUCGGCG,0.0150477205774288,0.0
CGGGCGCCUCGCCC,0.00370130214163279,0.0
CAGGCUGCCCACAG,0.00622592498060594,0.0268206239852027
CGUGGUGUUUACCG,0.00296655062812168,0.0
CGUCCGCUCCGCAC,0.00526034343249949,0.0532295392791299
CAGGGUCUCUAGCC,0.000904300853500589,0.0
AAUGGGCUUCACAC,0.0392137323908014,0.0
AGUGGGCUCCAGCG,0.0133318197870944,0.0231220353548247
CGUCGUGCCUACCG,0.00403346795928826,0.0441096429570652
CGGCCGCUCCGCCC,0.00268154111529594,0.094933904267114
CAUCCUCCCUACCG,0.00351227427078189,0.0682380297355294
CGGGCGGCUUAGCC,0.000743095807293791,0.0330632981085838
AGGCGGGUUCGCCC,0.0181546718127238,0.0
AGGGGUCUUCACCC,0.0195032740257135,0.026295716770689
CGGGCGCUCUGGCG,0.00767660030961314,0.0
AAUCCGCCUUGCAC,0.00584328536435088,0.0357312274850184
CAGCGGCUCCAGAC,0.00187601014898948,0.0240135312516075
CGGGCUCUUUACCC,0.00254775223202527,0.0269254073587384
CGUCGUGUUCACAG,0.00517265394849117,0.0436221880627858
AAGGCGCCCUACCC,0.0204637769378954,0.02845662599716
AGUCGUGCUUACCG,0.0119360259051333,0.0321134014342505
AGGCGUCCUCAGCG,0.0150668005274425,0.0
AGGCCUCUUUAGCG,0.016356520165829,0.0346448953696463
AGUGGUCUCCGCCG,0.0139360017252448,0.0
CAUCCGGCCUGCCC,0.00189630423688546,0.0312915527871084
CGUGCUCCUUAGCC,0.000314439590119041,0.028445762859529
CAGGGUCUUCACAC,0.00540113384418048,0.0250880464300281
AGGCCUGCCCACAC,0.016560071615316,0.0213044512942307
CAUGGGGUCCAGAC,0.00103995665048336,0.0
CAUCCUCCUUACAG,0.00351331352542189,0.0144314701518533
CGGGGUCUUCAGCG,0.00628331903872996,0.0
AGGCCGGCUCGCAC,0.0254688738402248,0.0
AGGGCUCUUCGCAC,0.0378250851449587,0.0162311759000907
CGUGGUCCUCACCG,0.00327000730613061,0.119468384074284
CAUGGUGCCUACCG,0.00305477342829006,0.0997058404873289
CGGCCUCUUUGCAG,0.00635010264948209,0.0
AGGGCGCCUCGCAG,1.24349705224074,0.0239323464269807
AAUCGGCCUUAGAC,0.00417875569532633,0.0
CGGGGUGCUCGGAG,0.0112570001513546,0.0
CAGCCGCUUCGCCC,0.00252342130069476,0.0425773409552739
CGGCGUCUUUGGAC,0.00236836843029788,0.0
AAGGGUGCUUGGCG,0.0285917547912401,0.0182695018574999
AGGCCGGCUCACCC,0.00358011224099641,0.0211441933612358
AGGCGGCCCUGGCG,0.0161344475533904,0.0
AAUGGUGUCUAGAG,0.0131744055919698,0.0
AGGGGUCCCUGGCG,0.031602429371743,0.0
CGUCGUCUCUGCCC,0.00350494306594355,0.0426326562583353
CAGGGGGUCCGCAC,0.00438706213355646,0.0
AGGGCUGUUUGCAG,0.0302995904252147,0.0380441446516065
AAUGCUGUCCACCG,0.0124189324644245,0.0273966960047723
CGUGCGCUCCAGAG,0.00460904758606477,0.0402896038093657
AAUGGUCCUUGCAC,0.00941138992024219,0.0364443438297076
CGGGCUCUUUGGAG,0.00577724986454857,0.0
AAGCGGCUUUACAG,0.0268664881265841,0.0
AAUGGUGCUUAGAC,0.00533149153505562,0.0255921032812216
CGUCCUGCUUAGAG,0.00450549594442782,0.055340537325334
CAUGCUCCCUACAG,0.00346975391365,0.0204690962742584
CAGGGGGCUUGCCG,0.0114866438462624,0.0
CAGCGGGCUUAGCC,0.000657738154224299,0.0445584429069156
AAGGGUCCCUGCAG,0.0256880082323386,0.0335550478058465
AAUCCUCCUUGGCG,0.0140903380856146,0.0179604946698254
CGUCGGCCUCGGAG,0.00431063904296393,0.0
CAUGGGGUCCACAG,0.00316806001952771,0.0
AGGGCGGCCCACAC,0.136531451684887,0.0377918425310041
CAUGGUCCCUGGAC,0.00187012377493262,0.0
CGGCCGGCCUGCAC,0.00541257296279966,0.0364901395450633
CGGGCUCUCCACAG,0.0058167659374935,0.045965809905764
CAGGGGCUCCACAG,0.00584494794300462,0.0196984749031683
AGGGCGGCCUGGCC,0.0480666011901408,0.0370310718522783
CGGCGUCCUUACCG,0.00315882705772216,0.0
CGGCCUGCUCGCAC,0.0059847342576822,0.0299315687653742
CGGGGUGUUUGCAC,0.00521175716694264,0.0727205848538026
CAUCCUCUUUGGAC,0.00255839705193005,0.0451183482365446
CGGGGUCUUUGCAG,0.0041951221003741,0.0
AAUCCGCCCUGGAC,0.00573618194582403,0.0985008160298316
AGGCCUCUUUGGAC,0.00895634128762113,0.0462873047495671
CAGGCUGUUCAGAG,0.00674216051845838,0.0
CAGCCGCCCCAGCG,0.00398637410391449,0.0
CGUGGUGUCCGCCG,0.00294753427794142,0.0
CAUGCGGUCCAGCC,0.000261030817396405,0.0593494442743385
CGGCGGGUCUGCAC,0.00380641843840117,0.0399528304786252
AGUGGUGCUCGCAG,0.0170408652586278,0.0884846729866391
AGGCGUGCUUACCG,0.0116059358319667,0.0228008740499792
CGUGCUCCUUACAC,0.00329903430935501,0.0198238980190952
CAGGCGCCCCAGCC,0.000358084796965373,0.0380775520774687
CAGGCUCUCCACAG,0.00587801585055814,0.0265448485416459
CGUGCGCUCCGGCG,0.00598094884701953,0.0
AAGGCUCCCCGGCC,0.00964978620849731,0.0217750617622717
AAUCGUGCUCACCG,0.0120115733489146,0.0339264482204545
AGUCGUCUCUGCCG,0.00987695010531169,0.0
CGUCGGCUUCGCCC,0.00224036375561273,0.0
AAUGCGCCCCAGAG,0.0266627150695055,0.0
CAUGGUCCCCGGAC,0.00231956362085501,0.0676297047294895
AAUCGGGUUCGCAC,0.00691606545246624,0.0305931632521263
AGGGCGGCUCGCAG,1.23516561939031,0.0
CAUCCUCCCCGCCG,0.00458223794251426,0.0162360933614156
CAUCCUCCCUACAG,0.00353692657720331,0.0510039772018759
CGUCGUCUCCACAC,0.003641733297963,0.0282782871236658
CAGCGGGCCCGCAG,0.00607899718877395,0.0
AAGCCUCUCCGCAG,0.0223493510159167,0.0292615226650657
AGGCCUGUCCGCCC,0.0142263827291999,0.0388322139433547
CGGCCUCCUUAGAG,0.00546274928399437,0.0288139415267558
CAUCCGCUCCGCAC,0.00389533863287692,0.0235707579035912
AAUGGUGCCCAGCG,0.00972746574802226,0.0277465751889131
CGUGGGCUCCACAG,0.00335886620031894,0.0
CGGGGGGCCUACCG,0.00498170749419425,0.0
CGUGCGCCCCGCCC,0.00234834969132861,0.0369667036778314
CGUCGGCUUCAGCC,0.000269150888952426,0.027538524251558
AGUCGGGUUUGCCG,0.0109158789346469,0.0
AAUGCUCCUUAGAC,0.0058849877132039,0.0307339041025194
AGGCCUCCCUGCCG,0.0298504952659637,0.0141485935993221
CGGCGUCUCUAGAC,0.00244582631573862,0.0
AAGGGUCUCUGGAG,0.0196573852105375,0.0257599004951187
CAUCCUGCUCAGCG,0.00514290399071691,0.0285364289957975
AAUCGUCCCUGGCC,0.00200501603376455,0.0
AGUGCUCCUUAGCG,0.0124323249931433,0.0195469131298282
AAUGCUCCCCAGCC,0.00215173502231474,0.0403505591993285
AAUGCGGUUUGCCG,1.502237640519,0.0346706605577542
CGUCCGGUUCAGCC,0.000327030058032846,0.0323134752317602
CGUCGGGCCCGCCG,0.00573488578634635,0.0
CGUCGGCCUUACAG,0.00366287437535391,0.0
AGUCGGCUUUGGAC,0.00467013445905536,0.0
CGUCGUGCUUACAG,0.00324862648912898,0.0397706892282703
AAGGGUCUCCGGAC,0.0159800379139151,0.0145181897186547
AAGGGUGCUCGCAC,0.0296246447023171,0.0434821783894099
CGGGCGGUUCAGAG,0.00798579874143245,0.106121388741334
AAUGGGGUCCGGCG,0.0140690070439375,0.0
AAUCGGGUUCGCCC,0.00571328757619993,0.069915226310688
CAGCCUGCUCGGAG,0.00711068362923433,0.0
CAUGCGGUCUAGAG,0.0039629493123763,0.0
CAUGCUCCUCAGCG,0.00318817523681692,0.0191399060509573
AAUGCUCCCUACAG,0.0123467236491003,0.0510800448050672
CAUCGUGUUCGGAC,0.00177057638840596,0.99143445780728
CGGGGGCCCUAGAC,0.00208419939353903,0.0
AGGCCGCCUUACCC,0.00238888368560625,0.0341115242605809
AGGCCUGUUCAGCC,0.00694417281863691,0.0328439552416155
AAUCGUCCCUAGCG,0.00762083807976123,0.0238053383657746
AAUCGGCCCUGGAG,0.00935334848425979,0.0483613051973878
AAUCGGGUCUGGCC,0.00140672898035503,0.0369459944961824
CGGGGUGCCUACCG,0.00497112197647203,0.0877564058327368
CGUCGGCUCCAGCC,0.000381183595955807,0.0282536040561393
AAUCCGGCUCGGAG,0.00914171417520138,0.0
CAUCGGGUUCGCCC,0.00225537518133264,0.0
CAUCCGCCCUAGCC,0.000278890687697842,0.0339720583870794
CGUGCGCCUUGGAC,0.00231123305651698,0.0
CGGCCGGCCUGCAG,0.00518055716308015,0.0
AAGGGGGCCCAGAG,0.0267003444876589,0.0
AGGGCGCCCCACCC,0.0235388147726378,0.0320568540920841
AAUGCUGCCUACAG,0.0160637082049633,0.0307944145954823
AAGCCGCCCCGCAC,0.0410870024146276,0.0253999298316735
CGUGCGCCUUACCG,0.00567880863080176,0.0
CGUGCGCUCUGGCG,0.00272660903320008,0.0220528911086507
CAUGCGGUCUGCAG,0.00396020108123041,0.0
CGUGCGCCUUGCCC,0.00277360424580483,0.0
CGGCGUGUUUACCG,0.00606443292467585,0.0
CAUCGUGCCUGGAG,0.00531200525696721,0.0
AAUCGGCUCCAGCC,0.000810855671837953,0.038664491551417
CAGCGGGUUUGGAC,0.00417499922175814,0.0
AAUGGUGUCCGGAG,0.0181640930227979,0.0
AGGGGGCUUUGGAC,0.0378603799636567,0.0
AGUGCUCUUUGGAG,0.0161911346131207,0.0
CAGCGUGUCUGCCG,0.00389014676276532,0.0394600907397637
CAGGCGGUCCGGAG,0.00732481636573256,0.0
AGGGGGGUCUGGCC,0.014941610940646,0.0
AGGCGGGUCUGCAC,0.0192457140530555,0.0
AGGGGGGCUCGGAG,0.0496556247379564,0.0
CGUGGUGCCUGCCG,0.00340065113869611,0.0
CAUGGGGCUCGCAG,0.00360739346767301,0.0
AGGCGUGCUCGGAG,0.0278832762526941,0.0
AAGGCUCUUCGCCC,0.0236519967899552,0.0370074643953581
CGUGGUGCCUAGCC,0.00067945064852166,0.0328359605290412
AAUGCUCCUCGGCG,0.0202350375966422,0.0126424483039045
AAGGCGGUUUAGCG,0.130967099359492,0.0
CGGCCGGUCCGCAG,0.00714169595658925,0.0
CAUGGGGUUCGCAG,0.00488890495306124,0.0641738112396842
CGUCGUGUUCGGCC,0.000598094884701953,0.0287844186007424
CAGGGUGUUUGCAG,0.00709900910445787,0.0
AGGGCGGCUCGGCC,0.0374466930416113,0.0
AAGGGUCCCCGCCC,0.0186803470003903,0.0191238123459835
CAGCGUGUCUGGAG,0.00477291561455222,0.0
AGGCGUCCUUGGCG,0.0151438152925638,0.0304202365369708
CGUGCGCUCUACCC,0.00102683087124683,0.0452437661221371
AAUGCUGCCUGCAC,0.00958842897955999,0.0339887120802492
AGGCCUGCCCGCAG,0.0309788229655415,0.0178127347931307
AGUCGGCUUCACCC,0.00133867484212711,0.0407956441895589
AGUCGGCCCCGGCG,0.0145762118127048,0.0
AGGCGGGUUCGGAC,0.0200391993187513,0.0
CGUCCGGCUUGGAG,0.00576829288801439,0.0
AGUCGUGCUCAGCC,0.00113575021609223,0.0
AGUGCGGUCUACCC,0.00590691226641421,0.0295585346839245
CGGGGUCUUUGGCC,0.00129761635819589,0.0
CGGCCGCUUUGGAC,0.00253065774334893,0.0344549408088817
CGUCCGCCCCAGCG,0.00251442424912088,0.0
AAUCGGCCCCGCCC,0.0173893301570797,0.0
CAUGCUGCUUGGAG,0.00334281124238031,0.0
AGUGCGCCUUAGCG,0.0179073946127464,0.0290038202074603
CGGGCGGUUCACCG,0.017843675252484,0.0320317412416992
AAGGCGCCUUAGCC,0.0134529067285884,0.0435337647596488
AAGCCGGCCUACAG,0.0156501494830344,0.038985727503122
AAGCGGGUCCGCCG,0.0200531458682871,0.0
CGGCGUCCUCGGAC,0.00296763967020249,0.0
AGUGGGCUCCGCAC,0.0178799452964999,0.0
CGUCCGGUUUGCCC,0.00138656420282839,0.0456091717904992
AGUGGUCUUUACAC,0.0126358178424169,0.0453075458277613
AAGGGUCUCUGCAC,0.0214493243945073,0.0190285054840248
AGGCGUGUCUACAC,0.0170435085646492,0.0830055418396465
AAGGCGGUCUAGCG,0.0915961306608948,0.0202807815704092
AGGGGGCUCCGGAC,0.0228114586926381,0.0
CAGGCGGCCCGGAG,0.00818473990866907,0.0
CAGCCUCCCCACCC,0.00151497497528114,0.032934958469668
CGUCCGGCCCGCAG,0.00425478890339898,0.0
AGUGGUCUCUGGAC,0.0069403523999341,0.0
AGUCGGGUUCGGCC,0.00158067933814087,0.0450936598393958
CGUCCUCUCCACAG,0.00526323498537719,0.0171394021860969
CAGGGUCCCCGGAC,0.00200741650560237,0.030074332253386
CAUGGUGUUCAGAG,0.00472144145033673,0.0
AGUCCGGUUCAGAC,0.00509852372032583,0.0199563917236199
AGGCCUCUCCAGAC,0.0126767562007331,0.0596363184147528
CGGCCGGCCCACCC,0.00124677725374171,0.028462615014323
AGUCGUCUCCAGAG,0.00731980916704505,0.056584956269261
AAUCGGCCUCGCCC,0.0147120298096535,0.0
CAUGCGGCUUGCAG,0.00439303386934687,0.0
AGGCCUCCCUAGAG,0.0174632354591386,0.0499773983993763
AGUGGGCCUCGCAG,0.0166905480698962,0.0
AAUGGUGCCUGGCG,0.00950817509013361,0.0
CGUCCUGUUUGCCC,0.00143758078205966,0.0
CAGGCUGCUCAGAG,0.0050410854567736,0.0269948524177793
AGUGCUGUUCACAG,0.0114222553635139,0.0137040172622405
CGUCCUGUCUGGAC,0.00285403195811818,0.0
CGGGCUCCUUGCCC,0.00351429608723566,0.0
AAUGCGGCUCGGCG,0.0433678430499983,0.0422181844398648
AAGGGUGCUUGCAC,0.0236510710250683,0.0249597868331945
AGGCCUCCCCGCAC,0.0163981318935862,0.020505895338154
AAUCGUGUUCGCAG,0.0109398658220962,0.0
CAGCGGCCCCGCAC,0.00424223630763627,0.052087049701793
AGGCGUGUCCGGAG,0.0128073972900836,0.0
AGGGCGCUUCAGAG,0.174185964381211,0.0
AAUCGGGUCUGCCC,0.00518448251384777,0.0
CAUGGGCUCCGGCC,0.000973728774290792,0.0
CAUCCUCCCCGGAC,0.00205427686706917,0.0
CAUCCGCUCUAGCC,0.000240248559676744,0.0335832261758099
CGUGCUCUUCACCC,0.00120973688139681,0.0670277979366158
AAUGCGCCCUGGAG,0.045768657260257,0.203907253546216
AAGCGGGCCCGGCC,0.00857676202007971,0.0497900739035008
CAUCGUCUCCGCAG,0.00263916103177492,0.0408556672068137
AAUCGGCCUUACAG,0.0116377243545548,0.0208257671027206
CAUGGGGUCCGGAG,0.00250744160234095,0.0
CAGCCGGUCCAGAG,0.00918383079967579,0.0
CAGGCUGCCUGCAC,0.00318379802260534,0.0336936732528187
AAGCGGCUCUACCG,0.0162935545862744,0.0285530583739041
AAUGCGGUCUGGAC,0.0125551130167446,0.0
AGUGCUGCUCAGCC,0.00130400238159899,0.0232966421432451
CGGCCGGCCCGGCC,0.00287518946747301,0.0
CAUGCUGUUUGGAC,0.00144962334358477,0.0271224951131889
AAGCCGCCCUAGCG,0.0236983067418916,0.0139904042692414
AGGGGUCCCCACCG,0.0312185082126053,0.0378537264839461
CAUGGUCUCCGCCG,0.00368441784742677,0.0
CGGCGGGUCCAGAG,0.00439860171962487,0.0
CGUCCGCUUCGCAG,0.00591160451256133,0.0
CGGGGGCUUUGGAG,0.00354193422948252,0.0
AGUCGUGUCUACAC,0.00746233585107258,0.0325605322644904
AAUCGUGCUUGGCC,0.00172632458880968,0.0
CGUGGGCCCUACCG,0.00385577786864075,0.0427994278006972
CGUGGGCUUUAGCG,0.00335007664390689,0.0
AGGGGGGUCUAGCC,0.00791421693873236,0.0305206726861029
AAGCGGCCUUACCG,0.0212032304509979,0.0
AAGGGUCCCCACAC,0.020059182286927,0.0572877679549583
CAGGGGCUUCACAG,0.00456264777815136,0.0249562726653402
AGGGCGGCUCAGAG,0.156698336184803,0.0225279301361695
AGUCGGCCUUACCC,0.0013148773696299,0.0200842442071878
AAUGGUCUCUACCC,0.0108470813783361,0.0455358279245394
AAGCCUGCUCACCC,0.00562982178521721,0.0256331151176823
CAUGGUGUUUGCAG,0.00280234817301119,0.0
CAUCCGCUUCGGAC,0.00228196202163206,0.0260640306201808
CAUCCUCUCCACAG,0.00452867822180933,0.0455330875379995
AAUGCGCUCUAGAG,0.0222636472265704,0.0258098357018929
CGUGGGCCCCAGAC,0.00150692836690852,0.0225400902317068
AGGGCGGCUUACAC,0.159316963998201,0.0206671066102551
CAGCGUCCCCAGAC,0.00225354165477423,0.0334641108492303
CAUGGUGCUUAGAG,0.00391121308659361,0.0
CAUGGGGUUCACAC,0.00267027298905355,0.0231473952590089
AAGCGGGUCUGGAG,0.0290254023510418,0.0
CGUGGGGUCCGGCC,0.00109872245485988,0.0
AGGCGGCCCUACCG,0.0220584604551158,0.0
CGGCGUCUCCAGAG,0.00505251931796881,0.23821054705651
AAGCGGCUUUGCAG,0.0228671610917713,0.0196117495379808
CGUCCUCCCUACAG,0.00388631086653496,0.021198239252206
CGGGCUGCUUGCCG,0.00739214004556466,0.0219387629182395
AGGGCUCUUCACCG,0.0323544849207424,0.0731392806876317
AGUCGUGUCUACCC,0.00793575505468781,0.0199610706613723
CGGCCGGCUUACCG,0.00548065564157702,0.0411690262533692
CGUCGGGUCCACCG,0.00483853515277523,0.0
CAGGCGGCCUACCC,0.000716966495525019,0.017937368315822
CAGCGGCCUCGGAG,0.0149628650102629,0.0
AGUCCUCCCUGGAG,0.0111821779502821,0.0
CGGGGUCUUUACAG,0.00549834814694968,0.0374885169212295
CAGGCGGCCCGCCG,0.0316447713363719,0.0
AAUGGUCUCUGCCC,0.00834510612266536,0.0
AAGCGGGCCUAGCC,0.00220655753671505,0.0351967664831467
AAUGGGCUUUGGAG,0.019367022974433,0.0
AAGGCUCCCUACCG,0.031657313938006,0.0259311873502603
CAGGGGCUCCAGAC,0.001826885213859,0.0741937128133492
CGGCCGCCUUAGCG,0.00350613956448677,0.0
AAUGGUGCUUACCC,0.00581796675622544,0.0459670159150752
AGUCGGCUUUGGAG,0.0201595950422952,0.0
AGUGCUGCUUACCC,0.00136876229744142,0.0296115858953911
AAUGGUCUCCACCG,0.0155934071478191,0.014671137749373
AAGGGGCCUUACAG,0.0453550013360315,0.016238534733026
CGGGCGGUUCACAG,0.00890149675415867,0.0
CAUGCUCCUCGCAG,0.00499399970291383,0.0364936986273997
CAUGCGGCUUGGCC,0.0014374295435955,0.0
AGUGGGCUCUGGAC,0.00965550623769639,0.0382831825975445
AGGGGUGCCUGCCG,0.0275690468912452,0.0
CGGGCUCUCUGCCG,0.00366162427700522,0.0
CAGCGUGUUUGCCC,0.00220452430698046,0.0
CGGGGUCCUCGGAG,0.00545927719758505,0.0
AAUCCGGCUCGGAC,0.00789943558063055,0.0188969234535084
CAGGGUGUUCGGCG,0.00453223012629702,0.0
AGGCCGGCUUACCC,0.00257280031850674,0.0545702895444772
CGUCCUGUCUGGCC,0.000655832858096173,0.0273109234031837
AAUGCGCCUUAGCG,0.0421886930208993,0.0245693396751269
CAGGCUCCCUACAG,0.00528003187583994,0.0403309121499867
AAGGGUCCCCAGCC,0.00902732531983859,0.0
CGUCCUGCUUACAC,0.00299785831097522,0.0297051206145253
CAUCCGCUUUGCCC,0.001015976024,0.112905081816665
CGUGCGCCUCGGAC,0.00240771530508222,0.0
AGUCGUCUCUAGAG,0.0113071650361645,0.0
CGUGGGGUCCGGAC,0.00278785894626472,0.0379829518862641
AGUCCGCUUUACAG,0.0104620998459084,0.0263297568563995
CAUCCUGCUUGCCC,0.00146949876315625,0.0300123871993069
CAUGGGCCCUGCAC,0.00267755072673152,0.0322031478553244
CGUCGGCCUCACAC,0.00291959629593956,0.0351902569885206
AGGGGGGUUUAGCC,0.0117578473044678,0.0243357213192282
AGUGCUCCCUACAG,0.0144165279249281,0.0294378153975279
AGGCCUCCCCGCCG,0.0269025424609074,0.0372375542235511
AAGGCUGCUUGGCC,0.011229192215208,0.0277141442729158
AGUCGGGCUCGCAC,0.00553653112019238,0.0
CGUCCGCUCUGCAC,0.003747476343593,0.0309029168195462
CAGCCGGCCUACAG,0.00559592883528207,0.0194728898850614
CAUCCUCUCCGCAG,0.00598306975086599,0.0357617510426687
AGGGCGCUCUGCCC,0.145330545061719,0.0276372870214599
CGUGCUCUUUGGCG,0.00321940301055664,0.0
CGGCCGGCUCGGAG,0.00489902923851396,0.0
CGUGGGCUCUAGAC,0.00159227208348718,0.0
AAGCCUGCCCACCC,0.0160082515799254,0.0298506214483748
CGUGCGGCUUAGCG,0.00595019574124585,0.0
CGGCGUGUUUGCCG,0.00365200361416495,0.0
AAUCGUGUUUGGAG,0.00946441361482338,0.0
AAUCGUCUUUAGAG,0.0110144206489666,0.0987818163634525
CAGGGGGUCCGCCC,0.00427642566850085,0.0
CAGCCUCCUCGCAG,0.00603877990457341,0.0172680023833288
CAUCGUGCCCGGAG,0.00447931000805836,0.0
AAGGGGCCCCGCAC,0.077677446650056,0.0282185241852744
AGUGGUGUCCGGAG,0.0125923893849957,0.0
CGGGCUCUUUGGCC,0.0012374453822562,0.0
CGGGCGGUUUGCAG,0.00610629807435228,0.0
AAUCGGGCUUGCAC,0.00818189271250418,0.0196569142907074
AAGGCUGUCUAGAG,0.0320252624626773,0.042412138486201
CGGGCGCCUCAGCC,0.000500518371822174,0.0562540455472225
AAGGCGGUUUAGAC,0.0613682271141531,0.0169997514086195
AGGGCUGUUCGCCG,0.0462587124460894,0.0
AGUGGGCCUUAGAG,0.0108710135197194,0.0
CAUGCUGUCCGCCC,0.00136624246863442,0.0
CGUGCGCUCUGCAG,0.00332786128154676,0.0
AAGGGGGUUUAGAC,0.023972126287852,0.0123411827248307
AGUGGUGCCCGCCG,0.00805705831590642,0.0
AGGCCUGUCUGCCC,0.0210057094327565,0.0261453996139114
AGUCGGGCCCGGAC,0.00516833260016327,0.0324942574394701
AGUGCUGCCUAGAG,0.0218714438670545,0.0
AAGCGUCCUUGGAC,0.00713516704556716,0.0256310455937505
CGGGCUCUCCGCCC,0.00274680613714971,0.0
CAUCGGCCUUACCC,0.000415782764633425,0.0247200383896822
CAGCCGCCCCGCCG,0.0263984407660456,0.0334072622360996
AGGGGUCCCUACCC,0.0217839082868597,0.0235947055199889
AAGCGUGUUUACAG,0.022788317582279,0.0
CGGGGGCUCCAGCG,0.00545321806640016,0.0
AGUGGUGUCCACAG,0.00910068187198503,0.0292863188283168
CGGGGGCUCUGCCG,0.0062354951818778,0.0
AGGGGGCCUUAGCC,0.00456436019808478,0.0302916083355506
AAUCCUCCCCGGAG,0.012838076752601,0.0
AGGGCUGCUCGGCG,0.0393368622141136,0.0
CGGCGUCUCUGCAC,0.0048774368435334,0.0273460327959716
CAUCCGCUUCGGCC,0.000557606357344199,0.0191914860260698
CGUGGUGCCUGGCG,0.00385609323099863,0.0
CAUCGGCUUUACCC,0.000469390922171153,0.0396380794180945
CAUCGGGUCUACCG,0.00295518453376106,0.0
CAGGCUGCCCACCC,0.00143177938330013,0.0
CAUCCGCCUCAGCG,0.00502150496947681,0.0645409427482638
CAUGCGGUCCAGAC,0.000991070206636763,0.0333272194619357
CGGCGUGUCUGGCC,0.0010151240072075,1.23899069539669
CAGGGGCUCCAGCG,0.00437876484414048,0.0
AGGCGUCCCUAGAG,0.0268154111529594,0.027983152978173
CAGCGGGCCUGGAG,0.0119084095336185,0.0463107546242033
AAUCCUCCUCGGCG,0.0187248793367304,0.0
CGGCCGCCCUGGAG,0.00463523535644014,0.0
CGGCCGGUCCGGAG,0.00692944275508222,0.0
AAUGGGCCUCGCCC,0.640831984724825,0.0120977277010394
CAUGGGGUCUACCC,0.00218378155157614,0.0314068832581826
CAUGCUCUUCGGAC,0.00188537616869338,0.0243206960006252
AGUGGUGCUCAGCG,0.0159261932759738,0.0
CAGCCUGUUCACAG,0.00620372408816483,0.0247094988998923
AGGGGUGUUUGCCG,0.0236737444193326,0.0
CAGGGGGUCUACCG,0.00884310858781842,0.0
AGGGGGGUCCACAC,0.0459001354808462,0.0133654723917254
CGGGGUGCCCAGCG,0.00618031380858685,0.0286155029486498
AGGCGGCUUCAGAG,0.0153497990017189,0.0336165464818611
AAUGCGGCCUACCG,0.0491450622105275,0.02314339681244
AAUGGUCUCUACAG,0.00978989879650795,0.0227552874806081
CGUCGGGCUUGGCC,0.000860146767174458,0.0
CGGCCGCUUCGCAG,0.00498892801416047,0.0
AGGGCGCCCUGGCG,0.218969955520513,0.0
CAUCGUGUCCGCAC,0.00295075132966364,0.0724042134847203
AAGGGGGUCUGCAC,0.0468879807611455,0.0
AGUGGUGUCCACAC,0.0120303818411423,0.0349334481690448
CAGGCUCUCCAGCC,0.000635246739656977,0.0550212435778927
CAGGCUCCUUAGCG,0.00570364066909478,0.0226755689609836
CGUCGUGCUCGCCC,0.00287994214889931,0.0
CAGGCUCUUCGGCC,0.000795234267967403,0.0
AGGCGUCCCUACAG,0.0138921922636165,0.0290854657259453
CGUCCUGCUCACCG,0.00529164123480312,0.0377344983795267
CAUGGGCUCUGGAC,0.00165575742436352,0.0
AGGCGUCCCUGCAG,0.0129635850619138,0.0
AAUGCUCCUCGCCG,0.0163586742858013,0.0129979785627993
AAUGGGCCCCAGAG,0.0128557356294638,0.0
CGUGCGCUCCGCAC,0.00423906139435123,0.0226793873380628
AAGGCGCUCUGGAG,0.13280907921518,0.0
AGUCCUCCUUAGCG,0.00886979317466816,0.0269687803814891
CAUGGGCCUCAGCC,0.000408070404009983,0.0752568110334798
CAGCGGGUCUACCC,0.00325516528267802,0.0219827765349915
CAUGCGGCCCACCC,0.000535145980203855,0.0281805897793149
CAUGGUGCUUGCCG,0.00281676500659454,0.0469796146682584
AGUCCUCCCCGCCG,0.0112763620367198,0.0169964902389525
CGGGGGGUUUACAG,0.00381194537828897,0.0
CAGGGGGCUUAGCC,0.000604318010617744,0.0356796799420362
CGGCGGCCCCGCCG,0.00618031380858685,0.0
CAGGGUGCCUGCCG,0.00587348971879885,0.0387787995735104
CAUCCUCUCCACAC,0.00300710356766274,0.0313303167329062
CAUGCUCUUCGCAG,0.00496197237678657,0.0
AGUGCUGUUUGCCG,0.0182430949771539,0.0357866239789384
AAUGCUCUCUAGAG,0.0107714040663942,0.0182128292538573
AAGCGUCCCUGGAC,0.00740572085684114,0.0405144314730423
CAGGCUCCCUGGAG,0.00731879266806337,0.0
CGUCCUCUUUAGAC,0.00163694798173381,0.0380513078221578
AGGCGGGCUUGCCC,0.0291555611059792,0.0514946351079691
AAGGCGGUUCAGCC,0.0148917754212414,0.0223344513102744
AAGCGUCUUUACCG,0.0180770036599685,0.0273523549381092
CAUGCUCCUCGCAC,0.00391757596609877,0.0169820528479348
CGUGGUCUCCAGAC,0.00189193279854699,0.0
CGGGGUCCCCACAC,0.00612923683496216,0.0298551000082928
CAGGGUCUCCACAC,0.00419604127699557,0.0292999493623691
AGUCCGCUUUGCCG,0.0268434111806694,0.0
AGGCCGCUUCACCC,0.00368059186835364,0.0305690376208179
AAUGGGCCUUGGCC,0.00618031380858685,0.0
AGGCCUGCCCGCAC,0.0236836843029788,0.0
AGUCGGGUUUGCCC,0.0051437831907945,0.0
CGUCCUCUUUGGAG,0.00591969816605608,0.0
AAGCGUGCCUGGCC,0.0143257965240515,0.0276182399794494
CAGCCGCUCUAGAG,0.00451574928947412,0.0168726464972503
CGGGGUGCCCACCG,0.00572919601233963,0.0398511705902339
CAGCCGGCCUAGCG,0.00428035868015202,0.0
AGGGCUCUCUGGAC,0.0175277752276315,0.0291311432525581
CAUGGGGCCCGGCC,0.000903757924765231,0.0
CAUGGUGUUUGGAC,0.00133609096208756,0.0546072397925018
AGUCCUGCUCAGAC,0.0059982721647404,0.0407138492387596
CGGCGGCCUCGCCC,0.00445717798834888,0.0
AAUGCGGCUCGCCG,1.23618595734146,0.0252588272167832
AGUCCGGCCUGCAC,0.00610078771178518,0.0241896657313613
CAUGGUGUUUACCC,0.00067231148672763,0.0243362413002193
CGGCGGCUCCACAC,0.00453519430558171,0.0340163858317455
AGGGGGCUUUAGAG,0.0731834400644388,0.0372860928488622
CGGCGGGCUCAGCG,0.0090085930091266,0.0318122763794515
CGUCGUGCUCACCG,0.00426327202536778,0.0327849271494454
CGUCCUGCUCGCCC,0.00200835943230373,0.0249252857700029
AAGGGUCUUUAGCC,0.00520606229068858,0.0405384338983549
CGGCCUCCUCGCAC,0.00637876425198184,0.0224241291779723
CGUCCGCCUCGGAG,0.00363887635458852,0.0832365763193112
CGUCCUCUCCACAC,0.00413749196245999,0.0194972817218338
CGUGGGGCUUGCCG,0.0048198673727344,0.0
AGGCCUGUUUGGAG,0.0167403775602667,0.0
CAUGCUCUUCAGCC,0.000347597391655971,0.033984928067333
CGGCGGCCCCAGAC,0.00223902187606372,0.0
AAUCCGCUUUACAG,0.0124549281799807,0.0477854046552967
AGUCCUGUUCACCC,0.00438980773227243,0.0
CAGGCGGCUUGCAC,0.0058798818873361,0.0207677663666129
CAUGCUGCCCGGCG,0.00402945569899054,0.0255781214814443
AAUGCUGCUUGCAG,0.017562911967836,0.0
AGGGGUGUCCGCCC,0.0322512927482578,0.0
AAGCCGCCUCGGAC,0.0131533903831966,0.0238136408011972
CGGGCUGUCUACCG,0.00621250294300657,0.0520292348142605
CGUGGGCUUUAGCC,0.000571735947908566,0.0
CGGGGGGCCUAGAC,0.00182223685490292,0.0209472018958397
CAGGCGGCUUGGCG,0.00587129811815751,0.0
AAGCCUCCCUGGCC,0.00763716669758024,0.0
CAGCGGCUCCGCCC,0.00429348903213354,0.0
AAUGGGCCCCAGAC,0.00552399729794046,0.0161554684050215
AGGGCUGCUCAGCG,0.0317018974498016,0.0211292807296883
AAGCCUGCCUACAC,0.0186079730288905,0.0394047566778042
CGUGGGGUUCAGAC,0.00153175881031786,0.0
AGGGCGGCUUAGCG,0.15398464404569,0.0
AGGCGUCUCCGCAC,0.0137340306857485,0.0345679895100994
CGGGGGGUUUAGCG,0.00470098337568042,0.0
AGGCCGCCCUGCCG,0.159184839448196,0.0285701295722734
CAGGGGGUCCGGCC,0.00194297490972295,0.0
AAUCGGGCUUGCAG,0.00975163701285676,0.0463748007401755
CAUCCGGCUUGGCC,0.00109966962938993,0.0254781871523425
CAGCCUGCCUGCAC,0.00613601048379411,0.0468265341459913
CAUCCGCUUUGGCG,0.00349953666511862,0.0
CGGGGGCUCUGGCG,0.00470241268044651,0.0
AAUCGUCCUUGCAG,0.0117687102383231,0.0260143975368467
AAGCCUCUCUACCC,0.00925113997263894,0.0493932593641585
AGGCGUCCUUGCCG,0.0205202576128243,0.0
CGGCCGCCUUAGAG,0.00843850539249358,0.0
CGGGGGCUCCAGAC,0.00188961318745299,0.0339693028721633
AAUCGUGCUUACCG,0.0120691033809196,0.0
CGGGGGCUCUGGCC,0.00150671307297376,0.0
CAUCCGCCUUAGAC,0.00172335673508671,0.0341956368631435
CGGCCUCCCCGGAG,0.0050838065199666,0.0
CGUGCUCCUCGGCC,0.000844947765233156,0.0322623939691619
AAGCGGGCCCGGAG,0.0238094056560313,0.0
CAGCGGCCCCGGAC,0.00138214290628396,0.0396159676598429
AGUGCGGCCUGCAC,0.0170327481356014,0.0
AGGGGGGCUCACCC,0.040826160560373,0.0
CAUCGGGUUCGGAC,0.00252734482206816,0.0
CAUCCUGCUUACAG,0.00253408101108039,0.0367866725597174
AGGGCUCUUUGGAC,0.015198993958895,0.030427504961539
CAUCGGGCUUACCC,0.000636545873009944,0.104925222380832
AAUGCGCCCCGGAC,0.0120629921079783,0.0
CAGGCGGCCUGGAC,0.00335175748878387,0.0
AAGGGUCUCCAGAC,0.0158039453105292,0.0317228187429964
CAGGCUCUUUGGAC,0.0020127458763597,0.0
CAGCGGGUCUGGCG,0.00424896574340346,0.0
AGUGGUGUUCGGAG,0.00874072952928712,0.0
CAGGGUGUCCACAC,0.00437852953210228,0.0194449467450377
AAGGCGGUCCACAG,0.175002150072161,0.0365376064678597
CAGCCUCCUUAGCC,0.000543348862332346,0.043229952098854
AAGGGUCUCUACAG,0.0200148374017921,0.0402954505852414
AAGGCUCCUUAGCG,0.0246193819298102,0.0689397284479556
CAGGCUGCCCGGCG,0.00838756874022501,0.0
CAGGCGGUCUACCC,0.00143267447104109,0.0361681281616033
AAGGCGCUCUGCAC,0.193110281463543,0.0259935834669011
CGGGCGGCUCAGCC,0.000749986564064346,0.0266923380255768
CAUCGUGUUUGCAC,0.00327764957039662,0.0
AAUCGUCCCCGGCC,0.00364072038981635,0.0414065492010237
AAUGGGCCCCACCC,0.0124830100688288,0.0231019891617107
CGGCGUCCUCAGAG,0.00445655281435514,0.0
CAUCCUCUUCAGAC,0.00210315156471313,0.0367236595956574
AAUGGGGCCUGGAC,0.00860665922973576,0.072865327295772
CAUCCGGUCCGGAC,0.00287850232180757,0.0
CAGGGGGCCCGCCC,0.0123196983866532,0.0
CAGCCUCCUUAGCG,0.00530166678519739,0.0404521012419841
AAUGCGCCUCAGAG,0.0278414136619834,0.0355768086615158
CGGGGUGCUUAGCG,0.00437060866021611,0.0
AAGCCUGUCCGCAG,0.0194238433984158,0.0433639449201305
AGGCCGGUCUAGCG,0.0191738651290495,0.0
CAGCCGGUCCGCCG,0.00702951723266748,0.0201033701855043
AAGGCGCUUCGGCG,0.0893177554935885,0.0
AGUCGUCUUUACCG,0.0122913804036321,0.0
AAUCGUGUCUAGCC,0.00113263451214861,0.0251153029358923
CGGGCUGCCUGCAC,0.00430311568915626,0.0
CAUGCGCUCUAGCG,0.00371322316401857,0.0216083222765755
CAUCCUCUCUGCCC,0.00159607409301084,0.0
CAGCCUGCCUGCAG,0.00618031380858685,0.0
AGGGCUCUUCGGCG,0.0279330718592823,0.0
CAUCCUGUCCAGAC,0.00212295525176316,0.0422641913580922
AGUGGUCUUCGCCG,0.0122496040158218,0.0442635427817081
AAGGCUCCUCGGCG,0.040235974036593,0.0340392139771235
AAGGCUGCUCGCCG,0.0336305387765959,0.0
CGUGCUGUUUGGCC,0.000562876991124352,0.0451654196537255
CGUGCUGCUUGCCG,0.00384552859200959,0.0
AAGCGUGCUUGCAG,0.017982268991086,0.0
CAGGCGCUCUGGAC,0.00365699041928216,0.0223874536628792
CAGGGUGUUUGCAC,0.0052044747861784,0.0247106254487785
AAUGGUCUCCGCAC,0.0114723256324532,0.0147016172407378
CGUGCUGCUUGCAG,0.00544015646624112,0.0
CGUCGUCCCCGCAG,0.00723096715604661,0.0335563909896964
CGUGGGGUCUAGCC,0.000449973206140907,0.0
AAUGCUCCUCGCAG,0.0196315850390405,0.0329758124772763
CAGGGGGUCUGGCC,0.00134155234806059,0.0
CGUCGGGUUCAGAC,0.00405961789387567,0.0
CAUCGGGUUUGGAC,0.00221701674706064,0.0
CAGCCUGCUUACCC,0.000732272116654328,0.0244569259811072
CGGGGUCUUUGCCC,0.00336551742051759,0.0
AAGCCUCUUUGCAG,0.0168858146508113,0.0264793198216484
AGGGCGGUCCGGAG,0.083548686671637,0.0
CAGCGGCCCCGGAG,0.0103782628106458,0.129513148044551
AGUGCUCCUCACAG,0.014246926868926,0.0329686013189165
CGUGCUCUCCGGCC,0.00144176711433601,0.0478628254286963
CGGCCGCCUCGCCC,0.00303800235738552,0.0
AAUGCUCUUUACAG,0.013777680272491,0.033377702643069
CAGGGGGUCUGCAG,0.00632864133999293,0.0
CAUCGUCCUUAGAC,0.00113800097552823,0.180456632388515
AGGCCGCCCCAGAG,0.0212708959915167,0.0
AAGCCGCCUCGGCG,0.0201182090123269,0.0347242529692026
AAUGGGCCCUACAC,0.0154629027838369,0.0300057166698907
CGUCCGGCCUAGCC,0.000372292211117513,0.0228946964286023
AGUGGGCUUUGGCG,0.0121575187126661,0.0
AAGGGGGCUCGCCC,0.887150392048437,0.104450711297069
AGUCCGCCCCGGCG,0.0108833818775602,0.0302648551435207
CGGCGGCUCUGCAC,0.00358943989756354,0.0
CGGCCUGCUCGGCG,0.0107622705977115,0.0
CAUGGGGCUUACCG,0.00278325775968894,0.0
CGUGGGGUCUGGCG,0.00739214004556466,0.0
AAGCGGCUCUACAG,0.0153681600053095,0.0315515735267141
AAUCCUGUUUACAG,0.0108598274313781,0.0367807140986203
CAUGCUCUCCGCAC,0.00279881289940641,0.0280121736409339
AGUGCUGUCUAGCC,0.00213627797621282,0.0186485813988159
AAGGCUGUUCACAC,0.0338389805489166,0.0260910878248495
CGGGGGCUUCGGAC,0.00197544276986794,0.0
CGGCGUCCCUGGAG,0.0115880883911003,0.0
AAUGCGCCUUGCCG,3.74905022040283,0.0722835712437063
AAUGGUCUCCAGCC,0.00377319798264115,0.0548467852963679
CGUCCGCCCCACAC,0.00360106284580327,0.0635277425147924
CGUGGGCUCCAGAG,0.00284779165689786,0.0
AAGGCUGUUUGCCG,0.0335358011580696,0.0375345669430578
CAGGCGGCCUACAG,0.00585046559970159,0.0152999931462681
CAGCCGCCCCGGAC,0.00244860183765811,0.0519703046897831
AAGGGUGUCCGCAG,0.0307451054022105,0.0539274529430389
AGGGCGGUUUACCC,0.0425597347627385,0.0435414486326507
CGGCGGCCUCACAC,0.0046206131628867,0.0
AAUGCGCUUUGCCC,0.0147700610853207,0.0192294273318092
AAUGCUCUCUGCAG,0.0159616234677053,0.017521589087324
AAGGGGGUCCGCAC,0.0572451566520357,0.0235415129790426
CGUCCGGCUUGGCG,0.00405332269264462,0.0
CAGCCGGCUUGCAG,0.00686701534287428,0.0
CAUGCUCUUCGGCG,0.00407173615624545,0.0304418207277702
AGGCCUCUCUGGCC,0.00727165521048702,0.0
CAUCGGGUCUAGCG,0.00280403126500699,0.0
AAGCGUCCUUGCAC,0.0157076072132448,0.0362685554493871
CAUCGUCCCCGCCC,0.00273554873494827,0.0440438488009688
AGUCGGGCUUGCAC,0.00558001842762035,0.0
AAGCCUCUCCACAG,0.0188950219043775,0.0321741536406398
AGUGGGGUCCGCAG,0.0124085370265425,0.0
AGGGGUCCUUAGAG,0.0302224136793532,0.0
CGUGCGGCUUGGAG,0.00270881839269977,0.0
AGGCCUGUUUGCAC,0.0128884836008252,0.0
AAGGCGGUCCAGCC,0.00919568472778121,0.0363644122993619
CAUCGUGCCUAGAC,0.00202458555798534,0.0
CAUGGGCCCUAGAG,0.00289663192644878,0.0
AAUGCGCCUCGCCG,3.19964914921128,0.115754043991434
AGGCCUCUCCGGCC,0.00883138675596995,0.0179083769231987
AAUCCGCCCCAGCC,0.000840179288108015,0.0262203649056822
AAGCCUGUCUGCCC,0.0109243575067274,0.0393543050622188
AGGCGUCUUUGCCG,0.0135440919634988,0.0
AAGCCGCUUUACAG,0.020490364498833,0.0264793523950389
CAGGCGCUCCGGCG,0.00593473842546419,0.0526102871742384
AAUGCGCCCCACAG,0.0295628729111104,0.0285187641036677
AGUGGGCUUUAGCG,0.0154405182194595,0.0391159006309209
AGUCCGCCCUACCG,0.0106444772098683,0.0158460845397741
AGGCGGGCUCGGCC,0.0101288476307395,0.0
CGGGGUGUUCACCC,0.00328090733048437,0.0
AGGCGUGUCCGGCC,0.0103005230143114,0.0
AGUCCGCCUUGCCC,0.0053204440613052,0.0
AGUGCUCUCCACCG,0.00939176659136656,0.0249485296671973
CGUCCGCCUUAGCC,0.000282833957580286,0.0345207154205803
AAUCCGGCUUAGAC,0.00730998432098812,0.0389500156538037
AAUCCGGCCUAGCC,0.00125307050509996,0.0341888783241177
AGGCCGGUCUGGCG,0.0271752033642274,0.0598935062235607
AAUCCGGCCCGCCC,0.00679937696136683,0.0722051517900558
AAUCCGCUUCACCG,0.0150543320539567,0.0153897702292902
CGGCCGCCUCAGAG,0.00907904506394174,0.0200316806929618
AAUCCGCCCUACCC,0.00110547880583336,0.0318624563371124
CGGGCGCCCCAGAG,0.00891391414700027,0.0401684461921441
AAUCGGCCCCGCCG,0.014504249974206,0.0
CGGCGGGCUUGGCC,0.00275392221522523,0.401724582612386
AGUGCUGCCUACAC,0.0106632877989834,0.036326365583501
CAUCGGGUCUGGCG,0.00309015690429342,0.0
AGGGCUGUCCAGAC,0.0123448211879957,0.0145554268504491
AGGGGGGUUUGGAG,0.126586070329448,0.0
CAGCCGGCUCGCCG,0.0155382417923433,0.0
CGGGCGGUUCACAC,0.00416909304375858,0.0366719252360767
AAUGGUCCUUGCCG,0.0133967390497897,0.0
AAUCCUCUUUGCCG,0.0126113502868932,0.0281613119252431
CAUGCGCUUCAGCC,0.000341402823107962,0.078330092375705
AGGCGUCCCCAGCG,0.0242986696747859,0.0349894659813492
CAUCCUCUUUAGCC,0.000305271380566692,0.0338835165991788
CGGCGUGCUUACCG,0.0066025712737698,0.0
CGUGCGCCCUACAG,0.00347383410381979,0.0
AGUCGGGCCCGGCC,0.00153393988452052,0.0
AGGGCGGUCUAGAC,0.0613829467787691,0.0227571877629081
CGUGCGGCCUAGCC,0.00032767682219529,0.0234017171340979
CGGGGGGCUUACAC,0.0038948852647865,0.0
AAUGCGGUCCGCAG,0.0283088520305514,0.0254253312138597
AGGGCGCCUCAGAC,0.0706252958799912,0.0444110257563018
AAUCGGGCCCGCCG,0.0148799912079352,0.0
CAGGGGCUUUACCC,0.0102510388329531,0.0
AAGGCGGUUUGCCG,4.43159872226989,0.0
AAUCGUGUUCAGAG,0.0132181831217144,0.0
AGUCGUGCCUGGAC,0.00469217927973793,0.0
CGGGGUCCCCAGAG,0.006429520010546,0.0
CAGCCGGUUUACCG,0.0132411106803148,0.0
AGUCGGCCCUGCAC,0.00986440059142135,0.0
AAUGCGCCCUAGAC,0.0154162093393211,0.0290153626390699
AGGCCUCUUCAGAG,0.0205555188550789,0.0244711930896237
AAGCCUCUUUGCAC,0.0166825253854162,0.0184680450762044
AGGCCGGCUCAGAG,0.0144322411842977,0.0
AGUGGGGCUUACCG,0.0151243594963657,0.0
CAGCGUCCUCACCC,0.00287747404043517,0.0518451557935185
CAGCCGGCCCACAG,0.00642851918242568,0.0309407391752396
CAGGCUCCUCGCCC,0.00325535397150408,0.0289185279827201
AAGCCUGCCCAGCG,0.0194709886493828,0.0243890048159274
AGUCGUCCCCAGAC,0.00400435980262962,0.0341000736579854
AAUCCUGCCUACCC,0.00346037739665935,0.0321839826509144
CGGGCUGUCCGGCC,0.00262195131273381,0.0
AGUCGGGCUCAGCG,0.00717713861642344,0.0261287253079944
AAUCGGCCCCAGAC,0.00562053018332929,0.104132935109616
CGGGCUCCUCACCG,0.00853304690617389,0.0325098053665706
AAUCGUGUUCGCAC,0.0085023970314663,0.036990398253665
AAUGGUCUCCGCCG,0.0153746722824451,0.0
CAUCGUGCCCGCCC,0.00305582182757905,0.0
AAGGGGCUCUAGAG,0.044123135897125,0.0
CAUGGGCCUUGGCC,0.00116701440917454,0.0
AGUGGUCUUCAGCG,0.0145218416483973,0.0189507720603232
CGGCGUCCUCGCAG,0.0155165325407074,0.0
AGUCGUGCCUACAC,0.00875224564197392,0.0196373643454468
CGUCCUCUCUAGCG,0.00474161780724368,0.0
AAUCGUGCCUAGAG,0.0114427592297598,0.0
CGGGCUCUCUGGCG,0.00434494788967318,0.0
AGUCCUGCCCAGCC,0.00285987551681946,0.0235772407229867
AGUCGGGUCUGCCC,0.00681140219044959,0.0
AAUCCGCUCUGCCG,0.0159586376060167,0.0376582172301855
AGGCCGGUUCACCG,0.176270041110362,0.0191423959782798
CAUCCGGUCUACAG,0.00337210552694793,0.0
CAUCCUGCUUGCAG,0.00336887693879832,0.0
AGUGCUCCUUGGAG,0.01632408973355,0.0
AGGCCGGUCCAGCC,0.00569267326794363,0.0171317482642756
AGUGCGGCCCGGAG,0.0252362813850629,0.0
CGGCGUGUUUGGAC,0.00258449486540904,0.0
CAUCCGCCCUGGCC,0.00116199413003667,0.0557350703079482
AAUGGGCUCCGGAG,0.0138063150577788,0.0599900383478879
AAGGCUGCUUAGCC,0.00317563978209105,0.0339716290633302
CGUGCGGCUCAGCC,0.00032792039053969,0.0663503481194532
AGUGCUCCCCACCG,0.0117963380955201,0.0190031384610853
AAUCCUGCUCGCCC,0.00568558425494381,0.0461057541412147
AGGGCGCCUUGGAG,0.207504036123303,0.0
CGUGCUGUUUGGCG,0.00279384048881323,0.0
CGGCGUCCCUGCAG,0.00729865630728352,0.0436563809735226
CGUCCUCUUCGGCG,0.00583696304144313,0.0876952847306434
AGUGGGGUUCGCAG,0.0107302380848471,0.0
AGUCCUCCUCAGAG,0.0121362597891392,0.0284501347398397
CAGCCGCUCUAGAC,0.00234604972124064,0.0278014039981327
AAGGCGGUUCACCG,2.41727817579503,0.0200616009029461
AAUGGUGCUUGGCG,0.00811923578775135,0.0
AAUGGGGUUUACAC,0.0370643748803919,0.018732443477988
CAGGCUCCCCACCG,0.00621677583695609,0.0325003554842858
CGGCCGCUCCGGAC,0.00313959941476212,0.0469640501003338
CGGCGGGUUCAGCG,0.00463523535644013,0.0
AGGCGGGCCCACCG,0.0226976126598543,0.0266843200400526
CAUGGUGCUUAGCC,0.000411850909876945,0.0230369943818059
AGGCCUGCUCAGCG,0.026761924888126,0.0
AGUGGGCUCCGGCC,0.00359383886666724,0.0
CGUCGGCCUCGCCC,0.00164915109400115,0.0
AGGCGUGCCUAGCC,0.00786092545829029,0.0
AGGCGGCUCUGCAG,0.0344195938262837,0.0
CAUCGGGUCCACCG,0.00298145791771024,0.0
AGGGGUGCCUAGCC,0.00954557784928735,0.0447563327645829
AAUGGUGUCCGGCG,0.0111052513748045,0.0
CGGGCGCUUUACCG,0.0755782741451483,0.0
CGUGCGCUCCACCC,0.000611200318475721,0.0422354612857315
CGUCGGCCUCAGAC,0.00174879990731865,0.0203583777667616
CAUGCUCUCUACAG,0.00377186005115323,0.0289657211292538
CAUCGGCCCCGGCC,0.000930369820647483,0.0596479337560141
AAGGCGCCCCGGCC,0.0261935737593847,0.0744905129976346
CGGGCGGCUUGCCC,0.00304622102413759,0.0
AAGCCGGCUCACCC,0.00252897521420023,0.041247356153705
AAUCGUGUCUGCAC,0.00743689213481405,0.0385329949970547
CGUCGGGCCCGGCG,0.00359467231723929,0.0
CAGCCGGCUUGCCC,0.00498236751969777,0.0
AAGCCGGUCUACCC,0.0112405707457146,0.0224377247436203
AGGGGUGCCCACCC,0.0290772595452188,0.0
AAGCGGCCUUGGCC,0.00805553722914098,0.0219704976363754
AAGGGUCUUCAGCG,0.0280672850033275,0.0137395811950173
AAUGCGGUUUGGCC,0.00609143410307045,0.0224430288045408
CAGCCUGCCUGGCG,0.0057850611812935,0.0
AGUGGUCCUCGGCG,0.0167663958767603,0.0
AAUGCUGUCUAGAG,0.0165133305863503,0.0404839525114636
CAUCGGCCCUGGAC,0.00213542835433805,0.0
CAGGCGGCCUGCAG,0.0122370213410019,0.0
CGGCCGCUUCAGCG,0.00548626787286319,0.0756018885091958
AAUGCGCUUUACCC,0.00395132464352986,0.0447596796352935
AAGGGGCCCUACCC,0.066833626069602,0.0322265136219764
CAGGCGCUCCGGCC,0.000894818440997851,0.0
AGGCCGGCCUACAC,0.0187951948419366,0.0
CGUCGUGUUCAGCC,0.000371204495523547,0.0440897560440617
AGUGCGCCCUAGAG,0.0160114459007271,0.0242614196777906
CGGGGGGUUUAGCC,0.00145924076036078,0.0
CAGCCUGUUUAGCG,0.00563046382561649,0.0
CGGGGGGUCUGGCC,0.00118313312204685,0.0
AAUGGGGUCUGCCG,0.0335252871692211,0.0
CGUCCGGCCUGGCC,0.000819992495488181,0.0
CGUCCGCCCUACAC,0.00367022048701062,0.0484578810238802
CAGGGGGCCCGGCC,0.00159208895271912,0.0674862168758276
CGUGCUGUCUAGCC,0.000691089403516101,0.0192443496286512
CGUGGUCUCUGCCG,0.00265925853118478,0.0
CAGCGUCCCUGGAC,0.00227402065643263,0.0
CAGCCUGUUCGGCG,0.00373779457884594,0.0
CAUCGGGUUCAGAG,0.00574147495827299,0.0
CAUGGGCUCCACAC,0.00404136992807759,0.0395657214299214
CAGGCUGCUCAGCC,0.000698992079645961,0.0
CAGGGGCCCCGCAC,0.0053955120551155,0.0
AAUGCUGCCCACCG,0.0141243142915665,0.0224691347261704
AAUCCUGCUCAGCC,0.00155314120704668,0.0292344080149501
CAGCGUCCCCGCCC,0.00455600056402236,0.153273730947437
CGGGGUCUUCGCCC,0.00471060503703266,0.0
AGUGCGGCCCAGAC,0.00909299548526883,0.0294260185693232
AGUGGUCUCUGCCG,0.0192127146658243,0.0
CAGCGUCCCUACCG,0.00511064411094682,0.0408086135541206
AGGGCUGUCCGGCG,0.0216905244243673,0.0
AAGCGUGCCUAGCC,0.0101458904654282,0.0240982549670693
AAUGGGCUUCGCCG,0.0205247458581464,0.0
AGGCCUCCCCAGCG,0.0253633657599148,0.0
AGUGCUGCCCGCAG,0.0235491267534085,0.108133519145345
CGUGCUGCUCACCC,0.00109888206009737,0.0
CAGGCGGCUUACCC,0.000883579391048606,0.0490022344692254
CAUGCGCUCCAGCC,0.000259650441799427,0.0783815800878716
CAUCGGCCCCAGAC,0.00192405995927703,0.0501749022784473
AAGGCGCCUCACAC,0.0955635471055195,0.0275475971736233
AGGGGUCUCUGGCG,0.02770485500401,0.0
AAGGCUGCCCGGCC,0.00793258668918235,0.0301970087366847
CGGGGGGCUUGCCC,0.0127039783843174,0.0
CAGCGUGCCUAGAG,0.0059316804944483,0.0462284958662186
AAGGCUCCCCACCG,0.024772052334144,0.0394187241116251
CGUCGUGCUUGCCG,0.00291138749660702,0.039680961890415
CAUGCGGCUCAGAC,0.00159491969253854,0.041307075542498
CAUGGGGUCCGCCG,0.00447163881444813,0.0
CGGCCUGUCUGGAG,0.0075537168771617,0.0
CGUGCUCCUCAGCC,0.0003598205403022,0.0265182843156583
CAGCCUCCCCACAC,0.00484592787264196,0.0286524857767861
AAUCCUGUUCAGAG,0.0124736821380624,0.0
AAGCGUGUUUACAC,0.0155568539804245,0.0235947957010737
AGGGCGCCCUAGAG,0.0797473595576965,0.0
CGGCCGGCUUACAC,0.00425598882727685,0.0233038472337297
CAUCGGCUUCGGAG,0.00477401485812996,0.0
CAGGCUCUUCGCCG,0.0045500735519911,0.0382188714696438
CGUCGGCUUUACCC,0.000669378084885626,0.0164043466049442
AGUGGUCUCCACAG,0.00939407698905201,0.0262462547127483
CAGGGGCUCCAGAG,0.00749527419339256,0.0
AGUGCUCUUCGGCG,0.0150749546277017,0.013185369818968
AAUGGUGCCUGCAC,0.00985037162294048,0.0289556474233571
AAUCGUCUUUAGAC,0.00325575114348807,0.0363559322950095
AAGGCGCUUUACCC,0.0365820257739682,0.0273079890572067
AGUGCGGCCUAGCG,0.0281143686978852,0.0
CAGGGGGCUCACCC,0.00295477860181961,0.0512309966520743
CAGCCUGCUUGGAG,0.00710938059026984,0.0498548021881231
AGGGCGGCCCGGAC,0.0579890015639977,0.0622787539426209
CAGCGGGUUUAGCC,0.00157270709021811,0.0
AGGGCUCUCCGCCG,0.0348486602148048,0.0233659935488523
AAUCGUCCCCGGCG,0.0100988957553078,0.06605405514463181
AAUGCUGUUUACCC,0.00317407660021614,0.0419713433516358
CGGGGGCUUUAGAG,0.00622097376785387,0.0
CGUGGGGUCUACAG,0.00292362150226563,0.0
CAUGCGGUUCACAG,0.00433706232181533,0.0
AGUCCUCUUCGCCC,0.00520912163866606,0.0237520816024235
CGGCGGCCUUGGAC,0.00256541327903605,0.0
AAUGGUCUCUGGCG,0.0108155491650269,0.0
CGGCCUGCUCGGCC,0.00250200015211673,0.0
AGUGGGGCUCACAC,0.0122197657639865,0.0
CGGGGUCCCUGCCG,0.00634734931692703,0.0505301056633208
AAGCGUGCCCACAG,0.0144596021182032,0.027373140767837
AAUCCGCCUUAGAC,0.00554306377595023,0.0454555901924642
AAGCGUCUUUGGCG,0.0116351125179048,0.0
AGGCGUCCCCGGAC,0.00949593280460984,0.0
AGUCGUCUCUGCAC,0.00714269844058091,0.0154896563746212
CAUGGUGUCCGGCG,0.00299047442350976,0.0
CGGCCGCCCUGGCC,0.0019129542740864,0.0
CAGCGGGCUUGGAC,0.00409666515312042,0.0
CGUGGUGUCUACCG,0.00345188095663546,0.0
AGGCGUCCCCACAG,0.0173218887020484,0.0173398040237133
AAGGGGGUUUGGCC,0.0115013326491348,0.0284832280895045
CAGGCGGUUUGGAC,0.00509431617449012,0.0343279902202378
CGGGCUGCCUAGCG,0.00556907398136397,0.0552734498266621
CAUGCGGUCUGGAC,0.00232685121478668,0.0
AGUCGUCCCCGCAC,0.010013400421578,0.0129224408142395
AGUGGUCCCCAGCG,0.0131521949030025,0.0
CGUGGGGUCUGCCG,0.00347360703110356,0.0
CAGCGGGUCCGGAG,0.0121733453805498,0.0
AGGCCGCCCUGCAG,0.0287758560132292,0.0
AGUCGGGUCUGCAC,0.00640992299033001,0.0314106062231453
AAUCGGGUUCGCCG,0.0126589875941399,0.0
CGGCCUGUCUACCG,0.00706321578124211,0.0483292419893532
CGUCGUGUCUGCAC,0.00349322084833169,0.0311754141579068
AAUGGGGCUUGGAC,0.00651665741721742,0.0
AGGCGGGCCCACCC,0.00878498471544764,0.0180622517161417
CGGGCGGCCCACCC,0.000935960985435028,0.0
AGUCGGCUCUGGCC,0.00155174785553727,0.0
CAGCCGCUUCACAG,0.00691906852040044,0.0529407835849805
CAGCGUGCCUACCG,0.00320281887476245,0.0215724548179623
CGGCCUCCUUGGCG,0.0038691880566363,0.0
AAUGGUGUCCAGCC,0.00532815354807139,0.0
CAGCCUGUUCACCG,0.00716354555086203,0.0278178034672195
CGUGCGGCCUGGCC,0.00100644434759858,0.0
CAGCCGGCUUACAC,0.00503501090000257,0.0411105473169196
AAUGCGCUUUGGCG,0.0313514020100149,0.0419549745149898
AAUCCUCCUCGCAG,0.012991271883356,0.0374630370270699
AGGCGGCCCUGCCG,0.0303339892033701,0.0
CGGCCUGUUUGGAG,0.0118184948269467,0.0
AGGCCGGUCUACAG,0.0241241234654018,0.0
CGGGGUGUUCAGCC,0.00124243421925199,0.0
CAGGGUGUUUAGCG,0.00370043867536078,0.132423036856164
CAUCGUGUUUGGAG,0.00337895661497505,0.0
CGUCCUCUCUACCG,0.00366404318651934,0.016531465592157
CGUCCUGUCCACCC,0.00268219992299823,0.0
AAGCGGGCUCGGCG,0.0136185675959126,0.0
CGUCGGCCUCGCAG,0.00389879609420198,0.0
AAGGGUCCCUACCC,0.0162500508047852,0.0237857154449288
CGUGCUGUUUGCCC,0.00147112256245793,0.0557485663736751
AAUGCUGUUCAGAG,0.0272461395341969,0.0239083579261054
AAUGCUGCUUGCAC,0.00768667731090756,0.0199473892425288
AAGCCUGCCCGGCC,0.00844107795068897,0.0262573957239982
CAGCGGCUUUAGAG,0.00437344465524584,0.0214986533458995
CGUGCUCUCUAGAC,0.00180829200944215,0.0
AAGCGGGCUCACAG,0.021089884408963,0.0382537263118795
CAGCCGGUUCACAG,0.00553875874195153,0.0
AGUCCUGUCUGCCC,0.00824041841144913,0.0
AAUGCGGUUCACCG,0.722090149837791,0.0
CGUGCGCCCCGCAC,0.00428603805920574,0.0
CAGCCGCCCCGCCC,0.00546947899354171,0.0518326493145065
CGUGGUCUUUACAG,0.0038008131432653,0.0
AAGGGUCUUUGGAG,0.0285426706427102,0.0
AGUCCUCUCUGCCC,0.00668704524823672,0.0
AGUGGUGUCUGGAG,0.00881193130127545,0.0
CGGCGUGUCCACAC,0.00543494932915929,0.0367162963761927
AGGCCGGUUUACCG,0.701630425642836,0.0
AAUGCUCUUUGGAC,0.00618608980280048,0.0234725096454363
AAGGGUCUUCGGCC,0.00820986601267787,0.0
CGGCGGCUCCACAG,0.00647867378555311,0.0340580396488472
CGUCGGGCCUAGCC,0.000361734363256164,0.0170133937228105
AGGGGGCUUCACCC,2.44039991255066,0.0519143469179757
CAGCCGGCUCGCCC,0.0045175897890178,0.0446727699671861
CGGGCGGCUCGCAC,0.00505019928358811,0.0
CGUCGUGCCCAGAC,0.00257513075357785,0.166334800661762
CGGGCGGCUUGGCG,0.0050123804904287,0.0
CGUCGGGUUUGCCG,0.0032527967413615,0.0
CGUCCGGUUUAGAG,0.00508766164353282,0.0
CAUCCUGUCCAGAG,0.00509875889208415,0.0
CGUGGUCUCUAGAC,0.00223396693399556,0.0
CGUGGGGCCCACCC,0.00299219803989219,0.0
AAGGCGGCUUGGAC,0.0421497401745623,0.0510166157420337
AAUCCGGUCCGGAG,0.016655421958734,0.0
CAUGCGCUCUACCG,0.022608496200741,0.0714659954675102
CGUCGUGCUUACCC,0.000608570412264655,0.0897614241862753
CGGCGUCCCUACAC,0.00383844602013129,0.021505297220427
CAUCGGCCUUGGCG,0.00364231660192579,0.0
AGUCGUCUUUGCAC,0.00919164017960749,0.0492355118482682
CAGCGUGCUUGCAG,0.00445748296814007,0.0
AAUGGGCCUUGCCC,0.638195303851826,0.0242127335675911
CGGCGGCUUCACAC,0.00485417359864716,0.0371482776449741
AGUCCUCCCUGGCC,0.00161463373452499,0.0276168639490391
AAUCGGCUCCGGAG,0.013604986102124,0.0
CGGCGUCUUCGGAG,0.00459347647935509,0.0
CAGGCUGUCUACCC,0.00123288522248416,0.0374728629098757
AGUCGUCCUUGCCC,0.00427411243112516,0.0
AAUGGUCCCUGCAG,0.0125043558452803,0.0353252241265408
CGGGGUCUCCACAG,0.00869619376606468,0.0259549576921482
CAGCGGCCCUGGCG,0.00595958831542303,0.0
AGGCCUGCUUAGCC,0.00208599870877626,0.0395528600315994
CAGGCGCUCUAGAG,0.0066143826713973,0.0436487258340032
AAUGCGGCCCGGCG,0.0368792496118953,0.0
CGUCCGCCCUGGCG,0.00341488525694799,0.0
AAUGCGCUUCAGCG,0.0250214029248306,0.0299723689652858
CAGCGUCCCCGCAG,0.00321466872094993,0.0277454786521449
AGUCGGGCCUACAC,0.00729399411864903,0.0
AGUCGUGUCUAGAC,0.00446355997286828,0.0304072184414246
CAUCGGCCCUAGAG,0.00508967019530682,0.0
CAGGCUGCCCGCCG,0.00787355046847366,0.0715447156119055
AGUCCGCCUUACAG,0.0108567835978158,0.0176941711267843
CAUGGUGCCCACAC,0.00299856098981359,0.0
CAGCCUCUUUACAC,0.00425435555195746,0.0342497015271711
AGUGGUGCUCACCG,0.00949768813231361,0.0276163478085083
AGUGCUGUCUGCAC,0.0132500454715459,0.0207531618295262
AAGCGGGUUUACAC,0.0188525538866977,0.0322980208142903
CGGGGGGUUCAGAC,0.00184632016294261,0.0
CGUGGUGUUCAGCG,0.00253834317138388,0.0419360264017734
CGGGCGCUCCGGCC,0.0016056697639956,0.0
AGGCGGCUUCAGAC,0.00838870357566544,0.0562928351152738
CGUGCGGUCCGCCC,0.0016398842609849,0.0
CGUCGUGUUUACCC,0.000788093707135236,0.0396910010274369
CAUGGGGCCUACAC,0.00360230581394354,0.0514286418029778
AAGGCGCUUUGGCG,0.148072673104699,0.0482567141967734
AAGCCGGUCCACAC,0.0299214311702068,0.0216006738560551
AAUCCGGCCCGGAG,0.0117957602260663,0.0
AAUCCUGUUCACCC,0.0041060724929164,0.0491667526176736
CGUGGGCUCCAGCC,0.000566080916960418,0.0550641583877052
AAUCGUCUCUAGAG,0.0129053969194503,0.0282981366752313
AAUGGGGCCCAGCG,0.0204236860297009,0.0230593867103151
CGUCCGCUUCAGAC,0.00236597166180253,0.0
AGGGGUCCCUGCAG,0.0190428958467625,0.0
AAGCCUCCUCGCCC,0.0122420288447274,0.0259313009149317
CAUCGGCUUCGCCG,0.00314909722671864,0.0659970983773388
AGGCCUGCUCGCAG,0.0262833125705836,0.0424254942569721
AAGGGUCCUUGGCC,0.00984674321665391,0.0
AAGCGUGCCCGCAC,0.0146496327314651,0.0
CGGGCUCUCUAGCG,0.00499067593932835,0.0774639535201875
AGGGCUCUUUAGAC,0.0106506593697386,0.0261135176375285
CGUGCUGCUUGGCC,0.00109482972694186,0.0
CGUCGUGCUCGCAC,0.00408643699912026,0.0
CGGGGGGUCUGCAG,0.0071230735421001,0.0
CGGCCUCCCUACCG,0.00472012977688776,0.0306992457493985
CAGGCUGCUUAGAG,0.00525817174825802,0.0212424670663994
AAGCCGCUUCGCCC,0.0107285024916666,0.0299284125071284
CGUGCUCUUUGGAC,0.0020671718570745,0.0
AAUCCUGUCUGCCG,0.00967425121504128,0.0
AGUGCUCCUUGCAC,0.0153204305081346,0.0180129727054726
AAUGGGGUUCGGAG,0.0141196400088484,0.0
AAUGCGCCCCGCCC,0.0182137901769746,0.0386750000782507
AGUGGUCCCCGCAG,0.013249047727158,0.0
AGUGGGGCUCAGCC,0.00170236188739518,0.0264592426707947
AAGGGGGUUUGGAC,0.0314852653470785,0.0
AAUGCUCUCCGGCC,0.00245761330111748,0.0156317312041549
CAGGCGCCCCACCG,0.0057873458785611,0.0311637446619725
CGGCCGGCUUGGCG,0.0058773572493424,0.0
AGUCGUCUUCAGAC,0.00381528397569802,0.0327229869763368
CAGGGUGCUUGGCG,0.00577834217876006,0.0
CAUGCUCUCCACAC,0.00373727211483958,0.0323038107526245
AAUGCUCCUUGGAC,0.0070018660973416,0.0273364350039654
AAUCCUGUUCAGAC,0.0058574134006147,0.0521264021081968
AGUCCUCCCUGCAC,0.0104476733430872,0.0426856050707003
AAGGCUGCUUAGCG,0.0235409869722908,0.0215793209298755
AGUGGGGCUUACCC,0.0079539247649096,0.0522191679942786
AGUCGUCCUUAGAC,0.00369007747545661,0.0523156190175343
CAUGGGCUCUACCC,0.00402784262625276,0.0236774475090259
AGGGCGCCUUACCC,0.0148565518293888,0.0317801338414983
AGGCCGCCCUACAG,0.0196405064591901,0.0308738709264738
CAGGCGCCUCAGCC,0.000604903683889175,0.0365050079621908
CAGCCGCCUUGGCG,0.00425604027844076,0.0
CAUCGUCCUCGGCG,0.00383800309574343,0.0488611619343039
CGGGGUGCCCGCCG,0.00625954860100463,0.0
CGUCGGCCUUACCG,0.00419963492535299,0.025710701109222
AAUCCUCCCCACAG,0.00940743057567444,0.0184369987079403
AGGGCUCCCUAGAC,0.0140982538399526,0.0328540491174249
CAGGGGGCUCAGCG,0.00311750342557035,0.0241992277942772
CGUGCUGUUUACAG,0.00476574607038168,0.0
AGGGCGCCCCAGCC,0.0100524555834369,0.032057538325278
CGUGGGCUCUGCAC,0.00278020195644636,0.0
CGGCCUCUUUAGAG,0.00504127986434217,0.0
AGGGGGCCCCGGAC,0.0308358210236939,0.0452054577840735
AGUCCGGUCUACAC,0.00501007687441656,0.0
CAUGGUCUCCGGCG,0.00382758071099981,0.0
CGUCCGGUUCGCCG,0.00451117796247215,0.0
CGGGCGCCCCAGCC,0.000463923469669591,0.0486143380043622
CGGCCGCUCUGCAC,0.00469019862153626,0.0793781310908361
CAGCCGGUUCGGCC,0.00196772323053662,0.0
AGUCGUGCCCAGCG,0.00751659787530833,0.0390494764149664
CAUCCGGUUUGGAC,0.00207583059219711,0.0
AGUGCUGUCUAGAG,0.024357707363254,0.0
CGGGCUCUCCGCAC,0.00914928808918249,0.0
AGGGCUCCCUACCC,0.00532228739171485,0.0274589806314635
AGUGCGGUCCAGAG,0.0237647780973042,0.0
CAUGGGCUCCGCAC,0.00375162819051598,0.0
CAUCGUGUUUACCG,0.00451690330868273,0.0
CGUGCGGUCUACAC,0.0028951943235809,0.0
CGUCCGCUUUGCAG,0.00448735656069012,0.0
AAGCCUGCCUGCAG,0.0210265024139965,0.0
CGUCCGCCUUGGAG,0.0027109965479384,0.0
AAUCCGCCUUAGAG,0.0106422465266345,0.0361126267288178
AGGCCUCUCCGCAG,0.0188200523719548,0.0178049019844099
AAGCGUGUUUGCCC,0.0172923931816015,0.0851046690800413
AAGCCGCCCCGGAC,0.0145419148437337,0.0188694659840958
CGUCCUCCUUGCCC,0.00153339744666656,0.0286015487063324
CAGGCGGCUUACCG,0.0129887906600136,0.034129792084872
CAGGGGCUUCGGAC,0.00236965399914729,0.0
CAUCCGCCUCGGAC,0.00287099684015914,0.0382956969207585
AGGCGGGCUCACAC,0.0170650455908741,0.0
AGUCCUGUCUGGCG,0.0225200475764945,0.0538966852241962
CGUGCUGUUCAGCC,0.00062764119824813,0.0183359285076968
AAGGGUCUUUACAC,0.0299274110524334,0.0231015011600149
AGGCGGCUCCGCCC,0.0240749479079592,0.0
AGGCCUCUUUACCC,0.00569844384783151,0.0456075994496464
CAUGGGCUCUGCAC,0.00423465946143913,0.0
CGGCCGCUCUGCCC,0.00219005554256046,0.0414124799084512
AGGGCGCUUCGGAC,0.133924257699632,0.0209347655517966
AAUCCUGCCUAGAG,0.0122037668606105,0.0
CAUGGUGCUUGGCG,0.00440436156474005,0.0
CAUCCUCCUCGCCC,0.00171586085583003,0.0
AGUCGUGUUUACAG,0.0114335805458856,0.0
AGGGGUCCCCGGAG,0.0302835376620755,0.0
AGUCGUGCUUACAC,0.00908529277104996,0.0201658703354993
CAGGCGCUUUACCG,0.121080765877862,0.0388677297971265
CGGGCGGCCUACCG,0.00561172493819686,0.0386047579577365
AAUCGGCUUCAGAC,0.00532968997256629,0.0370118045197254
AGUCGGCCCUGCCG,0.0106016152254989,0.0410598982231369
AAUCGUCCCUACCG,0.00976756062949132,0.0150899044046014
CGGCCUGUCUACAC,0.00381634377680238,0.0342105789563724
AAUGGUGCCCGGCG,0.0135597929830189,0.0284455663893276
CAUCCUGUUCGGAG,0.00423792946874527,0.0
AGGGCUGUCUACAG,0.0313371858752575,0.0576213174459578
AAGCCGCUUCAGCC,0.00265521379491411,0.0220042114651051
CAUCGGGCCCGGAC,0.00237549520981514,0.0
CAUCGGCCUCACCG,0.00340739734693951,0.0220712002656412
CAGCGGCUUUGCCC,0.00291212317318187,0.0
AAUGCUGUCUAGAC,0.0073454064595836,0.0527468064910507
CAUCGUCUUUGCCC,0.00108221480357805,0.0
CAUCGUGCUUGGCC,0.000602084283616939,0.0
AGGGGGCUCUGGAG,0.0413682295252184,0.0
CGUGGUCCCCGGCC,0.00148535273046709,0.0
AGUGGGGCCCACAC,0.0134672378599274,0.0
CAGCGGGCUUACCC,0.00112300824082858,0.0276801044826655
AAGCGGCCCUAGAC,0.0119380420576122,0.0407313106010661
CAUGCUCUUUAGAC,0.00225299829226886,0.0195249364662279
CGUCGGCCCUAGAG,0.00387694962162274,0.0160431425806465
CGGGGUCUUUAGCC,0.000868850482374279,0.0140255908519853
AGUCCGCCUCGGAG,0.0151744290259612,0.0
CAGCCUCCCUACCC,0.00130196467749163,0.0316478480586797
CAGGGUGCUCGCCC,0.00345851997897741,0.0
CAGGCUCUCCGGCG,0.00716354555086203,0.0
CGGCGGCUUCACCG,0.00679362739264509,0.0
AAGCGGGUUUGGAC,0.0190783600178115,0.0
AAUGGGCCUUAGCC,0.00145790169737476,0.0235397570986357
CAGCGUGCUCACAC,0.00454744680802271,0.0408899789546164
CGGCGUGUUCGCCC,0.00525681864178652,0.0
CGGGCUGUUUGGAG,0.00758848657510031,0.0
CAGGGGCCCCACCG,0.00371145829245824,0.0428364070690835
CAGGCUCUCUAGAC,0.00187540556950221,0.0221975294771113
AAGCCUCUUCAGAG,0.0149481686394435,0.0387999762561351
AGGGGGGUCCAGCG,0.0642583312427044,0.0
CGUCGGGCUUAGAC,0.00174267708316085,0.0266484647077265
AAGCCUGCCUGGCG,0.0165331237417526,0.0
CGUCCUGCCUGGAC,0.00206469280910473,0.0
AAGCCUGUCUACAG,0.0156325584570138,0.0164777496755401
CGGGCGGCCCGGCC,0.00177502485364113,0.0
AAUCGUCUCUGGCG,0.00910378175123789,0.0
CGUCCUCCCCACAC,0.00382149403830953,0.0400975562298624
CGUGCUGCUCAGCC,0.000790313001740105,0.0356350619317486
AGUCCUCUCCGGCC,0.00517128298269512,0.0529340930960491
CGUGCGGCUCACCC,0.000614544602969496,0.0280822406273071
AGUGGUCCUUACCC,0.00198477196624921,0.0431631373454297
CGGCCGGUUCAGAC,0.00325158301123412,0.0
AGUCCGCCUCAGCG,0.0102944816518396,0.0339664521896364
AGGCCGCUUUGGAG,0.0223403146687442,0.0
AGUCCUCCCUGGCG,0.017275964915231,0.0
AGGGGUGUCCACAG,0.012472996959148,0.0327482188105946
AAGGGUGUUUACCC,0.0170204997598667,0.0350214180227953
AGUCCGGUUUACCG,0.0215485718845387,0.045720410925841
AGGGCGCCUUACCG,0.610786215684429,0.0179627252165112
CGGGCGCCCCGGAG,0.0147150328775877,0.0445473240757238
CGUGGUCCCUACAG,0.00373393959268789,0.0871648491995806
AAUCCUGUUCACCG,0.0118069433292373,0.0326028450660143
CAGCCGGUCCGCAC,0.00405657663111878,0.0
CGGCCGCUCCGGAG,0.00733912264769688,0.0412631428646088
CAUCCGGCUUGCCC,0.00153356519989524,0.0
AGUGGUGUUUGCAC,0.00831601858036151,0.0
AAUCGGCCCUGGCG,0.00831001653992421,0.0
CGGGGGCCUCACAG,0.0052044747861784,0.0
CGUGGUCUCUGGAC,0.00160126312313386,0.0654142073362883
CGGGGUCCCCAGAC,0.00279633870683601,0.0
CAGCCUCCUCGGCC,0.0021596952949896,0.0510811060078146
CAGCGUCCCUAGCG,0.00320691346239015,0.0483459695146096
CGUGGGGUUUAGAG,0.00438891850175008,0.0
CAUGCGCUUCACAC,0.00385519574953111,0.0560693377808509
CGGCCGCUUUAGCC,0.000956211522731333,0.0518043406787978
CAUCCGCCUUGGCC,0.00114217008319877,0.0
CAUCCUCUCUAGAC,0.00206402861162964,0.0
CAUGCGGCUCACAC,0.00340547903738459,0.0235384895651343
CGUCCUGUCUAGAC,0.00228299072681956,0.0365737165196109
AGGCCGCUCCGGCG,0.0259420579619695,0.0
CAUCCGCCUUGGAG,0.00518348900075026,0.0553870752791718
AGGGGGCUUCAGAG,0.174593865092578,0.0
AGGCGUGCUCACCG,0.028182230967156,0.0474189744236283
CAGGCUGCUUAGAC,0.00279055720443118,0.0285627494283303
CAGGGUGCCUAGCC,0.00109386085107731,0.0
CAGGCUCUCCAGAC,0.00189925559483099,0.043096349118635
CGUGCGGCUUGCAC,0.00316902401786008,0.0
CAUCCGCCUUAGCG,0.00414212521213799,0.0240251528943385
AAGCGUGUUCGGCG,0.0224649501931172,0.0
AAGGGGGUUUGGCG,0.119135410863397,0.0
CAUGCUGCCUGGCG,0.00299599699862243,0.0
CAUCGUGUUUAGAG,0.00464533390841495,0.0
CAUGGUCCUUACAC,0.00307898092995601,0.0398928036428393
AAGCGUGCCCGGCG,0.0154507845214671,0.0
AAGGGUCUUCGCAC,0.0174448102974451,0.0435404216452549
CAUCCGCCCCAGCG,0.00321094479631792,0.0895488772808631
CAUGCGGUCUGCCC,0.00135027581482942,0.0
CGGGCUCUUUGGCG,0.00745273135741355,0.0
CGUCGGGUCUGGCG,0.00595958831542303,0.0
AGUCCUGUUUGGAC,0.00423246821942987,0.0173800572621606
AGUCGGCCUCACCC,0.0010410612247271,0.0265835447552567
CAUGGUCUCUGCAG,0.0032677521286781,0.0
AAGCCUCUCCACCC,0.0157153527495744,0.0291725258132137
AGUCGUGUUCAGAG,0.0107893613946516,0.0
AAGCGGCCCUGGAC,0.0073712464897547,0.0203949666615608
CAGCCUCCUCAGCG,0.00478804531324585,0.0352214079583695
CAUGGGCCUUGCAC,0.00354608169345147,0.0383540711975234
AAGCGGCUUCAGAC,0.00772539226073356,0.0461688965392567
CGUCCUCCUCGCCG,0.00351429608723566,0.0
AAUCCGGUUCACAG,0.0107366035506837,0.0881701471267498
AAGCGGCUUUGGCG,0.0161916993347772,0.0
CGGCCUGUCUGGCG,0.00653146800225656,0.0
CAGCCGGCCUGGAC,0.0045083448555392,0.0210283584942854
AAUCCGCCCUGCCG,0.0836875279654547,0.0192288457513844
CGUCCGCCCCGCCC,0.0015856351261658,0.0391248288233418
AAUCGGCCCUAGCG,0.0160425166946297,0.0
CAUGGGCCCUAGAC,0.00121074009310344,0.0403627505716734
AAUGGGCCUUGGAG,0.022611806808662,0.0
AAUCCGCUCUGCAC,0.0102843526485118,0.0515933625566527
AAGCCUCUCUAGCC,0.00414860268417136,0.0296453557438512
AGGCGUGUCUGCAG,0.0160480417382633,0.0
CAGCCGGUCCGGAC,0.00344131109796313,0.0
CAGCGGCUUUGCAG,0.00391736813713505,0.0705619183522647
AGUGCGCCCCGCAG,0.0363233897931945,0.0383033186210138
CGGCGGGCUCGCAC,0.00434910971715371,0.0421811436115185
CGUCGGCUUUGCAG,0.00280725521587219,0.0
AGGCGUCCCCGGCG,0.0154802145872223,0.0
AAGCCUCUCUACAG,0.0197434459224539,0.0442250371087468
CAUGCUGCCCACCC,0.00105635511967197,0.0
CAUGCUGCUUACAC,0.00349046613979835,0.0450727776578163
CAGCGUCCUCACCG,0.00376384040001616,0.0438380158214432
CGUCGUGCUCACAC,0.00261474814978674,0.0280724696470027
CGGCCGCCCCGGCG,0.00408205912048637,0.0438211824496796
AAGGGUCUCCAGAG,0.0413652686594526,0.0301281810137844
AAUGGGCUUCAGCG,0.0125281157962682,0.0339699415742875
AAGGCGGCUCACCC,0.0140011920458321,0.0282327486655922
CAGGGGCCCCGCCG,0.00618031380858685,0.0309402602669438
CGGGCGGCUUGCCG,0.0428302392433787,0.0
AAGGGGCCCCGCCC,1.9526538838393,0.104081696203419
CGUGCGGCUCAGCG,0.00336122329940688,0.0
AGGGCUCUCUAGCG,0.0301539504370568,0.032684000100116
CGUCGUGUCUGGCC,0.000527400432712879,0.0883729314826206
AAGGGGGCCUACCG,0.0562065205814259,0.0278104377815588
AAUGCUCCCUGGCG,0.0153065771992667,0.0
CGGGGGCCCUGCCC,0.0199671676892806,0.0
CAGCCGGUUUGGCC,0.00239833073169042,0.0725915479497809
AGUGCUGUUCGCCG,0.0171407140785026,0.0
AAGGGUCCUUACCC,0.019873571590737,0.0200979153418391
AGGCGUCCUUGCAG,0.015057491824557,0.0
AGGGGUCUCCGCAG,0.0204219064979391,0.0283771173904101
AAUGCUGUCUGGCG,0.0113076852645996,0.0
CGGCGGCCUUAGAG,0.00494425104686948,0.0205053649331115
AAUCCGGCCCACAC,0.0119563080222194,0.0231560940457521
CGGGGGCUCUGCCC,0.00831712443389613,0.0
AGUGGGGUCUAGAC,0.005428104562147,0.034037678180347
CGUGGGGCCCACCG,0.00289702209777508,0.0
AAGGGGCUCCGCAG,0.0497089033052718,0.0225901310863809
AGGGGUCUUUACCG,0.0436844541252909,0.0707896598892743
CAGGGGCUCUGGAG,0.00427568879839342,0.0
CAUGGUGCUUAGCG,0.00377324421997934,0.0
AAGGCGCCCCAGCC,0.00930433141264147,0.0297049775597036
CAUGCGCUCUACAC,0.00293219361206117,0.0
AAGCGGCCCUGCAC,0.0416536218332155,0.0530385344119261
AGGCGUCUCUAGAG,0.0250817735398483,0.0
AGGCCUGUCUACAC,0.0198240515590311,0.0369626432499905
AGUGGGGCUUAGCC,0.00146310316825175,0.0440545333105297
CAGGCGGUCCACAC,0.00535519337864463,0.030335043763376
AAGGCGCUUUGGAG,0.129241268173683,0.0
CAUCCUCUCCGGCC,0.000567192703734643,0.0272084846563983
CAUCCUGUUCGCAG,0.00435267237102809,0.0
CGUGCGGCUCGGAC,0.00298253949966629,0.0316808107193729
CGGCGGGUCCGGCG,0.00491038631367174,0.0
AAGCCGCUUCAGCG,0.0186382692022737,0.0364288537510288
AGGGCUGCUUACAG,0.0303337663608732,0.013751576675126
AGUGGUCCCCACAG,0.00774222318069159,0.0580165070674934
CAGCCUGUCCGCAG,0.00438775525804434,0.0
CAUGCGGCUUACCG,0.00596801295256669,0.030198502319042
AAGGGUCUUCAGCC,0.00984594594231833,0.0355401039419838
CAUCGGCCCUACAG,0.00343558229842894,0.0
AAUCCGGUCUGCAC,0.0071933122639678,0.0278373719830584
CGGGCUGCUCAGAC,0.00255187150806166,0.0405486131077462
CAGGGUCUUCGGAC,0.00270917865581889,0.0
CAGCGGGCCCACCG,0.00596824421711573,0.0248472287929301
AAUGCGCUUCGCCG,0.986711872950672,0.0826835983997872
AGGGGGCUCCAGCG,0.0423676775562335,0.0
AAUGCUCUCUACAG,0.0114664545555058,0.0222526160805805
AGGCGGCUCUAGAG,0.0231508476272474,0.0565545327200808
AAUCCGGUUUACCC,0.0014206042826833,0.0274250435453732
AGUGGGCCCCGCCG,0.0276023037766961,0.0589390805802652
AGGCCUCUCUAGAG,0.0173251419880057,0.0
CAGGGUCUCUGGCC,0.00111639670922525,0.0
AAGGGGCCCUACCG,0.042782974466394,0.0318993156641339
AAUGGGGUCCACCC,0.0254647516323728,0.028233036039847
CAUCCGCCUUACCG,0.00315728390820691,0.0598680469584232
AAUCGGCCCCAGCG,0.0114747123272056,0.0162651253997781
CAUCCUCUUCACCG,0.00391090975405496,0.0152168646786766
AGGGCGGUCCAGCG,0.074873666613488,0.0
AGUCCGGCCUACAC,0.0102590949509997,0.0182471495836093
CGUGCUGCCUAGCG,0.00348983019475409,0.0
AAGGGUGCUCAGAG,0.0353822965541597,0.0296364793515104
AGUCCGGCCUGGAG,0.0130324008572374,0.0
CGGCGGGCCUGGAG,0.00452642701473966,0.0
AAGGCGGUCUGCAC,0.154004015284623,0.0206402009400504
CAGCCGGCCUAGCC,0.00110919821578676,0.0225832217736868
CAUCGUCCUCGGCC,0.000624908362842115,0.0
CAGCGUCCUUACCC,0.00122318710794948,0.0386836070951927
AGGCGUGUCUGGCG,0.013852427502005,0.0
CAUGCGGUCUGGCC,0.000548070329572271,0.0
CAGGCUCCUCGGCC,0.00115138678305335,0.052441955746215
AAGGCGCCUUGCCG,8.63717238119698,0.242029621174176
AAUCCUGUCUGCCC,0.00630458285299543,0.0
AAUGCUGUCCGCAC,0.0087554445621647,0.0113776801561476
AGGCCGCUCCACAC,0.023991634854167,0.0289193544571567
CGUCCGCUCUGCCG,0.00493009765646813,0.0
AAUCGUCCUCAGCC,0.00103434163284697,0.0449957518202217
AGUCGGCCUUAGAG,0.0109328968955697,0.0274502208841301
AGGCGUGCUCAGAC,0.011114177773425,0.0
CGGCCUGUCUAGCG,0.00323012916825096,0.0
AGUCGUGCUCAGAC,0.00477076855399686,0.0349160988132773
CGUCGGCUCCGGAC,0.00284960576803106,0.334630079536249
AGGCCGCCCUACCG,0.0141898959748949,0.0290267655722816
AAUGGUCCCUGCCG,0.0170435085646492,0.0
AAUCGGGUCUGGCG,0.0137991489346896,0.0569229172856009
AGUGCGCCUUGGAG,0.03320888619814,0.0
CAGGGGGCUUACAC,0.00466748557081132,0.0
CAGCCUGUCCAGAG,0.00419094241097305,0.0
CAGGCUCUCCAGCG,0.00581133984986525,0.0209226035186418
AAGGGUCUUUGCCC,0.0212225691121982,0.0291131555848667
CGUCGGGUCUGCCG,0.00326183228786528,0.0
CAUGGUCUUCACAG,0.00415398141232886,0.0
AGUCCUCUUCAGCC,0.000944643369344444,0.0321947025775928
CGUGGUGUCCGGCG,0.00335502749609,0.0
AGGCCGGUCCAGAG,0.0268875507961201,0.0422339743439721
AAGCCUCCUUACAG,0.0181165888931287,0.0254549701428369
CGUGCUCUCUGGCC,0.000898459716666811,0.0
CAUCGUCUUCGGAC,0.00184220892371338,1.18726922986987
CAUGCGCCCUACCG,0.00375666133463122,0.0241751044166253
AGGGCGCUUCGCAG,0.389996915694434,0.0545325995234511
AGUCCGCUCCGGCC,0.0015044612478316,0.0
AGUGGUCUUCGGCG,0.0138607037843064,0.0
AGGCGGCUCCGCAG,0.0196042212207862,0.0
AAGCCUCCUUAGCC,0.0025752556689673,0.032757286615566
AGGGCUCCUUAGCC,0.00259165114286561,0.0360147521691034
AAGCCUGUUCACCC,0.0115230491544083,0.0732956450533925
CAGCCUCCUCGCAC,0.00497394624835218,0.0295349590352963
CAUGGUGCUCGCAC,0.00390231352657567,0.0
CAGGCGCCCUGCAG,0.0222370114485428,0.018688931172009
CGUCCUGUCUGGAG,0.00378544220775944,0.0
CAGGCUCUCCGGAC,0.00202935677296881,0.0
CGUGCGCCCUGCCC,0.0017445930871086,0.0164975020285265
CGGCGUCUUUGGCC,0.00139692024440661,0.498846294052423
CGUGGUCUCUGCCC,0.00281057127961925,0.0
CGGGCGGUUCGGCC,0.00124026705682525,0.0
AGUGCUCUCUACCG,0.0150093335351395,0.0197103792620526
AGUCGUCUCUGGAG,0.0096397347454688,0.0
AAGCCGGUCCGGCC,0.00653729944373988,0.0528187974749927
AAGCGGCCUUGCAC,0.0331754580857162,0.0343907129802214
CGUCCGGCUCAGAG,0.00494425104686948,0.0482034312829171
AGUCCGCUCCACCG,0.0143070251478,0.0218168715066947
CAUCCUGCCUACCC,0.000937933802929169,0.0209877677639054
AAUCCGCUCCAGCC,0.000898020532306142,0.0330996168038863
AAUGGGCUCUAGCG,0.0184437666803425,0.0557136015494902
AGGGCUGUUUGGAC,0.018568532112406,0.0660977907805056
CAGGGUCCCCAGAG,0.00736126549175631,0.0
AAUGCGCCUUACAG,0.0560077573172628,0.0197414707153896
AGUGCGCCUCAGAC,0.0100844452967287,0.0336861892211663
AGUGCGCUUUACAG,0.103079222557961,0.0177336218866949
CAGCCUGCCCGGCC,0.00272260520202064,0.0
AGGGGUCUCUGCAC,0.0306899144604484,0.017887962863354
CGGGCUGUUUAGAG,0.00683632477150948,0.0
AAGCGGGUUCAGAC,0.00653275532923946,0.0
AGGCGGGUUUACAC,0.0262586467290207,0.0318968655136276
AAGCCUCCUCAGAC,0.0102787394308974,0.0467132534380476
CGGGCGCUCCGGAG,0.00916746548273716,0.0
AAGGGGCCUCGCAC,0.83033351195906,0.0350904383631638
CAUGGUCUUUAGAG,0.00461697201776228,0.0
CGGGGUGUUUAGAC,0.00256018276503465,0.0
CGGGCGGCUCGCAG,0.0136617463137183,0.0
AGGCCUGUCUAGCC,0.00767955223684788,0.0264248707313896
CAGCGGCCUCACCG,0.0046827762318908,0.0
CGGCCUGCCCGCAG,0.00692738470852592,0.0487450619451723
AAUCGGGUCCAGCG,0.00959207075269362,0.0
CGGGCUGCCCGGAC,0.00272438322990767,0.0
CGUGGUGCUCACCG,0.00356457933358328,0.0
CAGGCUGUCUGGAC,0.00231433027725805,0.0
AAUCCGCUCUGGAG,0.011937318452202,0.070116785061554
CGGCGGCCCUACAG,0.00399775543562436,0.0
AAUGGGGCCUAGCC,0.00181316368552787,0.0341668399482281
CGUGCGCUCCACAG,0.00321628575752989,0.0104167270709363
CAGCGGCCCUACAG,0.00570806391623636,0.0599120378281346
CGGGGGCUUUGCCG,0.0076824734148406,0.0
CGUGCUGCCUACCG,0.00364667805293394,0.0
CGGGGUCCUUGGAC,0.0021399536184771,0.0
CAGGCGCCUUGGCC,0.0021081737102624,0.0
AGGGGGCUCUAGAG,0.0625330964097173,0.0
AGGGCGGCUUGCAC,0.158298437683937,0.0304024651982128
CAUCCUGCUCGCCG,0.00326877869066876,0.0318928119429484
CGGGCUGUUUACAG,0.00520335698661092,0.0
AAUCCGCCCCGGCC,0.0023128390850691,0.0217080980256993
CGGCGGCUCCGGCG,0.00764111525425283,0.0
AAUGCUGCCCGGCG,0.0179717019960222,0.0277040305362204
AGGGGUGUCCACAC,0.026958301336842,0.0683712134077358
CAUCGUGCCUAGCG,0.00273268374055768,0.0
CGGGGUCUCUACAG,0.00478917306200457,0.0
AAGCGUCCUUACAG,0.0180487040427757,0.0213643402668822
AGUCCGCUUUAGCG,0.00980755088012523,0.0408957781892134
CAUGGUGUUUGCAC,0.00361431010071788,0.0
CGUGCGGUCCGGAC,0.00131403868360141,0.0
AGUCCGGCCUGCCC,0.00466070368257442,0.0
CGUCGGGCCUAGAC,0.00190364096213856,0.0392144766725868
CGUGCGGUUCAGCC,0.00034759242161428,0.0297097963750659
CAGGCGCCCCAGAC,0.00164142283599881,0.0
AAUGGGGCCUGGAG,0.0119076203223034,0.0
CAUCGUCCCUGCCC,0.00161065903160964,0.034155563243534
CGUGGUCUUUGCCG,0.00383706686694254,0.0
AAUCGUGCUCGCCC,0.00627139211734497,0.0266083228153433
AAUCCUGCCCGCAG,0.0134177865581161,0.0254319872410995
AGUGCUCUUUAGCC,0.00101078398090554,0.0280668853259058
CGUGCGCUUUGGAG,0.00573886282225921,0.0
CGGGCUCCCUACAC,0.00595084671173338,0.0364988457427722
CGUGCUGUCUAGAC,0.00177001827453561,0.0459340685347155
CAUCGGCUCUACCG,0.00316383525965526,0.0289068778371727
AAUGGUGCUUACAG,0.0133781183051727,0.0277840581853464
CAUGGGGCCUGCCG,0.0031869994283596,0.0
AAGCGUGCCUGCAG,0.012927902797672,0.032236583819245
AGGGCUGCUUGGAG,0.0351899500529741,0.0
CGGCGGGUCUGCCC,0.00354728070670369,0.0
AAGGCGCCCUGGAG,0.102270415762475,0.0
AGUGGGGCCCGGCC,0.00513802810690118,0.0
AAGCGGGCCUGGAC,0.0128810750957915,0.0267824328205933
CGGGCUCCUCAGCC,0.000863172319635035,0.0636068222660716
AGGCGGCUCCAGAG,0.0145031364041504,0.0164589587435749
AAGGCGGUCCACCC,0.0299571759765493,0.0545746431349389
CAUGGUCCUCAGAG,0.00608022775500649,0.0
CAUCGGCUCUACCC,0.000453459990308253,0.0287334420943365
CGGGCGGUCCGGCG,0.00797459846269271,0.0
AGUGCUCUUUGCAG,0.0153872881467213,0.0432623339916571
AAGGCUCCCUAGAG,0.0463702157430389,0.0115030532215236
CAGGGUGUCUGCAC,0.00408615788997477,0.0
AAUCGGGCCUGGCG,0.00750645401852654,0.0
AAUGGGCUCCACCG,0.0157126622252208,0.0380402679553657
AGGGGUCCCUGCCC,0.0155908218434139,0.0258052654523255
CGUCGUGUCCACCG,0.00429531809696786,0.0309354953736647
AGUCGUGUCUGGAG,0.00788803209780164,0.0
CAUCCUGUCCGCCC,0.00160873336965088,0.0238585863735258
AGGCGGGCUCGGAC,0.01241838755931,0.025589584706476
CGUCGUCCCUGCAG,0.00660654234711008,0.0
CGUCGUGCUUGGAC,0.00191390363104625,0.233403887174017
AAGGGUGUCCACAG,0.0213157761969628,0.0469941523937628
AAGGCGGUCUACAC,0.0866309504548467,0.0250437255404453
AGUGCUCUUCACCC,0.00210546470420971,0.0451748278613509
AAUCCGGUCUGCAG,0.0076559915737577,0.0
CGUCCGCUUCGCCC,0.00140908533281672,0.0
CAUGCGGCUCGGCG,0.00325871091725488,0.0
AGGCGUCUCUGCCG,0.0162233237475404,0.0
CGGCGUGCUCGCAC,0.00497322126784723,0.0
AGUCGGCCUUGGAG,0.00855735758112025,0.0
AAUGCUGUUCGCAG,0.0146468412618135,0.0346660625033289
AGGGGGCUUCGCCG,0.115000044793424,0.0335334957908455
CAGGGGGCUCGCCG,0.0107949481189983,0.0
CGGCCGGUCCAGCC,0.00145818103577083,0.039214428135458
AAGCCUCUUCGGAG,0.0236096880025871,0.0
AAUGCGCUCCACAC,0.0266638851658364,0.0150406202500283
AGUGGUGCUUGCAC,0.00995377273462173,0.0395994507519753
AGUGCGGCUCGCAG,0.100179943830617,0.0309050954449261
CAGCCUGCCUGGAC,0.00210479233828229,0.0
CAUCGGGCCUACCC,0.00120852671009495,0.0516764733098573
AAUCCGCCUCACCG,0.00909995061452761,0.0190250519941235
CAUCGUGCCUACAG,0.00274799420208792,0.0463701769787337
CAUGGGCUCCAGAG,0.00402020412791571,0.0
AAUCGUGUUUGCAG,0.00895962652724129,0.0301460956107411
CAGCGUCCCCGGAC,0.00202298560100891,0.0484940630495129
CAUCGUGUUUGGCC,0.000366225491837922,0.024246549309602
CGUCCGCUUUACAC,0.00410031854059348,0.0422881012275562
AGGCGUCCCUACAC,0.0124709903637556,0.0410154288305548
CAUCCGCUCCACAC,0.00230800100735608,0.0298574627084894
AAUCCUCCUCACCG,0.011521211861082,0.020390661680703
AAUCCUCCCCACAC,0.00857864454027727,0.0333622316742515
CAUCGUGUCCAGCC,0.000445615618274119,0.0
AGUGGUCUUUGCAC,0.00917176791249744,0.0532403911690896
AAGGCUCCCCGCAC,0.0233821872424869,0.0504242792395844
AAGGCUGUUUACAC,0.0270388729125674,0.0189582303071467
AGUGGGGUCCACCC,0.0165755542759034,0.0234930089519979
AGGGGUGCUUGGAG,0.0300775272017893,0.0
CAGGGGCCCUACAC,0.003986908319657,0.0178040333876834
AAGCGUCUUUGCAC,0.0167013162452781,0.0363609684982274
CAGCCGCUCUGCAG,0.00580192724887745,0.0423360723260747
CAUGGGCUUCGCAG,0.00354993803538206,0.0
CAGGCUCCCCACAG,0.00554998329577078,0.0220816913781068
AAGCCUGCCCACAC,0.0292551739709746,0.0534399702997777
AGUCGGCUCUGGAC,0.00598837859714005,0.0
AGUCCUGUUCGGAG,0.0132130846942201,0.0
CAGCCGGUCCAGCC,0.0010917904519901,0.0329871880529435
CAUGCGCCUCAGCG,0.00406858927262323,0.0
AGUCGGGCCCAGAG,0.00936805461512112,0.0
AAGGGGCUUCACCG,0.264136702815089,0.0
AGUCCGCUUUAGAC,0.005409663431477,0.0256852249335262
AGGGGGGUUUGCCC,1.57658792090852,0.0
AGGCCUCUUCGGAG,0.0382263854086668,0.0454102678227758
CAGGGGGUUCAGAC,0.00169248876383562,0.0
CGUGCGCCUUGCAC,0.00456948733719985,0.0358343843709357
AGUGCGGUCUGCAG,0.0388610640994476,0.0
AGUCGUGCCCGCAC,0.00715376982971957,0.0198899575332309
CGGCGGCUCUACAG,0.00415278002948523,0.0
CAUCCGGUCUAGAC,0.00267932679563013,0.0391634662543413
AGUCGUCCUUAGCG,0.0102021299586523,0.0
CAUCGUGUCCAGCG,0.00395735508692122,0.0
AAUCGUGUUUGGAC,0.00589939045365108,0.0249954182259788
CAUGCUGUUCGCAG,0.00518806159161189,0.0
CGUCGGCUCUGGCC,0.000543777610585615,0.0271064491493395
AAGGCGGUCUAGAC,0.0453301343603195,0.0289972284554755
AGUGCGGCUUGCAC,0.0181298991772084,0.0193340413734945
CAGCCGGUCUAGAG,0.00821219780045102,0.0332211389604753
CGUGCUGUCCACCG,0.00343963893513613,0.0301783234039899
CGUCCUGUCUGGCG,0.00301761800982644,0.0
CGGCCUCUUUACCG,0.00462168203668446,0.0321987509410864
AAGGGGGUCCAGAC,0.0124444690835692,0.0192208088565242
AGUGGUGUUUGGAG,0.0170904596135411,0.0
AGGGCGGCCUACAC,0.143681338046437,0.0340685594962343
AAGCCUCUCCGCAC,0.0160301889410221,0.0273070740687532
AGUGCUCUCCAGAG,0.0149419635050975,0.0314632393641611
AGUGGUCCUCACAC,0.0112263582593624,0.0266093348893046
CGGCGUGCUCACAC,0.00374409052304431,0.0306205031257912
AGGCGUGCCCAGCG,0.0132089059830581,0.0
AAGCCGCUUUACCC,0.0030140301018198,0.0564517315475581
CAGGCUCUCUGCAC,0.00444113002325587,0.0188249495202105
AGGCGUCUUUAGCC,0.00341725438068477,0.0420875976207731
AGUGCGCCCUGCAC,0.0253376644855975,0.0217919631981956
CGGCCUGCCCAGCC,0.00162596175366848,0.0292689370932152
AGUGCGCUUUGCAG,0.0498672743043365,0.0
AGGGGGGCCCAGAC,0.0240397757649595,0.0250179165459834
CGUGCGGUCCACAG,0.00444886402563645,0.0
AGUCGUCCCUAGAG,0.00742902171364659,0.0399828290879117
CAUCCGCUCUAGAC,0.00182469821842848,0.0116906171484664
AAGCGUCUCUAGCG,0.0164149134756066,0.0518121549307808
AAGCGGCUUCACCC,0.00831316688859676,0.0286777893192398
AAUCCUGUCUGGCG,0.0139385800789405,0.0
AAGCGGGCUUACAG,0.0209062467105283,0.0
AAUCCGGCCCGCCG,0.0253437328841331,0.0155673351935072
AGGGCGGUCUACAG,0.657150729800949,0.0345985270857704
AGGGGGCUCCGCAG,0.0560642752636093,0.0601242904573492
CGUGGGGUUCAGCC,0.000435921936399995,0.0414536880860516
AGUCGGCUUCACAC,0.00789994087248235,0.02113735927425
CGGGGGGUUUGCAG,0.00248395387522151,0.0
CAUGGUGUUUGCCC,0.00137848436956852,0.0532519181743463
AGGCGGCCCUGGCC,0.00259132654448086,0.0355876306757001
AAGCGUCCCUGCAC,0.0161571060995913,0.0416284275271093
CAGCCUGUUUACCC,0.00280164956677221,0.0227536730107259
AGUGCGGCUUACCC,0.00229368816490766,0.0186990476141258
AAGCCGGUUUGGAG,0.022449081040014,0.0418272847348808
AAGCGGGUUUGCAG,0.0207383863354803,0.0
AGGCGUGUUCAGAG,0.0258657577914931,0.0
AAGCGGGUCUAGCC,0.00720441205047215,0.0671985216489792
AAUGGGCCCUACCG,0.0182312524985328,0.0281472338284884
AAUCGUCUCCGGAG,0.0143627011044624,0.0
CAGCCUCCCUGCAC,0.00484547281321172,0.021634086593836
AAUGGUGCCUGCCC,0.0129741146496437,0.0
AAUGCUGUUUGCCC,0.00636929282651646,0.0302340879820969
AAUGGGGUUUGGAC,0.00842989965672218,0.0
AGUCGGCCCCACAG,0.0159894357249678,0.0751434534710413
AAUCGUGCCUGCCC,0.00690482661740875,0.0687254732033115
CGGGGUCUCUAGCG,0.00767211369341816,0.0297456514790613
CAGCGUCUCCACCG,0.00752652077679389,0.0288955853209265
AGUCGUGUCCGGAG,0.00843747189520118,0.0
AAGCCGCCCUAGCC,0.00312075251720722,0.0223511316550816
CGUGGGGCUCACCG,0.00349675649696361,0.0
AGGGGGCCUCACAG,0.079050525458669,0.0460432889257907
AAGCGUGUUCACCG,0.0235940281874982,0.0224499371459163
CGUGCUCCCUAGCC,0.000286229728647299,0.0227082285332662
AAGCGGCCCCAGAG,0.0226882572709964,0.0332955560717776
AAGCCGGCUUGGCG,0.0180436747974834,0.0
AAUCCUCCUUGCCC,0.00499485010729066,0.0169762621043536
AGUGGGCUCCGCCG,0.0187681588451938,0.0
CAGCCGCUUUACAG,0.00528734071076822,0.0555458187147716
AAGGGGGCCUGGCC,0.0159961063281071,0.0
CAGGCGGUUUAGCG,0.00728478053483621,0.0
AGGCGUGCCUGGAC,0.00664499905735278,0.0
AGGCCUGCCCAGAC,0.0193716287656243,0.0305183096871116
CAUCGUGUCCACAC,0.00312461962069818,0.0
CAGCGUGCUUAGCC,0.000850832439119355,0.217180253671937
AGUGGGGCUUAGAC,0.00535574843387069,0.0
AAUGGUGCUCGCCC,0.0127285034391134,0.0239509532728628
CGGGCGCCCUGCAC,0.00699274942661704,0.0
CGGGGGCCUUAGAC,0.00194315543326748,0.0483746696127108
CGUCCUGUUUGGAG,0.00345730425925898,0.0
AAUCCGCCUUACCC,0.00120658715931726,0.0365901220516231
AAGGCUGUCCGCCC,0.024882200906446,0.0180902343886201
AAUCCGCCCCACCG,0.00983805055244437,0.0228988485080314
AAGCCUCCCCGCAC,0.027857533883481,0.0529867149162228
AGUCCUCCUCACCC,0.00104435047785327,0.0292702232448917
AAUCCGGUUCACCC,0.00142381118221698,0.0259126146359256
CAGCCGGCCCGCAC,0.00835486866716371,0.0
AGGCCUCUUUGGAG,0.0150604489125037,0.0
AAUCCGGCUUGGCC,0.00519568344363418,0.0390240498879813
AGUCCUCCCUACAG,0.0121635069140855,0.0388049562652571
CAGCGUCUUCGGAC,0.00271030373001151,0.124356732990447
CGUGCGGCUCGCCG,0.0264472888205293,0.0
AGGCGGCUUCGCCC,0.0189792615540291,0.0
CGGCGGCUUCGCCC,0.00733912264769688,0.0
AGGGCUCUCCACAC,0.0247717755107118,0.0193061041710393
CGGGGGGUUCAGCG,0.00719625580451893,0.0
AAUCCGGCCCAGCG,0.00946876955165846,0.0265046809525522
CAGGGUCUUCGGCC,0.00116171312191482,0.0
AAUGCGCUUUGCAC,0.0307769240585594,0.0
AAGCCUCUUUACAG,0.0193986655855074,0.0326199097503526
CAGCGGGCCCAGAC,0.00229110031348071,0.0821376523568778
CGGGGUCUCCACCG,0.00354375791776769,0.0
AGGGGGCCCCGCCC,1.83389931435644,0.0
CAGGCUGUCCGCCC,0.0019516780448169,0.029998573946678
AAUCGUGCCCACCG,0.0150820003641646,0.0
AGGCGGGCCUACAG,0.018107235193579,0.0
CAGCCUGUCUACCG,0.00512602498241615,0.0206486057577617
AGGGGUGCUUGGCG,0.0240189468470079,0.0
CAGCGUGUCCAGCC,0.00285085182416295,0.221926697904835
AGUCCGCUUUGGCC,0.00138796211170462,0.0450257354744289
CAUCGGCUUUAGAG,0.0036061948942049,0.0646829493585655
CGUGGGGCCCAGCC,0.000510864969883189,0.0
AAUCCGGUCUGGCC,0.00170045387586948,0.0253499765975369
CGGGGGCUCCACAG,0.00412970277532301,0.0406713710546564
CGUCGGCCCUAGAC,0.00140825725012076,0.0248078168764893
CGGGGGCCCUGGAG,0.00706321578124211,0.0
AAUGGUGCCCGGCC,0.00650136907137058,0.0
AAGGCGCCCCGCCG,5.52122311519785,0.0898472714332248
AGUCCUCCCUAGCG,0.00890898065992519,0.02675041555542
AGGGCGGUUCACCC,0.0467006985245217,0.0279783696074702
CAUGCUGCCCAGCG,0.0032373072330693,0.0
CGUCGGGUCCAGCC,0.000534683637384104,0.0303135687101368
AAGCGUGCUCAGCG,0.0146701133035403,0.023102504047932
AAUCGUCCCUACCC,0.00533260860376041,0.025950798512701
CAUCGUGCUUGGAC,0.00129959869806732,0.0
CGGCGUCUUCAGCG,0.00898954735794451,0.0
AGGGGGGCUCACAG,0.0506874657682662,0.0
CGGCGUCUCUAGCC,0.00159361494802566,0.0
AGUCCUCUCUACAG,0.01152280338608,0.027951891836811
CAGGCUCCUUAGCC,0.000510574461912843,0.0284274165377249
AGGGCGCCCUAGCG,0.149122659498417,0.0249359726130772
CGGGGGCCCCACAC,0.00440534479089582,0.0612011050888906
CGGCGGGUCUAGCG,0.0049346691649957,0.0946470995887246
CGGCGGCUCUAGAG,0.00819704778823098,0.0
AAGCCGCCUUAGAC,0.0164195027103787,0.0259866659715281
CGGGCUGCUUAGCC,0.000833187947124053,0.0612929413166297
AGGGCGGUCCAGCC,0.0108790723145459,0.0233265918819021
AGUGCGCCCCAGCG,0.0167870685881886,0.0183964053361465
CAUCCUGUUUACAC,0.00293685930329714,0.020916240530087
AGGGGUGCCUGGAC,0.0142761634759754,0.0
AAGCCGGCUUAGCC,0.00307405588635522,0.0357096813716239
AGUCGUCUUUAGAC,0.00385416341164209,0.0278813968241396
AGUCGUCCUCGCAC,0.0084324620608685,0.0
CGGGGUCUCCGGCG,0.00749527419339256,0.0
CAUGCGGCUUAGCG,0.00326150403665386,0.0450771642376618
AGGCCUGCUCGCAC,0.0207847496237825,0.0147516715845755
CGUGCUGUCUACAG,0.00321696679885406,0.0
CAUGCGGUCCGCAC,0.00321310744425205,0.0
AGGGCUCUCCGGAG,0.0511773353974209,0.0
CAUCGGCCUCACAG,0.00417665042772079,0.0263013143690653
AAGCCGCUUCACAC,0.025020811260784,0.0248583993061974
CGGGCUGCUCGGAG,0.00743429052337259,0.0
CGGCGGGCUUGGCG,0.00919510103228775,0.0
AAGCCGCUCUACCG,0.183081967836051,0.03193255473031
CGUGGGGCUCGGAC,0.00218272987684218,0.0672118332052959
CAUGGGCCCCAGAG,0.00292133598078095,0.0
AGUCGGGCCUGCCC,0.00539468069732581,0.0
AGUCCUGCUCACAC,0.0104701786874883,0.0228270621929192
AGGCGUGCUCGGCC,0.0123224775319355,0.0375176261857598
CGUGCUCCCUGGAG,0.00317773220117623,0.0
AGGCGGGCCUGCCC,0.0268493821590023,0.0
AGGGGUCCCCACAG,0.0251992905565585,0.0403249166513045
AGUCCGCCUCACCG,0.0140336425016637,0.0252053767309225
CGUCCUGUCCAGAC,0.00224623315014347,0.012928006545326
AGGGCUCUCCACCG,0.0344764564420188,0.0419836973535538
CAUGCGGUCCGGAG,0.00670076128720469,0.0
AAUCCUGCCUGGCC,0.00295342429790876,0.0316605801850575
CAUGCGGCCUGGAC,0.00312849631997944,0.0432854727733323
AGUGCGCCUCAGCC,0.00157707477128238,0.0239707443860527
CGGCCGGUCCAGAC,0.00236158332523237,0.0227076875087256
AGUCCGCCCCACAG,0.0117212848093888,0.0184344794034483
CGUCCGCUUUGCCC,0.0018216359028525,0.0
AAGCCGGCCCAGAG,0.0237883776783343,0.0
CGGCGUGUCUGGAC,0.00371912689366288,0.0
AAGCGGGUUUACCC,0.023879453870764,0.0190416251288589
AGGCGUCUUUAGAG,0.0223059601827157,0.0188941467956576
AGUGGUGCCUGGCC,0.004189166681971,0.0438524890409988
AGUCCUGCUCAGCG,0.0110250513280299,0.0188933602982435
AAGCGGCUCUGGAG,0.0315436795685017,0.0485160866059811
CAUCGUGUUUGGCG,0.0027068816293423,0.0
CGGCCGGUCUGCAC,0.00766900253620266,0.0704598009888501
CAUCCGGUUCGGCG,0.00347990642375385,0.0
CAGGCGCCUCACAC,0.00541068982487603,0.019091474187771
AAGCCUGCUCACCG,0.0291812755085853,0.0232123760641035
CAGCCUCCUUGCAG,0.00918218051561475,0.0295612340804449
CGUGGUCUCCACAG,0.00355167384454504,0.0
AGUGCUCCCUACAC,0.0116872860349152,0.0267970365489848
AGGCGGGUCUGCCC,0.0301658173990548,0.0
AGUCCUCUUCGGAC,0.00494209762742398,0.0376795578760356
AAUCCGGUCUACCG,0.0203458118300381,0.0129928119457211
CGGCGGGCUUACCC,0.000832875367772807,0.0272156615631933
CAUGGGGCUCGCAC,0.00312356400596146,0.0425562440758392
AAUGCUCUCCAGAC,0.00726031375134997,0.0386328932928772
AAGGCUGUUCGCCG,0.0243978667211074,0.0384227266125809
AAGCCUGUCCACAG,0.0164878919756478,0.0579821218190882
AAGCGGGCUCAGAC,0.00862847135603261,0.0254007734276832
AAGGCUCUUUACAG,0.0257000894655416,0.022457308841555
CAGGCGCCCUAGCC,0.000510568065584092,0.0320298875802274
CGGCGUCUUUGCCC,0.00276826556009619,0.0
AGGGGUCUCUGCAG,0.01803983490074,0.109417777399546
AAGGCGGCCCAGCG,0.0454446837146254,0.050903790576685
CGGGGGCCUCACCG,0.00586738652713941,0.0
AGUGCUGUCCAGCC,0.00347221266700606,0.0124328866496056
AGGGCGCUUUACCC,0.0446747401660208,0.0
AAUGGGCUUCACCG,0.0399902658202678,0.0338337937480409
AAGCCGCUUUGCCC,0.00867633743052955,0.0416411324472554
AAGCCUCCCUGGCG,0.0183889664960412,0.0
AGUGGUCCCCAGCC,0.00252359354977891,0.0
AGGGCUCCCUGGCG,0.0449325517435098,0.0
AAUCCUGUUUGGCC,0.00159734042927916,0.0233857673914045
AAGGCUCUUCACCG,0.0292499334561567,0.0299842018355202
CGGCGGGCUUGCCG,0.00869318865383645,0.0
CGGGGGGCUCGGCC,0.00172859351734421,0.0
CAGGGGGUUCGCCG,0.0044462689270409,0.0
CAGGCGCUCUGCAG,0.00576966172828207,0.0321628743120236
AGGGCUCCUCAGAC,0.0161586618739924,0.0
AGUGCUGCUCGGCC,0.0022292310942763,0.0
CAGGCUGUUCACCC,0.00149438400935159,0.0439931023964611
AGGCGGCUUUGCAG,0.0128585675922731,0.0
CGUGGUGCUCAGCG,0.00734770641687548,0.0270820903466411
AGGCCGGUUUGCAG,0.020165254670325,0.0961664969694394
CGGCGGCCUUGCCG,0.00770006310578034,0.0
CGUCCUCUCCGGCC,0.000899161677492378,0.0479883981030199
CGGCGGGCUUAGCC,0.000654063628665402,0.0271777153163496
CAUGGGCCUUGCCC,0.00796328926714189,0.0
AAGGCGGCCUACAC,0.108233133783543,0.0229625353479555
CAGCCGCCCUAGCG,0.00440384679597372,0.0294164012166842
CAGCGUGCCUGGAC,0.00279477425903008,0.0
AGUGGUGUCUGCAG,0.00779476313001362,0.0310039215671594
CGUCCGCCCUGCCC,0.00166535402027789,0.0296181889531471
CAUGCUGCUCGGAG,0.00497350697022374,0.0
CAGCCGCCCCAGAG,0.00736883569485355,0.0378631685063277
AAGCGUGUCCACAC,0.0173269512133595,0.0405365931435337
AGGGGUGUCUGGCC,0.0127834911935506,0.0
CGGCCUGUCCGCCG,0.00475085347190689,0.0223321276418359
CAUGGGCCCCACCC,0.00235254847393106,0.0259502410954218
CAUGCUCCUCGCCG,0.00361113023919739,0.0
CAUGCGCCUUGCCC,0.00320131362746944,0.0301270479013166
AGUCCGCCCCGGAC,0.00538471371009339,0.030991582824502
AGGCGGCCCUGCAC,0.0273160434745938,0.0
AAGCGUCCUCACCC,0.0150848448880639,0.0216411825774183
AAGGCGGCCCGGAG,0.2055690092999,0.0
AAGGCGGUCUACCG,2.97983339779919,0.0510498281694412
CGUCCUGUUCAGAC,0.00248140179181535,0.0
AAGGCGCCCCACAC,0.0916604890786289,0.0260825497267442
AGGCGGGCCUGCAG,0.0293818197457407,0.0
AGGGGGCCCCGGCC,0.0172018734339,0.0
CGUCCUGUUUAGCG,0.00297749493382439,0.0700119870679534
AGGGGUGCCCGGAC,0.0156409480232698,0.0
AGUGGGCCCCACAC,0.0119811346640148,0.0
CAGGCGGCCCGGAC,0.00216827238630612,0.0
CAGCGGCCUUACAG,0.00345370477538677,0.0
CAGGGGCCUCGCAC,0.015466795697137,0.0
AAGCCGGUUCGCAC,0.0254124745418867,0.0203037734580109
CGUGGUGUUCACAG,0.00568981271266726,0.0
AAUCCGGCUCAGAG,0.0161062723496505,0.0141265189985332
CGUCCGCCCCACAG,0.00422219458210389,0.0540048376167824
CAUCGUGCCCGGCG,0.00207809678279994,0.0
CAUCGUGUUCACCC,0.000884265176936255,0.0
CGUGCUCCCUGCAG,0.004080969118051,0.0276012113483742
AGUGGGGCCUAGCG,0.0155491971617312,0.0202491623193129
AGGCCUGUCUAGAC,0.0127636915612119,0.0
AGGCGGCCUCGGAG,0.0136584935169769,0.0
CGUGCUCUCUGCCC,0.00153887331780074,0.0
CAUCCUGCCCGGCC,0.000522633627092462,0.0
AAUCCUCUCCACCC,0.00395455292858891,0.0342821897986372
CAUCGGCUCCACCG,0.00279630762811828,0.0
AAGGGGCUUCGCCG,0.113577842444596,0.0
CGUGCUGCCUGGCG,0.00457173898169438,0.0
AAUGGGGUCUACCG,0.0429073461065048,0.0222417911190833
CGGCCGCUUUGCAC,0.00837332838582735,0.0478947839839574
CGUCCGGUCUGGAC,0.00477214104207339,0.0
CGGCCUGUUCGGAC,0.00266989556530952,0.0
CAUGGUCUUCGGCG,0.00324016452100669,0.0
AGGGGGGUCUAGAG,0.0603089962859903,0.0
CGGCCGGUUUAGCG,0.00358279061367353,0.0
AAUCGGGCCUAGAC,0.00598635246224033,0.0275439442195693
CGGGCUGUCCGCAG,0.00240345537000599,0.0555011755177664
CAUGGUCCUUGGCC,0.00105132920194673,0.0
AAGGCGGCUUGCAC,0.100699666268421,0.0233879393119344
AAUCCGCCUUGGAC,0.00528663462875363,0.0316594766852494
CGGGGGGUUCACAC,0.00544535757189003,0.0
CGGCCUGUUCGGCG,0.00760011562947842,0.0
AGUCGGGCUCGGCG,0.0141015610843812,0.0
AGUGCUCUUUAGAC,0.00434663300319177,0.0203384765709491
AAUGCGCUUUGCAG,0.0376164669573271,0.0313808304518457
CGUGCGCCCCAGAG,0.00259890119130318,0.0
AAGCGGCUUUAGCC,0.00228430489845099,0.0127052351155371
CGUCGUGUUCGGCG,0.00298173034624804,0.0
AAUGGGCCCUAGCG,0.0150209201752005,0.0269751432421819
AAGCGGCCUUGCCC,0.0891907132426237,0.0276561191946822
CGGCCGGCCUACAG,0.00702003035866658,0.021625294412288
CAUGGGCCCUGCCC,0.00822172417730338,0.0786864209555322
AGUGCUGCCCGCCG,0.0182869559267775,0.0
AAUCGGCCUUGGAC,0.00485921478807811,0.0364397465129635
AAGCGUCCUUACCG,0.0151161815445691,0.0168825038479109
AAGGCGGCUCGCCG,5.77540607937899,0.0357871907650413
AAGCGGCUUUGGAC,0.00631088381862742,0.0
CGGGCUCCCUGCAC,0.00814515345871562,0.0794002527472782
AGUCGGGUUCGGAC,0.00580896448103227,0.0745099324887066
CGGGGGGUCUGGAG,0.00557241408970945,0.0
CAUGGGCCUUACCC,0.00115232947785909,0.0354046903140339
AAUCGGCCUUACCG,0.0115050650498647,0.0126999108784738
CAGCCUCCCCGGCC,0.00211452246029638,0.0692746817565996
CAGCCUGCUUGCCC,0.00327764957039662,0.0187275985633568
AGUGGGGUCUAGCC,0.00232869161934467,0.0241507186853071
AAUGGUGUUCACCC,0.0106071432342723,0.0290744806395718
AAGCCGCCCUAGAG,0.0196629060863963,0.0451322102710749
AAGCCGCCUUAGCC,0.00325347279769135,0.0187661549601569
CAUGGUCUUCAGCG,0.00222340557747941,0.0
CGGCGGCUCCGCAG,0.00991425340127474,0.0
AAUGCGCUCCGGAG,0.047816112098014,0.0223844827440466
CAUGCUGCUCGCCC,0.00191328200310372,0.0
CAGGGUGUCCACCG,0.00512272000176985,0.0432137249466438
CAUCGUGCCUGGAC,0.00140262441045942,1.14579398343325
CAGCCUCUUUGGAG,0.0117987809073021,0.0210150162991682
AGGCCUGCUUGGAG,0.0182319257353312,0.0539218454369923
CGUGGUGCUUACCG,0.0039033560896338,0.0442320000569387
AGUCCUGUCCACCG,0.0168634276777155,0.0270052468672799
AAGCCGCUUCACAG,0.0380796016726382,0.0245981516381192
CAGGGGCCUUGCAG,0.00331146787621895,0.05824604370895
CAUGGGCCUUAGCG,0.00329354302750594,0.0
CGGCGUGUCCACCG,0.00270388729125674,0.0
AGUCGGCUCCACCG,0.0114391990129843,0.0261765145940073
AAUGCGGUCCGGAG,0.0221895604211913,0.0
AGUGCGCCCUGGAG,0.0256195566600141,0.0
CGGCCUGCCUAGAC,0.0024040853714136,0.0401489445636017
AAUCGGCUUUAGCG,0.00887372362390228,0.0192520334782793
CAGCCUGUCUAGCG,0.00463523535644013,0.0
AGGCCGCUCUGGAG,0.0153744843509907,0.0
AAGCCUCCCUACCG,0.0206735849230898,0.0334105041591272
CGGGCUGUCCAGCG,0.00431524869475295,0.0230243872411215
AGGGGUCUCUGGCC,0.0204628682808698,0.0210882423899242
CGGCGUGUUCACAC,0.00465084220949212,0.0220298791453313
AGGCCUGUCUAGAG,0.0271622195116884,0.0330872299832682
CGGCGUCUCCAGCC,0.0017460642670601,0.145429808792358
AAGGGGCCUUGGAC,0.0159172232994736,0.0
CGGGCGGCUUGCAC,0.00480940783650031,0.0
AGGCCGCCCCGCCC,0.0106902725337718,0.0221094636319804
AGGGCGCUCCACAG,0.622818094494747,0.0262145652150785
CGUGCUGCCCACAG,0.00380751475707582,0.0376264153362655
CAGGGGCCCUGCAC,0.0102678229412501,0.0
CGGGGUGCUCGCCG,0.00586738652713941,0.0
AGUCCGGUCUGGAC,0.00437298277662791,0.0471186494589178
AGGCGUGCUUAGAG,0.0140700761174211,0.0
CAGGGGCUUCGCAC,0.00467902300488154,0.0177869742686892
CGUGCUGCCCACCC,0.00146993785872924,0.0453164198678596
AGGGCUGUUCGGCG,0.0182266881812561,0.0
CGUGGUCCUUAGCG,0.00354608169345147,0.0
CGGCGGGUUUGGAC,0.00295905933865673,0.0
CAGCCGGCUCAGAC,0.00474930155089392,0.0339769903570578
AGGCGUCUUUAGAC,0.00503676302071943,0.0308867166853197
AGUGGUGCUUGCCC,0.00648140601977441,0.0
CGUGCUGCCCGCAC,0.00321802546585039,0.0
AAGGCUGUUCAGAG,0.0399001059482367,0.0
AGUGCUGCCCAGAC,0.00677250415609953,0.0324977693915767
AAGCGGCCCCACCG,0.0337042694910143,0.0326415642365993
AGUCGGGUUUACAC,0.00637906815771445,0.0
CAUGGGGUCUAGCC,0.000445749961240135,0.0895120248201933
AGGCCGGCCUAGCC,0.0023934200657471,0.0364138416316756
CGGCCUGUUCAGAG,0.00822098346236553,0.0
CGUCCGCCUUACAG,0.00374409052304431,0.0
AAGCGUGUCCACCG,0.0115222129532181,0.0
AGUCGUCCUCAGAC,0.00362595023850559,0.0223806726391971
AGUGGUCCCCGCCC,0.00821287690606327,0.0311970046912922
AAGGGUGCUUGGCC,0.0090446515544896,0.0
AGGCGGCCCUGCCC,0.0143550715155622,0.0350058343570787
AAUGCGGUCCAGAC,0.00991352923627092,0.029060619660213
CAGGGUCUUCACAG,0.00732688786357355,0.0598477402108199
CAUCCUCCUUAGAG,0.00313534480053168,0.0
AAGGCGCUCUACAG,1.29668869717303,0.102323631790228
CGGCCUCUCUGCCG,0.00651620042861874,0.051110877324744
CGUCCGGCUUGGCC,0.000729114050978324,0.0213142740918327
CAGCCGCUCCAGAG,0.0068638508196748,0.0254262251648682
AAUGGUCCCCAGCC,0.00501645349241007,0.0212974324435354
AAUGGGGUUCAGCG,0.0121213896632929,0.0331864111247096
CAGGCUCCCCGCCC,0.00196966980905796,0.0524548549868044
AAGCGUCUCCACAG,0.0251672572617712,0.0316608165077473
CGUCGGCUCUACAG,0.00323133158520023,0.0563589532713072
CGGGGUGUUCGCAC,0.0089376845847256,0.143431444816438
AAGGGUGCCUACAG,0.032713040331658,0.019239994500709
CAGGCUCUCUAGAG,0.00450348448067569,0.0
AGUCCGGUUCACCG,0.0119697041533775,0.0255280983849865
AAUCCGCUCUACAC,0.0100807785233394,0.0311300574210448
CAGGGUCUUUAGCC,0.00125676925749299,0.0393844117203362
AGUCCUGCCUGCCG,0.014070714447705,0.0446672557009465
CGGGCUCCUCAGAG,0.00851740726561549,0.0
AAUCGUGCCUAGCG,0.0125336764038141,0.0
CGGCGGCCUUACAC,0.0041694940048361,0.0308702977744733
CGGCCUCUCCGGAC,0.00217290571944552,0.0
CGGCGGCUUCACAG,0.00464995038931772,0.0323443223884025
AGUGGUGUCUGCAC,0.013596690378891,0.0
CAGGCUCUUCGCAG,0.0066747389132738,0.0315449145954173
AGGGGGGUUUGGCC,0.0150667306041075,0.0
AGGCGUGCCUGCCG,0.0173150940587681,0.0
AAUCCUCCUCGCCC,0.00668389493373096,0.0329754104000701
CAUCCGCCUCAGCC,0.000275615797544153,0.0368536045002253
AAUCGGGCCUACCG,0.00996082491490327,0.0240119702628482
CAGCGGCCCCGCCC,0.00959766379686428,0.0302897603471048
CAGGGUCUUUGCCG,0.00648364209367087,0.0200853689262985
AAGCCUGCUUGGAG,0.0185800573359414,0.0255210044083157
AGGCCUCCCUGCCC,0.00820154851328192,0.021590449002414
CGGGCGCUUUGGCG,0.00851881092534944,0.0
AAGCGUCCUUACAC,0.0219380675589573,0.0269820557350811
CGGCCGCCUUACCC,0.000682941595573062,0.0359193256448979
CGGCGUGCUUGCAC,0.00822041739588736,0.0780354920243362
AGGCGGGCUCGGAG,0.0244269545767956,0.0
AGGGGUCUCUAGAG,0.038491428106111,0.024278260211
AAGGCUCUCCGCAC,0.0256569202730976,0.0184947159701077
AAGCCUCCUUACAC,0.0161663577244018,0.0555547265006477
AGGCCGCUCUACCC,0.00341293639961773,0.0231437587526511
AGGGGUGCCUACAC,0.0215047350365698,0.011144517409765
AGUGGUCUUUGCCC,0.00693401061451208,0.0482471354196535
CAUCCUCUCUACCG,0.00353574811089142,0.0462745361502473
CAGCGUCUCCGGCG,0.0034764265173301,0.116124876364351
CGGCGGCCUCACCC,0.000681069948152831,0.0353769583318366
AAGGCGGCUUGGCC,0.0306424363884861,0.0
CAGGGUGCCUGCCC,0.00264870591796579,0.0
CAUCCGGUUUGGAG,0.00420163626512624,0.0
CGGGGUGCUCGCAC,0.00606146161996018,0.0252314705726905
CGGCCGCUUCACCG,0.0177684021996872,0.0
AGGCCGGCUCAGCC,0.00404917111597069,0.0196622516359488
AGUGCGCCCCGGAG,0.0235937655530511,0.0
CAGCCUGUUCGGAG,0.00422863576376995,0.0
AGGGGGGCCCGCAG,0.118736938019517,0.02030433970133
AAGCCUCUCCGGCC,0.0118469391967197,0.0441964248999552
CGGGCGCUUUGGAG,0.0106883074101443,0.0
AAGCCUGCUCGCAC,0.0214567817867348,0.0158659146033998
CGGCGUCCUUGGCG,0.00441450986327632,0.0
CAGGCGGCUCACCG,0.00646123716352261,0.043039083409849
CGUCGGGUUUACCG,0.0033407101668037,0.0
CGUGGGCUUUGGAC,0.00201982322794598,0.0458210375898832
AGGGCGGUUUAGAG,0.172246761184355,0.0610149691551167
AGGCGGCCCUGGAC,0.00757963014260651,0.020696271953347
AAUCCGCCCUACAG,0.0114586782669357,0.0362466287220557
AAUGCGCCCCACCC,0.00660413741177987,0.0400332451634994
CGGCGGGUCUGCCG,0.00489274843179792,0.0
CAGCGGGCUUACAC,0.00362626599685115,0.0249114219339714
AAGCGGGCUUACCC,0.00269543869954553,0.0519602148482687
AGGGCUGUUCGGAG,0.040340593768776,0.0
AGUCGGGUCCGCCC,0.00671351735285709,0.0
AAUGCUGUUCACAG,0.0145010573995053,0.0206663294108991
AGGGGGGUCUGGCG,0.0750726353807755,0.0
AGGGGUGCUCAGAG,0.0346097573280863,0.0174419118656411
AAGGCGGCUUACCC,0.0164540822176662,0.056188407835466
AAGGCGCUCUGCCG,5.11567975124941,0.0747910007372588
CGGCCUGCCUAGCC,0.00128691672924394,0.0320820684739174
CGUCCUGCCUGGCG,0.0025262596589844,0.0
CAUGGUGCCUGCCC,0.00167890414485233,0.0
CGUGGUCCCCGGAC,0.00195648987431595,0.029882544854224
AAUCCGCUCUACCG,0.0209154246484492,0.0291152707328701
CGUCCUGUUCACAG,0.00461747583400167,0.0
AGUGGUCUCUGGCC,0.00440319060721664,0.0
CGUGGUGUUUGCCC,0.00164897743699822,0.0
CAGGCGCCUCACAG,0.0071522919446554,0.0249296604613125
AGGGCUGUUCACCG,0.0274820045498582,0.028858581176297
AAGGGGGCUUAGCG,0.0460596018576788,0.0
AGUCGUGCCUGCAG,0.00799805316405357,0.0
AGUGCUCUCUAGCG,0.0117928822541801,0.0477074759623835
AGUGGUCUUCGCAC,0.0131059920966012,0.0
CGGGGGCCCCACCC,0.00345268927854014,0.0403258122359869
AGUCGUCCUCGGCC,0.00252500521377559,0.037347238304922
CAUCCUGUUUGGCC,0.000502053199815934,0.0
CGUGCGCCCUGGAG,0.00409918773018515,0.0
CAUCGUGUUCAGAC,0.00176323363389086,0.116149351429536
CAGCGUGUCUGGCG,0.00417171182079612,0.246464702022147
CGGGCGGUCUACCG,0.0301941837274935,0.146277596971647
CGGCCUCCCCGCCC,0.00260989704004688,0.0
AGUCCGCUUUACAC,0.0104038000260644,0.0340122518092007
AGGGGUCCCCAGAG,0.0280491165158941,0.017462319513716
AGGGCUGUUCACAG,0.0326862585919379,0.0238259055850182
CAGGCGCCUUAGAG,0.00807100191450322,0.00989974107944334
AGGGCUGCCUACAC,0.0305178240678912,0.0244640410221045
CGUCGGCUCUACCC,0.000948230954309843,0.0
AAGGGGGUCUGGCC,0.0090417504380743,0.0
AGGCGUCUCUACCC,0.0196088632970972,0.0330554773942887
CGUGCUGUUUGCCG,0.00447259551937206,0.0
AAUCGUCUCUACAC,0.00731502383048426,0.024723519469278
AGUCGUGCUCAGAG,0.0141632191446782,0.0
CAUCGGCCUUAGAC,0.00166232332342155,0.0340850283887573
CGGCGUGUUCAGCG,0.00558858163542428,0.0
CAGCGGGCUCGGAG,0.0112513405233247,0.0
CAUCCGGUCUAGCG,0.00321696679885406,0.0
AAGCGGGUCCAGCC,0.00498730693407008,0.0274778558822682
CGGGCUGCCUAGAC,0.00291774471650023,0.0
AAUCCGGCUUGCCG,0.0523971341754315,0.0
CAGCCUGUCCACCG,0.00425018425953291,0.0459345314053406
AGUCCUGUCUAGCG,0.0176389496807235,0.0
CAGCCGGCUCAGCG,0.00413682295252184,0.0
CAGCGUCCUUGCAC,0.00464844115517643,0.0245742851107798
AAGGCUCCUCACAG,0.0227087281049923,0.0519549075875187
AAUCGUGCCCACAG,0.0110252689549305,0.0218928159836118
CGUGCUCUCCAGCC,0.000700302716219422,0.027701285018193
AAUGGGGCCCAGAG,0.0173841981995544,0.0
AGUGCGGCCCACAC,0.0235678261948618,0.0222161869747635
CGGGCGGCUCACAG,0.0103881870399651,0.0189224537748602
CGGGCUGCCUACCG,0.008125167804296,0.0671103393191045
AAUCCUCCCUAGAG,0.0110026693927956,0.024858193754578
AAGGGGCCUUGCAC,1.06151873786518,0.0245572500785286
AAUCCUGUUCGGAC,0.00526778425295657,0.034550445907191
AAUCCUCUUCGGAG,0.0101676130399332,0.0
CAUCGUGCUCACCC,0.00200426440065498,0.0267020803315885
CAUCCUGCCCAGCC,0.000425452307347628,0.0329858027807194
AGUGGUCCUCGGAC,0.00621846389382504,0.0355872060444455
CAUGCGCUCUACCC,0.000758248153849588,0.0239545190282721
AGUGGGCCCUGCCC,0.434329116219535,0.0202670996212672
CAUCGGGUUUACCC,0.000888722504819452,0.0533815057393404
AGUCGGCUCCAGCC,0.000699402755169843,0.051181073858135
CGGGGGGCCUGCCG,0.009037251323877,0.0986050589105677
AGUGCGCCUUACCC,0.00259354169772839,0.0277155697599966
AGUGGUGCCCACCG,0.0108586390023378,0.0150832646023889
AAGGGGCCCCACAG,0.0601240932939403,0.0297192262159562
AAGGGUCUUCACCC,0.0178911773823149,0.0329344505677857
AAUCGUGCUUAGCC,0.00123577670229554,0.0626064796077843
AAGCCGGUCCGGCG,0.0195609932194108,0.0
AAUCGUCCUUGCAC,0.0121666267352898,0.0170100784378337
CAUGCUGCCCAGCC,0.000427751404881776,0.116164313073175
AAGGGUCCCUGGAC,0.00915185862968517,0.0
CGUCCUGCUCGCCG,0.00449150712833346,0.0
AAGGCUGUCCAGAG,0.0358166217568498,0.0
AAGGGUCCUUGCCC,0.0228182260557502,0.0228225505122172
AGGGCGGCUUACCC,0.0162597955564967,0.0
CGGGCUCCUUAGCG,0.00623452708760954,0.022803663984969
AAUGGGGUUCAGAC,0.00801475324293772,0.0175018646339545
CAGGCUCUUCGGAC,0.00243232386026673,0.0410277612162205
CAGCCUCUUCAGCC,0.00111233150447771,0.018723716929055
CGUGGUGCUCGCCG,0.00427510428864654,0.0
CGGCGGGCCUGGCG,0.0046534127499948,0.0
CGUGGUGUCCACCG,0.00281342643525222,0.0
CAGCCUCUCUGGAC,0.00218233946352415,0.060169089200754
CGGCGGGUUCAGCC,0.0014843548448571,0.0
AAUGGGGUUCGCAG,0.0145631862617232,0.0287652332662833
CAUGCUGUUCGGCG,0.00501648848099582,0.0
CAUGGGCCCUGGCC,0.000993794460420765,0.0
CAGGCGCCUCACCG,0.00544705623807654,0.0322258132475464
CGGCGUGCCCACAC,0.00345718703468843,0.0261714875389213
AAGGCGCCUCACAG,0.127992305326218,0.0282115612405881
CAUCCUGCUCACAG,0.00423057195230647,0.01531694110246
CAGGCUCCCCAGCG,0.00726318930496318,0.024801342384779
AGGGCUGCUCGCAG,0.0387432575312487,0.0
AGGGGGGUUCGCAG,0.0974587946738696,0.0
AGGGGUGUCCAGCC,0.0127185608493312,0.0
CAGGGGCCUUGGAC,0.00207072369875332,0.0
CAGCGGCUCCAGCC,0.000812211312227317,0.15048256556657
CGUCGGCCUCAGCC,0.000283381968772722,0.0129298052959745
CAGGGUCCUUAGAG,0.00796356640948345,0.0
CAUCCUCCCCGCAC,0.00335808958385644,0.02415625530881
CAGGCUGUUUAGCG,0.00773604797419664,0.0
AAGCGGGUCCGCAC,0.0183013943789161,0.0
AGGCCUGCUUGGAC,0.0133220097651761,0.0
AAUGCGCUUUACAG,0.0815697113639648,0.0
CGGGCUGUCCGGAG,0.00973399424852429,0.0
AAUCCGGCCUGCAG,0.0151483436329618,0.0
AAGCGUGCUCAGAC,0.00923559309545033,0.0571837873398247
CAGGCGCCCUGCAC,0.0057243890194288,0.0
CAGGGUGCCCACAC,0.00439179855851348,0.034830203258428
AGUCCUGUCCGCCG,0.0108398174129664,0.0369370634060227
AAUCCGGCUUGGCG,0.0169655673176893,0.0194591378648428
CAGGCUCUCCGCCC,0.00158086576775534,0.0410128275788753
CGUCGGGUCCAGAG,0.00315322133091166,0.0
AGUGCGCUCCGCAG,0.0229117038939954,0.0
CAUCGUCUUUGCCG,0.0035655656588001,0.0
CGUCGUCCCUGCCC,0.0034494774745601,0.0375131924311095
AAUGCGCUUUGCCG,1.19384533239157,0.101812936714877
AAUGCUCUCUGGCG,0.0155565313356824,0.0219692130206359
AAUGGGGCCUGGCC,0.00514884074536063,0.0
AAGGGGGCUUGGAG,0.0666724762380884,0.0
CGUGCGGCUCACAG,0.00505662038884378,0.0
CAUGGUGUCCACAC,0.0033062926424009,0.0205602845041041
CAGGGGGUUCGCAG,0.00458695165481055,0.171634417442735
CGGCCUGCCCGCCC,0.00314313102265274,0.035568404268773
AAUCCUGUUUGCAG,0.0109999749749649,0.0341793774316262
AGUGGGGUCUACCC,0.0766475797632308,0.0350468527084927
AAGCGUGUCUACAC,0.0129355405296003,0.023443390782052
AAGGCUGCUCAGAG,0.0287263747974539,0.0336923533575479
AGGCGGGCUUAGCG,0.0213058186559178,0.0514431579756034
CGGCGGCUCCACCC,0.00396983660697549,0.0216459825645409
CAGCGUCCCCGCAC,0.00606945616179605,0.0262441129771908
CGUCGUCCUCGCCG,0.00420261338983905,0.0
CGGCGGCCCCGCAG,0.00496632359618586,0.0
AAGGGUCCCUGGCG,0.0295979090989354,0.0
CGGGGUCUUCGCAC,0.00791080167499117,0.0411123609240199
CAUGGUGUUCAGCC,0.000447572802779016,0.0649065904957958
AAUGGGCUCCAGCG,0.0146247029727946,0.0253975884713096
CAGCGUGUCCGCCC,0.00452487260985823,0.0
AAGGGGGCCUAGAC,0.0227412920004751,0.017781330005559
CAUCGGGUUCACCG,0.0029165525838275,0.0
AAUCCGGCCUAGAG,0.0135506259281438,0.0
AGUCGGCUCUGGCG,0.0107067408233265,0.0
CGGCGUGCCCACCG,0.00655487828183454,0.0376254919937995
AGUCGUCCUCGCCG,0.0130955838538705,0.0395770708520037
CGUGGGGCCCGCCC,0.00494425104686948,0.0
CGUGGUGUUCGCCC,0.00265316501883779,0.0
CGUCGUCUUCAGAC,0.00209802063849778,0.141540419730104
CAUCCGGUUUGCCG,0.00406134907421421,0.0
CGUGCGCCUCAGAC,0.0017087155234443,0.0265840950361516
AAUCCUCUUUACCG,0.00954799237229714,0.0586284284538334
CGUGCGGUCCAGCC,0.000276832238116313,0.0347085081766304
AGGCCGGCCUGGCC,0.0105761708132859,0.0585460541687114
AAUCCGGUUUACAG,0.0126376761672138,0.0262318882918244
AAGCCUGUCCAGCC,0.00623664479382136,0.0268655243746309
CAGCGUCCCUGCAC,0.00480197044120417,0.0468474707874678
CAUCCGGUUUAGAC,0.00301829279024009,0.0339435687352973
AAUCCGGCCUACCC,0.00144428756720311,0.0312970395175268
AAUCGUGCCUGCCG,0.00892270385869934,0.0
CAGGCUGUCUAGAC,0.00256064152683138,0.0629996613392163
CGGCCGCUUCGCCG,0.0105700694109476,0.0
CAUCGGGCCUAGAC,0.00194119923652258,0.0412757896631053
CAGCGGGUUUGCAC,0.00468112877581083,0.0
CAUGGUCUCUGGAG,0.00414081025175319,0.0
CGUCCGGCUCAGAC,0.00240567053624563,0.0341852253627941
AAGCGUCCCCGCCG,0.0220783578819911,0.0
CGUGGGGCUUAGAC,0.00147602466657591,0.0268947634179598
AGUGCGCUCUGGCG,0.0249787683097052,0.0152040656307088
AGUCGUCCUCGGAG,0.00953651071126315,0.0
AGUGGGCCCCGGCC,0.00303431069517968,0.0
AGGCCGGCCUAGAG,0.0200301736687935,0.0270116817385655
AGGCGUGUCUGCCC,0.0142971259438642,0.0
AAGGCUGCCCAGAG,0.0540777458251349,0.0
CGUCCGCCUUGCCG,0.00619782177971599,0.0
AGUGGGGCUUGCAC,0.0315121988503694,0.0410771538177628
CGUCCGCUUCAGCG,0.00360894236997772,0.0422569185883432
CAUCCGCCCCGCCC,0.00166892836749618,0.0421820351130576
CGUGGUGUUCACAC,0.0025971206341702,0.0
CAGCCUGUCCACAC,0.00612463530580679,0.0248154322125782
CAGGGUCUCCGGCC,0.00108411582001454,0.0542222502964495
CGGGGUGCUUGCCC,0.00335693303991588,0.0
AAUGGUCCCCGGAC,0.00634068123276176,0.0
CGUCCUCCUCGCAG,0.0049303627012322,0.0226581956711014
AGUGGUCUCUGCAG,0.0116973744279595,0.0580436597775814
AGGGGGGCUUGGCG,0.0799888890628597,0.0
CAUGCGGUCCACCG,0.00450901768006759,0.0517447220205133
CAGGCGGUCCGCCG,0.00761759608965356,0.0379332703016698
CAUGGGGCCUGGAC,0.00207322628823083,0.0
AGGCGGGUCUGGAG,0.0432621966601079,0.0
AAUCGGCCUUGGCC,0.00217183136051613,0.045467710483876
CGGCCGCCUCACAG,0.00762238703059045,0.0255317330437208
AAGCGUCUUUAGAC,0.00483676732845927,0.0470850390701144
CAUGGGGUCUAGAG,0.00334693211983643,0.0
AAUGCGCCCCAGCC,0.00216210326723852,0.0227639740103581
AAUCGUGUCCACAC,0.00617229783736949,0.0301333421984726
CAGGCGCCUUGCAG,0.0244669213327594,0.0212094346382424
AGGCGGGUUUAGAC,0.0117679947862133,0.109654473285759
CAGCGGCUUUAGCG,0.0050838065199666,0.0421546254157655
AGUGGUGUCCAGAG,0.0089088566070587,0.0
CGUCCUCUUCGCCG,0.00438775525804434,0.0287106650855847
CAUGCGGCCUACCG,0.00455257683842406,0.043162269986196
AGGGGUGCCUGGCG,0.0453691218221262,0.0
CGGCCUGUUUGCAG,0.00548451688973932,0.0
CGGCGGGCCCGGAC,0.00287254022089248,0.0
CAUCCUGCCCGCCG,0.00452022951695996,0.0
AGGGGGGCUCGCAC,0.458485800858863,0.0437823265647845
AAUGGGCCUCGCAG,0.0212974194155058,0.0275988176782758
CGGGGGCCUUACCC,0.00191589728066192,0.0276403772811179
AGGCGUGUUUGCCG,0.0211693507466538,0.0
AGUCGGCCUCGCCC,0.00499991225818905,0.0
CAUGCGCUUUACCG,0.0371692371102997,0.0
AGGGGGCUUUGCCC,2.96013260993584,0.0
CGGGGUCUUUACAC,0.00566528765787128,0.0388728284627762
AAUGCGGUUUAGCC,0.00272436312168077,0.0224351621311888
CGUCGUGCCUGGAC,0.00178672579300378,0.688546058562573
CGUCCGCUCUGGCG,0.0042471350817303,0.0723381923341853
CAGCGGCUCCGCAG,0.00443617616935375,0.0
AGUCGGCCUCAGCC,0.000801739262149857,0.0248325916641888
CGUGGUGUCUACAG,0.00388541787231011,0.0
CGUCCUGCCUAGAG,0.00498638955010984,0.0
CAGCCUCCUCAGAC,0.00285377494360338,0.0234701070317178
CAUCCUGCCCACCC,0.00130218126795868,0.116428889432692
CAUGGUCUUCGGCC,0.000615341363967026,0.0
CAGCCGCCUCAGCC,0.000653629023036357,0.0330411638897452
CAUCGUCUUCACCG,0.00343226138916075,0.0273324430846063
AAGCGGGUUCACCG,0.0266832596180257,0.123911551513206
AAUGCGGCCUACCC,0.0048254161710161,0.0251368166229735
AGGCGUCUUUGGCG,0.023091282361753,0.0
CAUGCGGCUCGCAC,0.00492330083056918,0.0155690121982242
AGUGCUGUUUAGAG,0.018250413853562,0.0
AGUCCGCCCUGGAC,0.00644801101686839,0.0558520327375761
CGUGCGCCCCACCC,0.000467880072028977,0.0476893636865424
CGUCCGGUUCAGCG,0.00392315572197252,0.0318536046062327
AAGCGUCCCCAGCG,0.0168320988980406,0.0268562467394557
CAGGGUGUUUACCG,0.00641402315428971,0.0380455724132367
AAGCCGCCUCGCCC,0.0226380033887563,0.0435726904494877
CAUCCGGCCCGCCC,0.00168610995386395,0.0
AGUGGUCCCUACCG,0.0130532489922739,0.0
CGGGGUGCCCAGAG,0.00772539226073356,0.052304007343862
CAUGCUGUUCGGCC,0.000405266479251596,0.174392667546696
CGGCCUGUUUACCC,0.00195241731680357,0.035966611085809
CGGCCGGCCCACCG,0.00494984409104014,0.0290978011057474
CGGGGUCUUCGGAC,0.0024449593088915,0.0
CGUCCUGUCCGCCG,0.0034300741637657,0.0552110337462241
CGUCGUCCCUACCG,0.00259504889200331,0.0253654343503602
AAUGCGGCCCGGCC,0.00577878332409569,0.0200155103099885
AGGCGUGUCCACAC,0.0169562455774049,0.0269752030036437
AGUCCGGUCUGCCC,0.00534015941747541,0.0223296186234444
CGGGGUCCCUAGCC,0.000952716106275768,0.0
CGUGGUGUUCGGCC,0.000744616121516488,0.0
AAGGCUCCCCGCCC,0.024167794296265,0.059300766739184
AAGCCUCCCCAGAG,0.0233380421438541,0.0266006895806806
CAGCCGGCUCACCG,0.00510087543790901,0.0214173823243598
CGGCCUGUUUGCAC,0.00392034831141703,0.0
AAUGCGGCUUAGAG,0.0275650442761117,0.0240075009345311
AAGCCUCUUCACCC,0.00589816904776006,0.0325446367067155
AAGCGUGCCUGGAC,0.00915850850620298,0.0290161088916635
AAUGCGCCUUAGAC,0.0150719215889825,0.0476084205716272
AAUCGGCCCCGCAC,0.00646872845298757,0.0374765332145202
AGUGGUCUCUGGCG,0.00861678367543359,0.0470178043615324
CAGGGUGCCUACCC,0.00300794615723084,0.0
AAUCCGGCCUGCCC,0.00533788261393026,0.029062731918177
CAUGGGCCUCAGCG,0.00222691469216287,0.0
AGUGGUCCCUGCCG,0.0111541121724694,0.0432632670736583
CGUCCGCUUUGCCG,0.0039629493123763,0.0
CGUGGGGCCCAGCG,0.00359079684968174,0.0
CAUGGUGCUUGCAG,0.00565373998633057,0.0280852492741393
CGUCGGCUCCAGCG,0.00358856930821172,0.0380481590269384
CGUCGGCCUUAGCC,0.000282494765743301,0.0315140054959131
CAUGGGCCCCAGCC,0.000500247381907815,0.0625766086389787
AAUGCUGUUCGGAC,0.00691952781314332,0.0133150786254793
AAGCCGGUUUACAC,0.0199719122876289,0.0279786946029385
CAGGGGCUUCAGCG,0.00381119351529522,0.0455631831426949
AAUGGUGUUCACAC,0.0112479030052155,0.035326553495269
AAGCCGCUCCAGCC,0.00260268651932204,0.0440666353223473
AGUCCGGCUUGCCC,0.00497379836388264,0.0387543177409072
AGUGGUCUCUACCC,0.00949406277089037,0.0
AGUGGGCCUCACAG,0.013364928611069,0.0264198161574839
AGGGCGGUCUGCCG,3.55672826592523,0.0
AGUGCUCUCCAGCG,0.0145591582210188,0.0174664311136215
AAGGCUGCCUACCC,0.0113305753157425,0.0290396225897499
CGUGGGCCCCAGAG,0.00340229396533316,0.0
CGGCGGCCCUGCAG,0.00396472961305571,0.0
CGUGGGGUUCGGCC,0.000792605179997339,0.0
AGUCCUCUUUGGCG,0.011089675987182,0.0
AAGGGGCCUUGCCC,1.75052974118359,0.0269035795581199
CGUCCGCUUCACCC,0.000456860979690198,0.0344776905813664
AGGGGGGCUUGCCC,1.76202235915054,0.0343231264987997
CAUCGGCCCUGCCG,0.00513166850532482,0.0325517863714355
CAUCCGCUUUGCAG,0.0032937001734385,0.0
AAGGCUCCCUACAG,0.0243494106276067,0.0256009855778583
AAGCCUGUCCGCCC,0.0127555358477543,0.0258456159828354
AAUCCGCUCCACCC,0.00117684108148766,0.0386171890516243
AAGCCUGCCCGCAG,0.0205475368181588,0.0259466528246664
AAUCGGGUUCACCC,0.00526835667547265,0.021972693192805
AAUGCGCUUCGGCG,0.0287437870666604,0.0235334628616992
CAGGCGCUUCAGAC,0.00244321982410727,0.0229719524356569
AAGGCGCUUUAGAC,0.0379284410949968,0.0221272054942259
AAUCGGCUUCGCAG,0.0114286755349264,0.0414353805135693
AAGCCUGUCUAGAG,0.0282808030608119,0.0
AAUCGGCUUCACAG,0.0116579933326707,0.0350374604756134
CAGGGUCUCCGCCG,0.00511064411094682,0.0733383110245503
CGGGGGGUCUACCG,0.00552544612025976,0.0
AAUGGUGUUCAGAC,0.00659594894776082,0.0345140559547543
AAGCCGCUUUGGAG,0.0222228305032165,0.0
AGUGGUGCUCGGAC,0.00399902658202678,0.0261320830306172
CGUCGUCCCCGGCC,0.000979148553976696,0.123029752241028
CAUGCUCCCCACCC,0.00108438992283691,0.0431456079555053
AAUCGUCUCCAGAC,0.00482799946275402,0.0356863105227791
AGGCGGCCUCGGCC,0.00503357589488421,0.0368917231278466
AGGGCUGCCUACAG,0.02230030428385,0.0
AGUCGGCCUCACAG,0.00978961707280157,0.0259324717798867
CAGCCUCCUUAGAC,0.00347928777372296,0.0345973827121085
AGUGCUCUUUACCC,0.0014479110695674,0.0454430390314521
CAUCCGCCCUGCAC,0.00322518248687803,0.0648891465364619
CGUGGGCCUUACAG,0.00336710492873481,0.0
CGUCGGCUCCGGCC,0.000892077628260227,0.0
AAUGCGGCUUAGCC,0.00397622596340464,0.0248452582168345
CGUCCUGCCCAGCC,0.000640061401178311,0.0220480397218365
AGUCCGCCCCACCC,0.00107384549050881,0.0275618020793001
CGGCCUCCUCAGCC,0.00075659962718601,0.0357104230057138
AAGGGGGCUUGGAC,0.0196511774392791,0.0
CGGGGUGUCUGGCG,0.00638632426887308,0.0
CAUCCUGCCCGCCC,0.00166109116869015,0.0260288000321223
CGGGGUCCUUGCCG,0.00953918000890579,0.0478594807558695
AGGCGUGUCCGCAC,0.00864014020006421,0.100001511131153
CGGCCUCUCCACCC,0.00233367507552875,0.0463550794333473
AAUGGUCUCCACCC,0.0115154564980507,0.0305342502569657
CGUGGUCCCCACCG,0.00345870772774126,0.0423626485710722
CGUCCUCCUUAGCC,0.000276282870030777,0.0404439559971667
CAGCCGCUUUGCCG,0.00784424444936023,0.028008735549
CGUCCUCCCUGGCG,0.00439548180352082,0.0
AAUGGGGCCUGCCG,0.0403029786076913,0.0929926417451487
CGUGCGCUUCACCC,0.000902408932665899,0.0365906803543343
CAGGCGGCUCGCAG,0.0313627864913362,0.0234065980266924
CGUGCUGCUUAGCG,0.00352698536720401,0.0
AGUCGUGUUUACCC,0.00266536444575174,0.00903300895080668
CAGGGUGCUCGGCC,0.00146797872898569,0.0
CGUGCUGUCCGGCG,0.00405730524838526,0.0299566295107921
AGGCCUCCUUAGAC,0.00685527685510868,0.027714707499121
CGUCCGGUUUGGAG,0.00340982830818585,0.0
CGUGGUCUCCACCC,0.00224989135676638,0.0322389445011359
CGGGGGGCUCGGCG,0.00477569703390802,0.0
CAUGCGCCCUGGAG,0.00752062282731653,0.0
CAGGCUCCUUAGAC,0.0023828937572074,0.0334257984450597
CGGCCGGCCCGCAC,0.00502805191207066,0.0477423644207432
AGUGCUCUUCACAC,0.0129142571905206,0.0404287279432535
AGGCGUGCUUGGAG,0.0149573981249833,0.0
CAUCGGCUCUACAC,0.00325882664263282,0.0693039051402005
CAUGCUCUUUGGAC,0.00178193819455702,0.0358917122626716
AGGGCGCUUCGGCG,0.149424970306674,0.0
CGGCGGGCCCGCAG,0.00541731210382304,0.0
CAGGGUGCCUACAC,0.00414461802803336,0.0256834069986349
CAUGCGGCUUACCC,0.000508777177300346,0.04038161685912
AAUCCGCUUCGGAC,0.00482048191657894,0.0
CAGGCUGUCUAGCG,0.00601767397151877,0.0
CGUCCGGCCCAGAG,0.00415766565304933,0.0
CAGGGUGCUUAGCC,0.00127888248787386,0.0191306291714588
CAUGGUGCCCGCCC,0.00234745824918427,0.0
CGGGGGGUCCACAC,0.00399735893124195,0.049824939264597
AAUCGGGCCCACCC,0.00728357643888004,0.0357728181612126
AAUCCGCUCCGGAG,0.0113126613626741,0.029057991877942
AAUCGGCCUCGCCG,0.0111500506855948,0.0216566805773055
CGUGGGCCCUACCC,0.00131608866594712,0.0473928164701682
CGUGGGCUCUAGCC,0.000515837215519847,0.0382197167746955
AGUGGUGUUUAGAG,0.0178682542084994,0.0
CGUGCGCCCCACAG,0.00370023079956165,0.0229298112918894
AGGGCGCCCCGGAG,0.130129940747467,0.0
AGUGCUGUCCAGAC,0.00764829253757255,0.0242640828732457
CAGCCGCCUUGGCC,0.00326320569093385,0.115425099339193
AGGGGGCCUUGCAC,0.921455358794544,0.0512123549144608
AGUCCUCUCCGCCG,0.0136888529532296,0.0197041704752075
AAUGCGGUCCAGCC,0.00194579392063029,0.0231765544095358
CAGCGGCUCUGGCG,0.00464800459984631,0.0
AGGGGGGUUUGGCG,0.166232264057431,0.0
CGUCGUCCCUGGCG,0.00248580887504046,0.0
AAGGCUCCCCAGAG,0.0395686363366329,0.0493505433538978
CGGGCGCUUCGGCC,0.00163415852195238,0.0
CAUGCGGUUUAGAC,0.00277124391417061,0.0624795014857872
CAUCCGGUCUGCAC,0.0036599255308985,0.0
CAUGGGCUUCGGCC,0.000755758406198874,0.0
CGUCGGGUUCACAG,0.00314738203215071,0.0
AAUGCUGCUUAGCC,0.0017685402117547,0.0313126627214678
AAGCCUCUCCAGAC,0.0100630469793993,0.0352583506331082
CGUCCGCUUCGGAC,0.00299956598527505,0.026960118636204
CGGGCGGUCUACAC,0.00511320926609703,0.0
AGUCGUCUUCAGCG,0.0095853168880347,0.0248312412608759
CGGCGUCCUUAGCC,0.000421830942490848,0.135534595621526
CGUCCUGCUCAGAG,0.00409274114435307,0.0
AAGGGUCUCUACCC,0.0210337171623982,0.0386386556645373
AGGGGUGUCUGCCG,0.0391769044815505,0.0
AGGCGUCCCCGCAG,0.0320493416073861,0.0332198899374995
CGGCGUCCUUAGAG,0.00471023916479677,0.0
AGGGCGGCUCAGCG,0.0890041488606983,0.0
CGGGGGGCCUACCC,0.0022061755893733,0.0699612009380222
AAGGGUGUUCACAG,0.0223844201624439,0.0460903200674172
AGGCCUGUUCACAC,0.0178542398914731,0.0237541702537934
AAUGCGGCUCGGAC,0.0122153638310744,0.0256387967603398
AAGCGGGUCUGGCG,0.050378921651814,0.0
CGGGCUGUCUGCAC,0.00529233768666345,0.0
CGGCGGGUUCGCAG,0.00492633709380111,0.0
AGGCCUGUCUGGCC,0.0076923171868344,0.0444840874877253
AAGGCUGUUUGGCC,0.00944705110741133,0.0146988713777022
AAUGGUCUCUACAC,0.0117807054099336,0.0236541808299218
AGGGGGCCUCGCAC,0.664040383655942,0.0
AGGCCGGUCCGCCC,0.0103829271984259,0.0
AAGCCGGCUCAGCG,0.0179114650193304,0.0
CAUCGUGCCCAGCG,0.00411158952119376,0.0657565830323253
CAUCGGCCCCGCCC,0.00348236912676143,0.0
AAUCGUCCCCAGAG,0.0115011137762444,0.05937750158724
AGUCCUGCUCGCAG,0.0133422068691257,0.0
AGGGGGCCUCGGAG,0.104756319055547,0.0
CGUCGGCCCUACAC,0.00324043809112836,0.0
AAGCGUCUCUGGAC,0.011370897647827,0.030798918712806
AAGGCGGCUUAGCC,0.0137142343479948,0.0385281995945796
CGGCCGCUUUGGCG,0.00404917111597069,0.0
AAGCGGGUUCAGCG,0.0172698130537817,0.0
AAGGGGCCUUGGCG,0.0729203889604862,0.0
CAGCCUCCCUGGCG,0.00762431236199499,0.0
AAGGCUGUCUGCAG,0.034804925132568,0.0
CGUCCGCCUUAGAG,0.00545535031197842,0.0198417123994699
AGGCCGCCUCGGCC,0.00366976832792831,0.0440745475637655
CAGGGGCUCCGCCG,0.00560229884807153,0.0
CAGGCUCCUCAGAC,0.00235410948085871,0.0207214923507045
AAUGGUGCCCACAC,0.00878731914478228,0.0241457699678009
AGGGGGGCCCGGAC,0.0247638780881997,0.0
CAUCCGGCUUAGAC,0.00253015663900832,0.0717997141837618
CAGGGGCCUCGGCC,0.00158515253303812,0.0
CGGCGGCUUCAGCG,0.00529741183593158,0.0328695491814812
AGUGCUGUUUGGAG,0.0134149164433444,0.0
CAUCGUCUCUACAC,0.00292217914436773,0.0101655137024069
CGUGCUCUCUGGAG,0.00750466676756974,0.0
AGGGCGCUCCAGAG,0.157496685499151,0.0
CAUCCGCCCUGCCC,0.00174725558454046,0.0741884444044753
AGGGCGCUCUACAG,2.1082141044703,0.0329061903839294
CAGGGUGCUCACAG,0.00857676202007971,0.018785961670022
AGGGGUCCUUGCCG,0.0450187069004431,0.0
CAUGCGGUUCGGAC,0.00213775821316973,0.0
CAUGCUCCCUAGCC,0.000356582153003504,0.0242413254078812
AGUGGGCCUUGGCG,0.0215054821957331,0.0388115941603759
AAUGGUCCUUGGCC,0.00270985711355325,0.0564279272241927
CGGGGGGCUCGGAG,0.00346097573280863,0.0
CGGGGUGUUCAGCG,0.00339410676373212,0.0
CGGGGGGUCUAGAG,0.00478302546925417,0.0
CAUCGUCCUCGCAC,0.00333563665837281,0.0363559180095365
AAUGGUGCUUGGAG,0.0300824913092661,0.0
AAUGCGCUCCACAG,0.0380089299228091,0.0387731507872888
AGGCCGCUUCGCAC,0.0218283423877748,0.0192191249586058
AGGCGGCCCCAGAC,0.0100690505870235,0.10025171418603
AGUGGUGUUUACAC,0.0124845436835112,0.0255834539708429
AAGCCGGCUUACAG,0.0210867183572769,0.0258137180540062
AAGCCUGCUUGGCC,0.00896776146511276,0.0
AAGCCUCUUUAGAC,0.00795779249072588,0.0297336934104266
CAUCCUGUUCGCCC,0.00152822305085056,0.0
CGUCCUCUCUACCC,0.00135818530604217,0.041259822405394
AGUGGGCUUCGGCG,0.0259204206001926,0.0
CGUGCUCUUUGCCG,0.0039313170931412,0.0
CGUCGGGUCUGGAG,0.00334963572831806,0.0
AGGGGGCUCCACAG,0.0516601524823642,0.0
CAGCCUCCCCGCCG,0.00456805803243376,0.0252619652307814
CAUCCUCCUUGCCC,0.00172488675811229,0.0231696484374297
AAGGCUCUUUAGAC,0.00922701180749051,0.0271737172027545
AAUGCGGCUCGGCC,0.00647235061492667,0.0215754989144283
CGUCGUGUUUGCAG,0.00368877368680053,0.0
CGUGCGCCUUAGCC,0.000332965866814225,0.0595616988538446
CGUCGGGUUUGGCG,0.00392315572197252,0.0
CAUCGGGCUUGCCG,0.00341595619452244,0.0
AAGCCUGCUCGCAG,0.0190676727162651,0.0513067595645999
AAUCCGCCUCGGCG,0.0120838971481325,0.0
CAUCGGGUCUAGAC,0.00257047409760393,0.0
AAGGCGCCCUGGAC,0.0355262936616046,0.0
CGGGCGCCCCGGCG,0.00392400876735673,0.0
CAGGCUGCUCGCCG,0.00750466676756975,0.0305251787352565
AAUGGUGCCUGGAC,0.00445725470001589,0.0333738146055938
CGUGCUGCUCAGAG,0.00508766164353282,0.0
CGGCGUCUUCGCCC,0.00263878567108202,0.0
CGUGGUGCUCACAC,0.00409017852638255,0.0
AAGCCGCUCUGCCG,0.029854406238157,0.0392522549182818
AAGGGGCUCUACAC,0.223000879008777,0.0312755970578773
AGUGCUCCCCGCAC,0.0131220989460253,0.03283208974169
CAUGGUCCUCGGAG,0.00372593081283226,0.0
AGUGCUCUCUGGAC,0.00623359237590225,0.0255664999535586
CAUCCUGCUCGGAC,0.00206812057407964,0.0518285673100498
CGGCGGCUUUAGCC,0.00130814417546762,0.0509169778521525
AAUCCGGCUCGCCG,0.0364829097070765,0.0552485019753098
CAGGCUCCCUAGCC,0.000590810168547508,0.0
AAUGCUCCCCAGAC,0.00701927043418687,0.0237463256386216
CAGGGUCCCCAGCC,0.00119164309094383,0.0806499487385544
AAGCCUGCUUGGAC,0.0101132407776875,0.0480002923669656
AAGCCUGCCUACAG,0.0186786642961468,0.0650433701272718
AAUGCUGUUCAGAC,0.00687853718069789,0.0269345548811533
CGGGCGGUCCGCAG,0.0122318710794948,0.0
AAGCCUGUUUACAG,0.0212567976346043,0.0
AAUGCGGCCUGGCG,0.0309015690429342,0.0
CGGCGGCCCCGCCC,0.00487785098115739,0.0
CGUGCUCUUUAGCC,0.000450660203075902,0.0330208841918011
AGGCCGCUCCACCG,0.24667976667032,0.0208367456383544
AGGGGUGUCCAGAC,0.0158067933814087,0.0205852462322963
CAGGCUGUCUGCCG,0.0049148209811143,0.041159877978577
CAGCCUGCUCGGCG,0.00768508586632973,0.0
AGUGGUGUUCGGCG,0.0102164371121537,0.0
CAGCCGGCUUGGAG,0.00555262568740225,0.0
AGUCGGCUCUGGAG,0.00762004600263265,0.0784048921107302
CGUCGUGUCCGGAG,0.00527587764147658,0.0
AAUGCUGCCCGCCG,0.0214937580231965,0.0
AAUGGUGUUCACCG,0.0133069881691135,0.0163295701413534
CGGGGGGUCCGGAG,0.00271933807577821,0.0
AGGCGUCCCUGCCG,0.0373908985419504,0.0
CGGCGUGUUCACCC,0.00382590854817281,0.0810567669748204
CAUGCUGCUCAGCG,0.00564289521653582,0.0
CAGGGUGCCUACCG,0.00704889845195581,0.0
CGGGGGCCUUGCAC,0.00700308004316652,0.144233943257655
CGGGCGGUCCGGCC,0.00173263132784082,0.0
AGUGCGCCUCAGCG,0.0212804422274391,0.0327873204266918
CAGCCUGCCCAGAG,0.00624571395470946,0.0
CAGCGUGUCUAGCC,0.00113119185057071,0.301413270607608
CGGGGUGUUCGCCG,0.00354017975443324,0.0
AAGGCGCUUCGGAG,0.122745084903327,0.0692296458066969
CAUCCGGUCUACAC,0.00325354451072733,0.0262767240065764
AGUGCGCCUUACCG,0.0310326666085709,0.0269715439141196
AGUGGGGUUUGGAG,0.034825577810291,0.0
CAUGCGGUUCAGCC,0.000316031841347284,0.0306600064133396
AGGGGGCCCUGCAG,0.157644123863804,0.0439780775383866
AGUCGUCCCUGCAC,0.00999581300874336,0.0263494225162735
AGUCCUGUUCGCAG,0.00847655688371398,0.0
CGUCGUGUCCAGCG,0.00292270997844501,0.0
CGGGGGGCCUGCAC,0.00644250893986023,0.0
AGGCCGCCUUAGAC,0.00824796458215559,0.0141787010494939
AAUGGUGUUCGCCG,0.0159695699871514,0.0
CAUCGGCCCUACCG,0.00299372052871846,0.0
CAGGCGCUCCAGAG,0.00703450352196877,0.0
AAGGGGCUUCAGCG,0.0680249305106203,0.0413477328378703
AGUCCUCUCUGGAG,0.00805931031449421,0.0
AGGGCGCUCCACAC,0.140826063558705,0.017795156882414
CGUGGGCCCUGGCC,0.00106344551818576,0.0
CGGCCUCCUUACAC,0.00414767726709606,0.0356470573857351
CAGCGGGUCCACCG,0.00568304718030975,0.0181000579712561
CGUCGUCUUUACAG,0.00349969577112749,0.0168710185494156
AGUGGUCCCCGCAC,0.00817058435711482,0.0
AGGCGUCUCUGCAC,0.0186128055398138,0.0475405702767261
CAUCGUCCCCGGAC,0.000924159074181211,1.25
AAGCCGCUUCAGAC,0.00873067115238345,0.0336516347579365
CGGCGGCCUCGCCG,0.00863982644669794,0.053284795031838
CGGCGGGUCCAGAC,0.00235343075492545,0.0
AGUGCUGCCUAGAC,0.00582736757650473,0.0355509554302849
CAGGCGGCUUACAG,0.0062354951818778,0.0293829283836103
CGGGCGCUCUAGCC,0.00060661537201269,0.0219255869085036
CGGCGGCUUCGGCG,0.00466056451139336,0.0
CAGGGGGCCCACCG,0.0048902483048527,0.0499320224168753
AAGGGUGCCCGGCC,0.0146080144566598,0.0
CGGCCUCUCUAGCC,0.00116453337113104,0.028425491016498
CAUCGUGCUUACAG,0.00395195365051071,0.0
AGGCGGGCCCGCCG,0.0280732898423945,0.0
CAGCGGGUUUGGCC,0.0019910804795705,0.0
CAUGCUCCCUACCC,0.000877295671722795,0.0708550911011006
AAGCCUGUUUGGAG,0.0329390351336771,0.034890509266185
CGUGGUGCUCAGCC,0.000771262301732739,0.0843218429910847
CGGGCGCCUUACCG,0.0117732424204898,0.0
CAUCGGGCUUGCAC,0.00270697744816104,0.0359147455569195
CGUGGUCUUUGCAC,0.00323919984179954,0.0
AAUGCUCUCUGGAG,0.0131621700223829,0.0
CGGGCUGUCUAGCC,0.00112418240730605,0.0356681120831936
CGUCCGCUUUGGAC,0.00218193874604231,0.04334744780908
AAUCGGCCUCGGAG,0.00737169960301323,0.0
AGUCGUCCCCACAC,0.00833049903096593,0.0254066982876526
CAGCCGCUCUGGCG,0.00543027572502048,0.0339862121792919
CAGCCGCUCCAGCC,0.000618031380858685,0.0462396418377009
CGUGCUGCUCGGCC,0.00113868551746517,0.0
CAGCGUGUCCGCAC,0.00458664798373112,0.038553351377463
AGUCGUGUUUGGCC,0.00174638308973604,0.0370208970746682
CGGGGUGUUUACAG,0.00657904373172148,0.0
CAGCCGGCUUGGCG,0.00936604257589966,0.0
AAGCGGGUUUGGCG,0.0182961765224501,0.0
AGUGCUCUUCGCCC,0.00730092015849545,0.101599019981361
AGUGGGGUUCGGCC,0.00314656950498032,0.0
AGUCGGCUUUAGCG,0.00896636003341013,0.0
CAUGCGCCCCAGAG,0.00419274810019155,0.0647406679294071
CAUCCUCUCUACCC,0.000870358524277992,0.116310931424092
CAUGGUCUUCGGAG,0.00477742049007327,0.0
CGUGCUGCUCACCG,0.0048230684231717,0.027294310144431
AAGGCUGCCUGGCC,0.0125419571176701,0.0556665058172296
CAUCCGGCUUGGAG,0.00449995198966231,0.0
CAGCCGCUCCGGAG,0.00582512335981749,0.0
AGUCGGCUCUGCAC,0.00905487837072027,0.0359193826470524
AAGGCGCCCUACAG,0.148222780324583,0.0295615903092533
AGUCCGGUUCGGCC,0.00139460762901603,0.0370909423986808
AAGGCUCUCUGGCG,0.0239137770483008,0.0
AAUCCUCUCUAGCG,0.0102841988890906,0.0294039305046767
AGUCGUCCUCACCG,0.011812203866241,0.0
CAUCGGGCCUACAG,0.00381634377680238,0.0
AGGCGUGCCCACCC,0.0143956089931718,0.0194896722761932
AAGGGGGCCUGCAC,0.500605418495535,0.0249922013055619
CAUCCUCCCCGGAG,0.00324275724524618,0.0
AGUCCUCCUUGCCG,0.0113099742697139,0.0387929338666018
CGGGGUGCCUACAG,0.0026067804052978,0.0
CAGGCUCCUUGCAG,0.00618031380858685,0.0276287754020809
AGGCGUCUCUGGAC,0.0103303796027587,0.053174248316109
AGUCGUCUCUACCC,0.0088808654382457,0.0420271325872878
CAGGCUGCCUGGCG,0.00569024487222313,0.0
AGUGCUCCUCGGCC,0.00182532542661313,0.0188314519738358
CAUCCGCCCUACAG,0.00271974400771966,0.0771858935231501
AAUCGGGCUCGGAC,0.00525326673729882,0.0178056225082028
CGUGCGCUUCAGAC,0.00227181495730662,0.0
CGUCCGGCCUAGCG,0.00395278020973222,0.204390269079816
AAUCGGGCCCGGCC,0.00302510096946619,0.0247586148190261
CGGCGGCUCUGCCC,0.0032594805702821,0.0
AGGGCUGCCUAGAC,0.0208414998781682,0.0216519635849828
CGGGCGGCCUACCC,0.00067145360172593,0.0
CGUGCUCCCUACCG,0.00364774002193153,0.0
CGUCCUCUUUACAG,0.00379718480399576,0.0313940959448463
CAGGGUGCUCAGCG,0.00569873091441125,0.0
AAGCGUGCUCGGAC,0.0112988115883856,0.0440685996122826
AAUGGGGUUUACAG,0.0179472659613889,0.0358275510347922
AAGGGGGUUUGGAG,0.0727664773637095,0.0
CAUGCGCCUUGCAG,0.00485678291847979,0.0532951679919552
CGUGCUCUCCAGAC,0.00182828308722696,0.0
CAUGGGGUUUAGCC,0.000403537151955955,0.0227175676418362
AAUGGUGUCUGGCG,0.0110186166187377,0.0
CAGGCGGUCCACAG,0.00765885778193298,0.0
AGUCGUGUUCACAG,0.00979479336451129,0.0320424810026531
CGUGCUGUCUAGCG,0.00321842756824522,0.0
AGUCGGCUCCAGCG,0.0101960937487285,0.0267290249390982
AAUGCGCCUUGCCC,0.0170136736762322,0.026796020945343
AGUGGGGUUUAGCG,0.0172747307918061,0.0
CGUGCGCCCCAGCC,0.000286234671480792,0.030032978841582
AGGGCUCUUUGGAG,0.041629660937085,0.0284135213370392
AAGGCUGCCUAGAG,0.0493444102495108,0.0352248122692251
CGUCCGGUCCGGCG,0.00430490823908463,0.0
CGGCCUGUUCGGCC,0.00201219519349339,0.0
CGUGCGGCUCGGAG,0.00572007767390485,0.0
CAUGGUGUUUAGCC,0.000289347082127616,0.110363936809186
CAGGGUGCUCGGAG,0.00786585393820145,0.0
AAGGCUCUCCGGAG,0.0439303386934687,0.0350558483693286
AGUCGUCUUCGGAC,0.00580051798794743,0.0
CGUGGGCCUUAGAG,0.00445382938432574,0.0
CGGCCGGUCCGGCG,0.00645704427762805,0.0
CGGGGUCCCUGGCC,0.00189138913969683,0.0
CAUCGUGCCUAGCC,0.000354336222223038,0.0360365714635139
CGUGGUGCCUACCG,0.00394261398133988,0.0
CGUCCGCUCUACAG,0.00432209028039258,0.0344773005018012
AAGCCUGCCUGGCC,0.00743514033139291,0.0325590959129703
CGUCGUGCUUGGAG,0.00403910272529692,0.0
AGGGCGGUUUGGAC,0.22092923977289,0.0358559288097328
CAUGGUCUCCGCAC,0.00268768613750907,0.0
AGGCGGGUCCACAG,0.0378089785937078,0.0
CGUGGGGCCCGGAG,0.00338290861101596,0.0
CGGCGUCUUUAGCC,0.000967844086597519,0.0818566168971433
AGUCCUGCUCACCG,0.00913112676759383,0.0
CAUCCUGCCUGGAG,0.00645297471190686,0.0
AGGCGUCCCCGCCC,0.0157941352886108,0.0831783256759112
CAUCGUCCUCAGAG,0.00374985332206393,0.0
AGUCGUCCUCACCC,0.0072768210972071,0.0194773047536086
CAUGGUCCCCAGCG,0.00364294157045735,0.0
CAUGCUCCUUGCAC,0.00387242040034532,0.018280757475817
AAGCGGGUUCACAG,0.0281366918127769,0.0240895545378617
CAUGGGCUUCACAG,0.00304149301603683,0.0
AGUCCGGCUUGGAG,0.00976358085718242,0.0
AGUGCGCCCUGGAC,0.0114232255227495,0.0661592797657557
AGGGGGGCCCGCCC,1.04992234260068,0.0
CGUCGUGUCUAGAC,0.00155962721346636,0.0
AGGCCGCUCCGCAG,0.0205015927029674,0.0472832982119434
CAGCGGGCUUGCCC,0.00836772824645748,0.0
AAUGCUCUUCGGAG,0.0226888030422618,0.0
CGUGGUCUCCGGCG,0.002770485500401,0.0
AGGGCGCCCUACAC,0.122838968588278,0.0204996902763166
AAGCGGCUUCACAC,0.0208482585809663,0.0115937313475782
CGUCGGCCCUGCAG,0.00293660873513598,0.0
CAUGCUGUUUAGAG,0.00399508354654855,0.0
AAGCCUCCUCACAG,0.0150990593453686,0.0287157645119472
CAUGGUCUCUAGAG,0.00355954782646457,0.0
CGGCCGGCCCAGCC,0.00107741102793372,0.0
CAUGCGGUUCGGAG,0.00366506981672011,0.0
AGGCCGCUCCGCCC,0.00947821235350504,0.028241426417465
CAUGGUCUUCGGAC,0.00168765631307927,0.0
CGUCCUGCUUAGCG,0.00301544981429951,0.0606781456177577
AGGGGUGUUCAGAC,0.0152501249822272,0.0159314474073838
CAGCGGCCCUGCAC,0.00496371660217211,0.0
AGUGCUCUCUGGCG,0.0170354803698227,0.0274716281750187
AGUGGGCCUUACCG,0.0151040088090152,0.0134938236869925
CGGCCUCUUCGGAG,0.00579056428912642,0.0
CAGCGGGUUUACAC,0.00302891055123535,0.0
CGUCGUCUUCGCAC,0.00463523535644014,0.0265362089683315
AAGGCGCCCUACCG,0.316795382571781,0.026826091190246
AGGCCUGUUCAGAG,0.0288835073911508,0.0564659954557108
CAGCGGCUUCACAG,0.00498762167008763,0.0570767173261279
AAGCGUGUCUGCAG,0.0137894098417394,0.064280569753029
CGUCCGGCUCACCG,0.0040584060676387,0.0491164267924497
CAUCCUGCCUACAG,0.00510396702169813,0.0
AAUGCUGCCCACAC,0.0137424935567697,0.0217671708969762
AGUCGGCCUUAGCG,0.00840399991837616,0.154734941610108
CAGGGGGUCUGGCG,0.00412020920572456,0.0
AAUCGGCUUUGCAG,0.011633531874987,0.0
CGGCCGCCUCAGAC,0.00344476507363857,0.0441846490153879
CAUCGGCUCCAGAG,0.00387897915855099,0.0357885544911576
CAUGGUCUUUAGCG,0.00354933684589526,0.0580594276429566
AAGGGGCCUUAGAC,0.0231000544083932,0.0226205798303077
CGUGCUCUCCACCG,0.00394129193252312,0.0229504423842976
CGUGGGGUCCGCAC,0.00434716988231109,0.0
CGGGCGCUUCACCC,0.00132405080225029,0.0183786764188217
CAUCCGGUCCGGCG,0.00466810936606028,0.0492901390348534
AGGCCUGUCCGGCC,0.00657965716237246,0.0
AGGCGGCCUCGCAG,0.0216010968067113,0.0
CAGCGGGCCUACAG,0.0054876924334866,0.0282230761163182
CGGCCGCCCCGCCG,0.00972224803806937,0.0973800501743217
CGUCCUCCCCAGAC,0.00206488442792693,0.0503334602772195
AAGCGUGCUCGCAG,0.0205274708642348,0.0382506998686963
AGGCGUCUCCAGAG,0.0154308480253104,0.0
CAGCGUGCUUACAC,0.00416664598980548,0.0292150333663169
CGUGGGCCCCACAG,0.00362757549634445,0.0
CAGGGUCCUCGCCC,0.00363951813172336,0.0251539225746785
AAUCGUGUCUACAG,0.00879929827400781,0.0324288332240644
CGGCCUCCCCAGCG,0.00461463431041151,0.0
CGGGCGCUCCGCAC,0.00414922476351136,0.0846155078362603
CAUCGUGUUUAGCG,0.00232845490183232,0.0
AAGCCUGUUUAGAG,0.0231504254746649,0.0
CAGCGUCUUCGGCG,0.00346784274815151,0.0
AAGCGGCCCCAGCG,0.0115803886645946,0.0230901388993169
AAGCGGGCUCGGAC,0.0134881172984699,0.0626669131604105
AGGGCGCCCCAGCG,0.20809320340121,0.0413923963250603
AGGCGGGCUUGGCG,0.0375969090022366,0.0
CAUCGUCCUCAGAC,0.00245264602432458,0.150074186566822
AGGGGUGCUUGGCC,0.00873714414056567,0.0
CAUGCUGCUCAGAG,0.00445965825960528,0.0
AAUCGGCUCCAGAC,0.005540971000802,0.0205653864029477
AAGGGGGCCCGGAG,0.0493340839106494,0.0
AGGCCUGUCUACAG,0.0169788840895243,0.0254071029844998
AAUCCUCCUCAGCG,0.00994533256554206,0.0227477039093377
AAGCGGGCCUGCCG,0.0241351909938779,0.0
AGGCCUGUUCAGAC,0.0223989555002117,0.0352340067362157
AAGGCUGUCUACAG,0.0366805637730414,0.0199443108484158
AGGCGUCCCUGCAC,0.0147112597922345,0.0160199588736621
CGUGCUGUCCAGAG,0.00318672430755259,0.0
AAGCCGGUUUGGAC,0.0177525063308379,0.048428265291595
CGUGGUCUUUGGAC,0.00136801294664167,0.044041682977711
AGUGCGCCCUGCCC,0.0110418409654868,0.0188359130998724
CGGGCGGUCUAGAC,0.00182115830096289,0.0586704538065393
CGGCCGGUUCGGAC,0.00942244564259962,0.0
AAGCCGCCUUGCAG,0.0407951578147049,0.0246482947852031
CAGCCGGUCUACCC,0.00296655062812168,0.0
CGGGCUGCCUGGAC,0.00267668520583162,0.0
AGGGGGGUCUGCCC,0.279649358574528,0.0452741180219525
AAGCGUGUCUGCAC,0.0190225243199361,0.113066167925318
AGUGCGGUCCGGAC,0.00935073452857621,0.0390032798124937
AAUGCUGUUUGGAG,0.0106376310402343,0.0
AGUGGGCUUUGCCC,0.170665746721445,0.0
CAUGCUCCUUAGCG,0.0035959861594605,0.0215323828034447
AAUGGGGCCUAGAC,0.00689912728512513,0.0
CGGCCUGCUUGCAG,0.007224285735713,0.0651633542942227
AAGCGUCCCUGGCC,0.00965180922447393,0.0421036268753657
CAUCGGCUCCACAG,0.00335064946977931,0.0529656871133018
CAGGCGCUCCGCCG,0.00777523350112539,0.0373692952236599
CAUGCUGUCCACCC,0.00113504119265263,0.0
CAGCGUGCCCGCAG,0.00346097573280863,0.0
CGUCCUGCUCGCAC,0.00433281786580644,0.0
CAUGCUGCUCACCC,0.000924370719538806,0.0579341605353869
AGGCCGCUUCGGCC,0.00468761089719087,0.0
CGGGCUCCUUGCCG,0.00842770064807298,0.0477045542997337
CAGGGUCUUUGCAG,0.00612255386645052,0.0
AGUGGUCUUUACCC,0.0055662993447811,0.022956444181737
CAGCGUGCCCACCG,0.00460990620148691,0.0261504141500244
AAUGCUCCCUACAC,0.0132376825568974,0.034333562372571
AGGCGGGCCCACAC,0.0192868413681762,0.0
AGGGGGCCCUAGCC,0.00576884519487843,0.029915492183723
AGUGCGGCCUGGCC,0.00350035472344742,0.0
CAUGGUCUCCAGCC,0.00067560906021742,0.0
CGUGGGCCUCGCAC,0.00319474683028489,0.0
CAUGGGGUCUAGAC,0.00130973537665416,0.0638432380303694
CGGCCUCUUUACCC,0.0019896474937681,0.0310905138612936
AAGCGUGCUCGGAG,0.0234513277394323,0.0349223729350666
AAUGCGGUUUACCG,1.51649103648053,0.0370452450719393
CAGGCGGUCCGCAG,0.0062667517639517,0.0
CAGCGUCUUUGCCC,0.00280296760092043,0.0394421531840751
AGGGCGGCCUGCAG,1.63903393707011,0.0
AGUGCUGUUUACCG,0.0126689093035877,0.0555749342483895
CAGGCGGCCUACCG,0.0109194782088933,0.021926341090739
CGUCGUCUUCAGCC,0.000458769448098947,0.0422058492896775
AAGGCUGUUCGGCC,0.00718980245245766,0.0298664429207785
AGUGGUGCCUAGCC,0.00168581979447764,0.0423410657250406
CAUCCGCCUUGCCC,0.00156372980960864,0.0851190575103786
CGUGGGGUCUGGAC,0.00144503740128829,0.0
AGGGCUGUCCAGCG,0.0521795065839261,0.0211198886737067
CGGGCGGUCCACCG,0.0066747389132738,0.0414052252857284
AGUGGUGCCCGGAG,0.0200860198779072,0.0
CGGGGUCCUUAGCG,0.00686280245002589,0.0
AGUCGGCCCUGGCG,0.00961788480271208,0.0
AAUGGGCUUUGCAG,0.0192865030915583,0.0214592860758781
AAGCCGCUCCGCAG,0.0236965399914729,0.0
AGGGCGGUUUGCAC,0.210986405250064,0.0330883111702485
CAUGGGGCCCGGAG,0.00403291663780667,0.0
AAGGCUCUUUAGCC,0.00432262276992226,0.0227150957773421
CAGCCUGCCUGCCC,0.00305992053536687,0.0
AGUGGGGCCCACCC,0.0110071551999897,0.0177574730443988
AGGGGUGCUCACAG,0.0274083481946025,0.0222236865494391
AAGGGGGUUUGCCG,0.14201756066445,0.0
AGUCCUGCUUGGCG,0.012394399823778,0.0
AAGCCGCUCUACAC,0.0209052963525331,0.0447136491860124
CGUCCUGUCCACCG,0.00450824260694862,0.01437224417895
AGGGCUCCCUAGCG,0.0281694989902113,0.0
AGUGCGCUUUGGAC,0.0166978835578426,0.0344501458638801
AAUGGGGCCCACCC,0.0147143452592289,0.020307406222299
CAGCCUCCCCACAG,0.00735751643879387,0.0258744610757922
AAUCCUGUCCGCCG,0.00938492096859485,0.0331368651001579
CGUGGGGUUCGGAG,0.00836160103514691,0.0
AAGCGUCCCCAGAC,0.0104342960404713,0.0155542196416367
AGGCGUGCCCACAG,0.0153813427932807,0.0136527937034583
AGGCGUGUCCAGCG,0.0210393661568914,0.0
AGGGCUCUUCAGAG,0.0530918386223365,0.0288115770865528
AAGCCUCCCUGCAG,0.0214103728368901,0.0257854390291031
CGGGCGCUCUACCG,0.0644113439133455,0.0258577863726226
CAGCCGCUUUAGAC,0.00194648490052735,0.0427564506763777
AAUGGGGUCUAGAC,0.00674710138148489,0.0
AGUGGGCCCUACCG,0.0193193778978344,0.0497343622005776
CGGCGGGUCCAGCG,0.00443013644686314,0.040689028127938
AAGCCUGCUCAGCC,0.00328647275468383,0.053154172632737
AGUCGUGCCUAGAG,0.0104611733732502,0.0
CGUGGUGCCCGCCG,0.0058167659374935,0.0
AGGGCUCCCUACAC,0.0235733170222459,0.0304930087261067
CGUGCGGCCUGGAC,0.00320993042771565,0.0
AAGGGUGCUCACCG,0.0159584531557439,0.0265726754036894
CGGCGUCUUUACAC,0.00566080916960418,0.0305705559695534
CAUCCUCCUCAGCC,0.000340942290712673,0.0191626938315793
CAUCGGCUCCAGCC,0.000291721991530244,0.102829996984955
AGUGCUGCCCGGCC,0.00401448536246917,0.0
AGGGGUGUUUGGAC,0.00871037977397709,0.0
AAUCCUCUCCAGAC,0.00486986238521259,0.0341320448894794
AGUGCGCUUCAGAC,0.011180543217982,0.034937787974652
AAUGGGGUCUAGCC,0.00211331470632865,0.0371575271204393
CGGGGUCUUCACAG,0.00586606056408243,0.0314619649157155
CAGCCGGCCCGCAG,0.00702693213853025,0.0
CAUGGGGCUCGGCC,0.00124422159182771,0.0
CGUCGGCCCUGGAC,0.00253799720666105,0.0
AGGCCGCCUCAGAG,0.0349272780375183,0.0173754385343981
AGUGGGCCCUGCCG,0.0400525309252617,0.0278050979487702
AAUCCGCUUCGCAG,0.0120074668281116,0.0257813057064684
AGUCCGGUCCGGCG,0.0106706980601382,0.0
CAUCCGCUUCACAG,0.00286896672588084,0.0397077825267717
AGGGGUCCUCGGCC,0.00986019531293627,0.0
AAUGCGGCUUAGCG,0.0436257445312013,0.0
CAGGGUGCUUACAC,0.00368522090275533,0.0577647934816345
CGUCCGGCCCACCC,0.000485318759954707,0.0227898712739498
AAGGGUCCUUACAC,0.0262444840922213,0.027912859568471
CAUCCGGCCCGCAG,0.00409874978277808,0.0
CGGCGUGUUUGGAG,0.00683087315685915,0.0
AAGCGUCUUUACAG,0.0173264692799683,0.0232613391120901
CGGGGGGCCUGGCG,0.00716916401796074,0.0
AGGCCGCCCCACCG,0.0268857891027925,0.0499599635626345
AGGGCUGUUUGCCG,0.0473620087905566,0.0
AAUGGUCCUCAGCC,0.00239415407213445,0.0329606208136241
CGGCCGCUCCGGCC,0.00210338411132577,0.0347599487160907
AGGCCUGCCCACCC,0.00736207923968614,0.035310758905704
AGUGGUCCUUGCCC,0.0052998541650399,0.0
CGUGCGGCCCAGCG,0.00325158301123412,0.0130651729674892
AGUCCGCCUCGGCG,0.0129823159884516,0.0
CGGGGUGUUCACAG,0.00560090938903183,0.0
CGGGCUCUCUAGAG,0.00701100114845067,0.0336774555256113
CGGGGGGCUCAGCG,0.00240531132009866,0.0
AGUCCGCUUCGCCC,0.00578820930713572,0.0
CAGCGUCCUCGGAG,0.0111679354786744,0.0
AAUGCGCUCUGGAG,0.0295116189494368,0.0581546394515875
CGUCGUCUUUGCAC,0.00361138818935496,0.0
CAUCCGGCCUGCAC,0.00233849711676259,0.0743030889205938
CAUCGUGCCCACAG,0.00329522452494447,0.0643739303528365
AAGGCUGUCUGCCG,0.0294661413196495,0.0686131081297913
CAGCCUCUUUACAG,0.00590642706947799,0.0232078858807528
AGUCCGCUCUACCG,0.0166868472831845,0.0496747058497865
AGGGCUGCCUGCAG,0.0441892437313959,0.035570989168088
CGUCGGCCUUACAC,0.00280668837739901,0.0479934663922694
AGGCCUCCUUAGCG,0.0124458733248783,0.0218614018398593
AGGCGUGCCUACAC,0.0246876665723442,0.0217398380657067
CAUCGGCCCCGCCG,0.00425170524420514,0.0
AGGGCUGCUCACAG,0.0631010039856717,0.0395918562913132
CAUCCGCUUCGCAG,0.00283120520840291,0.0318838989048711
CAUCGUCCCUGGAG,0.00568740534532532,0.084634050390421
AAGGCGCCUUACAG,0.181161775901188,0.0260831394116227
CGUCGUGUCCGCCG,0.00378386559709399,0.0
CGUGGUCUCUGGAG,0.00731547348771505,0.0
CGGGCGGUUCGGAC,0.00330865284702124,0.0403230331482832
CGUCGUCUUUGGAG,0.00381977728447381,0.0
AAGGGGGUUUGCAC,0.149943485016586,0.0284070485217896
AAUGGGGCCUAGCG,0.0246170926420678,0.0
AAUCCGGUUUAGAG,0.00841526123752232,0.0679966988844503
CAGGGUCCCCACAC,0.00438420430357419,0.0274678109906285
AAUCCUGCUCACCG,0.00767211369341816,0.0317924733829295
AGUCGGGUUCGCCG,0.00867412464363067,0.0
AGUCGUGUCCGCAC,0.00719625580451893,0.0
CGGGGGCUUUACAC,0.006923012463696,0.0509198096839733
AAGCCGCUCCGGAC,0.0116647209684856,0.0659552781297857
AAGCCGCUCCGGCG,0.0139403490839425,0.0
CAUGGGGCUCGGAC,0.00231339615239453,0.0
AAGGGGGCUUAGAG,0.039016840913088,0.0427889955614702
CGGCCGGUCUAGCC,0.00103278453565244,0.0
CGGGCGCCUUAGAC,0.00193364273615192,0.0332386077298792
CGUCCUGCCUACCC,0.00108614425843976,0.0404645549325075
CGUGCGGUCUAGAG,0.00486535342378114,0.0697644462527311
CGUCCGGUUCGCAG,0.00375787925044728,0.0
AAGGGUCCUUACAG,0.0284571165664036,0.0105411982375681
CGUCGGCUCUACAC,0.00338238502200326,0.0279788442478655
CAGGCUCUCCGCAG,0.00774545821465754,0.0471510713576079
AGGCCUCCCCGCCC,0.0153772093570791,0.0239507891536262
CGUCGGGUUCAGCG,0.0032549652725224,0.0
CGUCCGCUUCACAG,0.0042152909566259,0.0160789448000839
CAGGCUGCUUGGCC,0.00245738123601863,0.0
AAUGGUGUCCACAC,0.0106972171172695,0.0186586170914396
CGUCCGCUCUAGCG,0.00297470049248466,0.0395375321842791
CAUCCUCCUCACAG,0.00388476867968316,0.0
CAGGCGGUUCGGAG,0.0066505550766315,0.0
CAGCCGGCCCACCC,0.000634383502188385,0.0475308143671186
CGUCCGGCCCAGCC,0.000299453919245513,0.035265076819072
CGGCGUCCUUGGAG,0.00984272199145313,0.0
CGUGGGGUUUAGAC,0.00291494182209122,0.0
CAUCGGCCCCGGAG,0.00559386067346547,0.0
CGUGGGGUCUAGCG,0.00731547348771505,0.0
CGGCGUGUCUACCC,0.00284003976582581,0.0473983455241378
AAUGCUGUUCACCC,0.00710247525631078,0.0342503265892262
AAUGGGGCCCAGAC,0.00650839359469548,0.0328436242384278
AAGGGGGCUUGCAG,0.0494069914238178,0.0
AAUCCGCUCCACAG,0.0110561945716932,0.0312913887958269
CAGCGUGUCCGGCC,0.00264115974725933,0.90872249482091
AAUCGUCUCUGGAC,0.0051762292122338,0.0209404737486299
AGUGGUCCUCGCAG,0.0140593103598847,0.0
AAUGGGCCUCAGAC,0.00854432418184526,0.0265967988323345
AGGGGGCUCUGGAC,0.0437321825010651,0.083380483418618
AAGCCUCCUCGCAC,0.0198364711244677,0.0423679254249617
CGGGCGCCUCAGAC,0.00355618984809637,0.0189060294743876
CAGCCUCCUCACCC,0.00128954384360324,0.0438315268150443
AAUCCUGCUCGCAC,0.0075504312238876,0.0686852448706933
CGUGGUCUUUGCCC,0.00176990410927022,0.0
AAGCCUGCCUGCCG,0.0234920215486616,0.0
AAGCGGGUUCGGCG,0.020320122673687,0.0
CGUCGUCUCCGCAC,0.00479147924485947,0.0531137103957287
CAGCGGCUUCGGCC,0.00136463133364782,0.245266675550362
CAUGGGGUUUGCCC,0.00604335394579268,0.0
CAUCGUCCCUACCG,0.00365874577468341,0.054174769717457
CAUGGUGUCCGGAG,0.00464995038931772,0.0
AAGGCUCUCUACAG,0.0240345537000599,0.0275636035830807
CGUGCUCCUCGCAC,0.00302737719291951,0.0
CGUCGUGUUUGGCC,0.000433567933000353,0.0447699970678807
CAGGGUGUUCGGAG,0.00905487837072027,0.0488832889308687
AGGCCGGUCUGCAC,0.0334973008425407,0.0
AGUCCGCUCCGCCG,0.00982841570948881,0.021124824813856
AAGGGGGCCUGCCG,0.664166117739685,0.0294092746519945
CAGGGUGCUUGCCC,0.00362995646479025,0.0
AAUGCUGUCCAGCG,0.0145074734664722,0.0362429019792721
CGGCGUCUCCGCCC,0.00470098337568042,0.0308445016065441
CAUGCGCCCUGGAC,0.00282827920053974,0.0
CGUCGGCCCUACAG,0.00316112084155277,0.0159406212900849
AGUGCUCUUUGCCC,0.00646847567941666,0.0205652088372527
CGGGGUCCUUGCAC,0.00450549594442782,0.0340027324896468
AAUGCGCUUUACAC,0.0349157921597656,0.0363532804430715
AGGCCGCUUCAGCC,0.00246696809883786,0.0238332984972364
AGUGGUGCUCGGAG,0.0164529975715082,0.0
CAUCGGCCUCGGCC,0.000849631416812009,0.0
CAUGCUGCUUGGCG,0.00436120257436128,0.0
CAGGCUCUCUACCG,0.00744037778897834,0.0211375496251666
AGGCGGCUUCGCAC,0.0146693655341745,0.0
AGUCGUGUUCGCAC,0.0117387092464983,0.02692623150019
CGUGCGGCUCGCAG,0.00757760214791953,0.0
CAUCGUCCCUACAC,0.00305088804822713,0.0421606526001102
AGUGCGCCUUGCAC,0.0213433509260104,0.0159348235702229
AAUGCGCUUCGCAG,0.0440683245481845,0.0
AAGGGGCCUCAGAG,0.0579404419555017,0.0463519827111141
CGUCCGCCCUGGAG,0.0049718725610978,0.0
AGUGCGGUUUACCG,1.16281390651771,0.0745335725225433
AGUCCGCCCCGCAG,0.0216933162543015,0.0314950019413875
CAUCGGGUUUGGCG,0.00292461278442056,0.0
CAGGCGGUCUGGCC,0.000913172897432016,0.0
CAUCCUCUUUAGCG,0.00277567190960869,0.0174577431355241
AAUGGGGCCCAGCC,0.00190395975521257,0.01753645977214
AAUGCGCUCCGCAC,0.0225044035421369,0.0281065486517362
CAUGCUCCCCGGCG,0.00263572206542674,0.0946291512072045
CGGGCUGCCUGGAG,0.012724175488267,0.0
CAGCGGCUCUAGCC,0.000837683506388905,0.0400531467386574
CAUCCUCUUCGGAC,0.00234639421099644,0.026959865325878
CAGCCUGCCCACAG,0.00547517733378164,0.0536557598441305
CAUGCUCUUCACAC,0.00330828562694943,0.0
AGUCGGCCCUAGAC,0.00341192176859117,0.037690057460916
AAGCGGGUCCACAG,0.0259478824024638,0.0304033923814225
AAUCGUGCCCGCAG,0.0117905986736632,0.0
CAUGGUCUUUGGCC,0.000499975493424524,0.0
CGUCGGCUUUACAC,0.005238095424332,0.0
CAUGCUGUUCGGAG,0.0049693063731205,0.0
CGUGCUCCUCGGAC,0.0020067552804774,0.0445308307154359
AAUCGGCCCUGCAG,0.0106893314886544,0.0300901933152299
AGGCGGGCUCAGCG,0.0223133407634694,0.0
AGGGCGCUCCAGCG,0.0907694573503564,0.0
AGUGCGCUCUACAC,0.0246200893833139,0.0184264557024934
AAUCGUCCUUGCCG,0.011154309681273,0.0
CAGGGUGUUUGGAC,0.00301290298168609,0.0
CAGGGUCCUUGGCC,0.00204307894498738,0.0
AAGGCGCCCCGCCC,0.0712445536487735,0.0516793585055658
AGUGCGGUCUACCG,0.864381563833519,0.0396978128379087
CGGCCGGUUUGGCG,0.00548589652672316,0.0
AGGGGGGUUUGGAC,0.0734624534978125,0.0
CGUGGUCUUCGGCC,0.00126534343627581,0.0
CAUGCGCUCCGGCG,0.00432906773689033,0.0
AGUCCUCCUUGCAC,0.0111769211050318,0.00835438997277231
AAUGCUCCCUGGAC,0.00637179789026315,0.0177622282345457
CGUGGGGCCUAGCG,0.00266228902523741,0.0
CAUCCGGUCUGCAG,0.00395134817270307,0.0
CGUGCUCCUCACAC,0.00282281508560137,0.044986079210803
AAGGCUCUUUACAC,0.0222360496816881,0.0269481101331054
CAUGGUGCCUAGAG,0.0044112276998092,0.0
CGGGCGCCUCGCCG,0.063449151311271,0.0
CGUGCGCCCUGCAC,0.00313862995377253,0.0
AGGGGUCUCUAGCG,0.0267813598372096,0.0308268090139101
AAUGCUCCUCACCC,0.0057704614191753,0.0419327494920613
CAGCCUGUUCGCAC,0.00422425489273781,0.0104795989450109
AGUGCGGUUUGGAC,0.0123746737849204,0.0624767061145701
CAGGGGCCCUGGAC,0.00247769337371274,0.0
CAGGGGGUCUGCCG,0.0037955188063604,0.0724001853036019
CAUCGGGCUCGGCC,0.00095244562118633,0.0516729629606847
CAUGGGGCCUAGAC,0.00127227362647076,0.0
AGUGGGGUCCAGCC,0.0021583719433736,0.0
AAUGCUCCCUAGAC,0.00584614567823884,0.0353821288560025
CAGGGGGCUCACAC,0.00518869629452254,0.0444564607997841
AAUCCGGCCUGGAC,0.00716168688972351,0.0511043875310615
AAUGGUGCCCAGAC,0.00528760181401319,0.0610274684250811
AGGGGUGUUUACCC,0.0144350385020003,0.0417868653372339
CAGGGUGUCUACCC,0.00400928049633967,0.0409507273161501
CAUGGGGCCUACAG,0.00408477743122816,0.074688769831289
CGUCCUCUUCACCC,0.00157945718439409,0.0484428642554939
AGGCCGCUCUGCAC,0.0203378608590941,0.0
CAUGCUGUCCGGAG,0.00858376917859285,0.0
AGGGCGGCUUGCCG,10.4049474276253,0.0
CAUCCUGUUUAGAC,0.00207506904307678,0.106479123906817
AGUCCGGCCUACAG,0.0149910033903784,0.0
CGGCCUGCUUGCAC,0.00497439891910649,0.0266457819321439
CGGCCUCCUUGCAG,0.00485767855772196,0.0176835707646139
CAUGGGCUUUAGCC,0.000519839479226931,0.118042189367672
AGGGGGGUUCAGAC,0.022983729288161,0.0619989998249403
AGUGCGCCUUGGAC,0.00932177599992474,0.0380094410144344
AAGCGGCUCCGCCG,0.046793804550729,0.0371899971293563
AAGCCGGCUCACAC,0.0204935623102126,0.0373576159589856
AAUCGGCUUCGCAC,0.0135920435264034,0.0300558106006835
CGUGCGGUUCGGCC,0.000695673514132389,0.0439661338556176
AAGGCGGCUUGCCC,0.0627348436851529,0.0
AAGCGUGCCCAGCC,0.0070686546024289,0.0394533287729403
CGGCCGGUCUACAC,0.00499003114915531,0.0
CGGCCGGUCCACAC,0.00444708927186138,0.0466474684001147
CAGCCUCUCCAGCG,0.00437100454868171,0.0280179312305313
AAGGGGCCCCGCCG,0.130934362544775,0.0341934324865098
CGGGCGGCCCAGAC,0.00200242167398214,0.0
CGGCCGCUUUGCCC,0.00264870591796579,0.0565258219080338
CGGGCGGCCCGCAC,0.00575003879659663,0.0
CAUCCUGUUCAGAG,0.00611087208040048,0.0
CGGGGUCCCCACAG,0.00659996474620694,0.0293551019219905
CGUCGUGUUCGCAC,0.0034087297810247,0.0
CAUCCGGUUCAGCG,0.00224275305218821,0.0
AAGCGGGUCCACAC,0.0290606245042062,0.0
CGGCCGGUUCACAG,0.00535865359126027,0.0187712419845159
CGGCCGCUUCACAG,0.00585237879017204,0.0406999962438878
AGGCCGGUCCGCCG,0.0258891885525055,0.0
AAUCCUCUUCACCC,0.00138660886731115,0.0343772159673046
CGUCCUCCCUGGCC,0.000679462210883795,0.0494325855731027
AGUCCUCUCUGGAC,0.00563309852345155,0.0305141984135206
CGGCGUCUUUGCCG,0.00421385032403649,0.0577640844172634
AAUGCUGCCCAGCG,0.00976193357565461,0.0324143539107319
CAGCCUCCUUAGAG,0.00518978947357631,0.0182125663655199
AGUGCUGCUCGGAC,0.00516694251608576,0.0242296611246143
AGUGGUCCUUGGAC,0.00516373882698752,0.029410500132823
AAGGCGGCCUGCAG,0.882485827776433,0.0346217146090081
AGGCCUCUCUACAC,0.0182845528616488,0.0297233940640789
AGUGGUGCUUGGAC,0.00796389430368238,0.0
CGUGGUGCCCAGAG,0.0090886967773336,0.0
AAGCGUGUCUGGCC,0.011082966589437,0.0250441623143241
CGUGCGGUUUGCAC,0.00293441955367916,0.0
AAGCCGGCCCGCAG,0.0433366582722596,0.0299756757269147
AAUCGUGCUUACCC,0.00156861527377646,0.0323935441868797
CGUGCUGCCCAGAG,0.0036219513482881,0.0
CAGCGGGCCUGGCG,0.00428932227013863,0.0
AAUCCUCUCUACAC,0.00830306153689899,0.0247146078788619
CAUGGUGCUCACCC,0.00225782362047445,0.0408294758186831
AGUGGGCUCUAGCC,0.00194839362028373,0.0337521908075597
AGGGCGGUUCACCG,2.96634882195651,0.0
AAGCCGCUUUGCAC,0.0295919858195534,0.0237704735296244
CGUGGGGCCUGCAG,0.0051766731046283,0.0
AGUGCUGUUUAGCG,0.0114581056006816,0.0
AAGGGUGUCUAGAG,0.0205698323225188,0.0471351291014173
CGGCGUGUUUGCAG,0.00630269626024204,0.0
AAUCGUGUUUACCC,0.00235830936589853,0.0474304108415321
CGUGGGCUUCGGAG,0.00525787891178284,0.0
CAUCCGGUCUACCC,0.00055280087733335,0.0
AAGGCUCCUUGCAG,0.0485380743015845,0.0233955904695798
AAGGGGCUCUGGAC,0.050423512660534,0.0
AAUCGGGCCCAGCG,0.00791968356309932,0.0295938826486379
AGGCGGCCUUAGCG,0.0127314464456889,0.0271552731482829
CGGCGGCCCUGGCC,0.00176187119710271,0.0627649307657396
AAGGCGGCCCGGCG,0.0927671345410107,0.0
AAUGCGCCCCAGCG,0.0261347576625886,0.0338091886250558
CGGCCGGUUCGCCG,0.0130584049826593,0.0
CGUCCUCCUCACCC,0.000621453481527891,0.0668314708432002
CGGCCUGUUUACCG,0.00427384412526006,0.0242041944322107
CAGCGUCUUUGGAG,0.004697038494526,0.0445365006670713
CGGCGUGUUCAGAG,0.00401456281583419,0.0
CAGCCGCUCCGCAG,0.00481609738261116,0.0
AGGCCGCCUUAGCC,0.00185236296223751,0.0277490082422162
AGGCCGGUUCACCC,0.00818341946986796,0.0
CAUCGGGUUCGGCG,0.00337108025922919,0.0
CGGGCGGCCCAGCG,0.00419732542080497,0.0626921801086813
AAUGCUCUCUAGCC,0.00104882392769761,0.0340730055787012
AAGGGUGCCCAGAG,0.0268709296025515,0.0
AAGCCGGCUUGGAC,0.0148973235833847,0.0246070679822935
AAGCGGCUCUGGCC,0.00269116068779961,0.0
CAGGGUCCCCGCCG,0.00752177727091578,0.0
CAGCGGGUCUGCAC,0.00634295364565492,0.0
CGUCCUGCCUACAC,0.00294473775585608,0.0
AAGGGGCUUCGCCC,0.977586678882507,0.010494336229083
CGUCCUGCCCACAC,0.00391159101809294,0.0196702021905159
CAGCCGGUUCGCAG,0.00691071453141984,0.0
AGGGGGCCCUAGAC,0.0304148140174369,0.0
CGUCCGGUUUAGCC,0.000286192726188957,0.0266589060259799
AGGGCUGCUCGCCG,0.0534557012534914,0.0
AAGCCUGCUUAGAG,0.0191438988705007,0.0249145651226291
CGUGCUGCCCAGCG,0.00318825712347734,0.0
CAGCCUCUUUGCAC,0.00382590854817281,0.0
AAUGCGCUUUGGCC,0.00422372247646025,0.0240123286250525
AGUGCGCCUUGCCC,0.0129602611509726,0.030847877820847
CGUCGUGCUCAGCG,0.00300663915012333,0.0
CGGCGUCCUCAGCG,0.0030513683239048,0.0
CGUGGUCUUUGCAG,0.00420361425037486,0.0
CGUCCGGCCCGCCC,0.00148837832546243,0.0
AAGGGGGUCCACAC,0.0309015690429342,0.0258655602502251
CGUGGGGCUCGCCG,0.00493110144302142,0.0
AAGGCUCCCUGGCC,0.0122152084687363,0.0601835422919652
AAUGCGGCUUACAG,0.0352447792623707,0.0488743908130267
AGUCGUGUUCGGCG,0.013133166843247,0.0
CAUCCGCUCCAGAC,0.00162561879087455,0.0370460407992378
CAGCCUGUUUGCAG,0.0047580658610041,0.0
AAUGGGCUCCACCC,0.0345306274824135,0.0509920729620183
CAGCCUCCUCGCCC,0.00343570160605147,0.0
AGGGGGGCCUGCCG,0.572492226479624,0.0
CGUCGGCUCUAGCC,0.000307308421421445,0.0
AAUGCUCUCCACCC,0.00371318156109,0.0561332598671335
CGGGGUGUCCGCCC,0.00395540083749558,0.0
CAGCGUGUUUGGAG,0.00384473010185344,0.0
CAGGCUCUCUACAC,0.00618031380858685,0.0179959664542537
AAGCGUGCUUGCAC,0.014672522782608,0.0245834054685286
AAGCCGGCCCGGCG,0.0467456462613114,0.0
CAGCGUCCCCACAC,0.00368188907745599,0.0308414568341015
AGUGGUCUUCACAG,0.00820579480467834,0.0236035033006454
CGUGGUCCCCGCAG,0.00490562408556581,0.0585098218298349
AGUCCUCCCCACCC,0.00171385700420181,0.027288771928148
CGGGCGCUUUACCC,0.00196813564737736,0.0193584524707726
AGGGCGGCCCAGCG,0.107581214703454,0.0
AGGGCUGCCCGCCC,0.0296365925324047,0.0576778956891307
CAUCGUCUUUGGCC,0.00043227533072267,0.0392951330558585
AGUGGUCCUUAGAG,0.00786934366931866,0.0
CAUGCGCUUUGGAG,0.00472480512178197,0.0
CGGGCGCUUCGGCG,0.00582375724270684,0.0
CAUCCGGUUUGCCC,0.00136044643585245,0.0402142162608564
AAUCGGGUUCGGCG,0.00817128738450745,0.0
AAGCGGGCUCACCG,0.0237500630644266,0.0279778048949002
CGGGCGCUCCAGCG,0.00647262594818217,0.0143701633417752
CAGGCGGCCCGCCC,0.00188521802506534,0.0
AAGCCGCUUCGGCC,0.00385455094793454,0.0259358576218807
CGGCCUGCUCACCG,0.00452031216578459,0.0
AGUGGGCUUCACAG,0.0131225841141227,0.0
AAUCCUCCCUAGAC,0.00514318210989501,0.0353022073689454
CAUGCUGUCUGGAC,0.0022416731441315,0.0
CAUCCGCCCUACCG,0.00433719063726864,0.0364630561917732
AGGCCGGCUUAGCG,0.0187594373684883,0.0
CGUCCUCUCUGCAC,0.00349517746941926,0.0296666895864708
CGGGCUCCUUGGAC,0.00223414094455791,0.0
AGGGGGCUUCAGCC,0.0110105590667542,0.0421100152599097
AAGGCUGUCCAGCC,0.00707285912803082,0.0331603276264098
AGGGCUGCCUACCC,0.0173300111786067,0.0278524692257439
AAGCCUGCUUACAG,0.0209462527458592,0.0372542019332906
CAGGGUCUCCGGCG,0.00642507871189722,0.0274781630050066
AGGCCGGCUUGGCG,0.0229186637068429,0.0
AAUGGUGUUUGCAG,0.0144474868252679,0.0
AGUCGUGUCUGGAC,0.00603266126025883,0.0
AGGCGGGUCCAGCG,0.0148201402552848,0.0
AAGGGGCUCCACCC,0.0851220002132542,0.027765095765079
CGUCCUGCUUACCG,0.00331705653712616,0.0
CAUGGUCUUCACAC,0.0033200032856045,0.0292756362238489
CAGGCUCUUUACCG,0.0100755984422867,0.0378421320530561
CGGGGGCUCCGCCG,0.0131472130109938,0.0
CGGCGUCCCCACAC,0.00374464053817862,0.0267552039431329
CAGCCUGUUUACAG,0.00503955495139442,0.0836600183207018
AGUGGUGCUCGCCC,0.00998911185341363,0.0365273914001438
CGUGGGCCUUGGCC,0.00124255980645701,0.0
CGUCCGCUCUAGAC,0.00227537677278471,0.0265491719264702
CGGGCUGUUCAGAC,0.00276826556009619,0.0256951657851427
AGGCCGGCUUGCCC,0.0100221305004111,0.0
CAGCCUGCCCACAC,0.00488742057506638,0.0
CAUGGGGCUUACAC,0.00304560680475577,0.0298041737814026
AGUGCGGCCCACAG,0.0206512924823511,0.0337913548056272
AGUGGUGCCCAGCC,0.0050689913255749,0.0308037929839452
CAUGGGGUUUGGAG,0.00240590787548559,0.0
CGUGGUCCUCGCCC,0.00335607545095369,0.0
CGGGCGCUUCGCCG,0.0590026833913526,0.0
AGUCGUGUCUGCCG,0.00840773655178312,0.0
AGGGGUCUUCACCG,0.0741637657030422,0.0
AGGGGUCCUCGCCG,0.0189696337130613,0.0225402989370899
AGUCCUCCCCAGAG,0.00936063444218327,0.0
AAUGCGGCUCGGAG,0.0471413297952848,0.0
CAGGGGGUUUGCAG,0.00540336007265022,0.0
AAGCCUCUUCAGCG,0.017092430376873,0.0460912276254463
CGGCCGGUUCGCAG,0.00475053971854064,0.0
AGUCGGCUUCAGAC,0.00352291410752051,0.0442045922241496
AAUCGGGUCCGCAG,0.0142786560405282,0.0
AGUCGUCUUUAGCC,0.00108571092376507,0.016328575511771
CGUCCGGCCUGGAC,0.0025202838128523,0.0
CGGGCUGUCUAGCG,0.00468649388328861,0.0
AGUCCUGUUUGGCG,0.00996121166795763,0.033492977523869
CAUCCUCUUCGCCG,0.00294629485102092,0.0373755079957911
CGGGCGGUUUGGAG,0.00735751643879387,0.0
AAUGGGCCCCAGCC,0.00187819564489366,0.0176086354029121
CAGGGUCUUUGCAC,0.00408558559895377,0.027256502971976
AAUGCUGUCUGCAG,0.0222356942461113,0.0
CGGCGUGCUCACCC,0.00326077906465318,0.0417759407503338
AGGGGUGUCCACCC,0.0256442891148506,0.0270887631166985
AGGGGGCUUCGGCC,0.0174801412944359,0.0
CAGGCGGCUCAGAG,0.00794611775389738,0.0
AGUGCGCCCCAGAC,0.00814008171058434,0.0183319234563099
AGGGGGGCUCACCG,0.0748283155749333,0.0
CAGGCGCCUCGCAG,0.0261594414665342,0.0319268500316478
CAUCCUGUCCACCC,0.00125726250417655,0.0
CAUCCGCCCUACCC,0.000341766385812744,0.0462204578177517
AAUGGUGCCCACCC,0.00903024650123909,0.0251170072959394
AAGCCUGUUCGCAG,0.0300363251097321,0.0278372130657321
AAUCGGGCUUGGAG,0.0122461773614591,0.0
CGGCGUCCCCAGAG,0.0142015721559017,0.0
AGUCCUGCCUGGAG,0.0127868561556969,0.0
AGGGGUGUCCGCAG,0.0183609322857046,0.0313567459067316
CGGCCUCCCUACAG,0.00505341898308953,0.0256160077091944
AGGCGUCUUCGCCG,0.0196646348455036,0.0338052817775976
AAUGCUCCCUGCCC,0.0150940168504563,0.0873629682325946
AGGGGGGCUCGGAC,0.0191812442077312,0.0
CAGGCUGCUUGCAG,0.00801023912621312,0.0407691191949237
CGUGGGGUCUACCG,0.00350837362818276,0.0
AAUGGGGCUCGGAC,0.00555401049720042,0.0
AGGGCUGCCCAGCG,0.0260585161169071,0.0335207329484633
CGUGCUGUCUGGAC,0.00229642582912578,0.0
AAGGCGCCUUAGAC,0.0698397298935008,0.0284159567100391
CAUGCGCUCCGGAC,0.00176031326140098,0.0
AGUGGGGUCCAGCG,0.0126029928645692,0.0
CAUCGGCUUUAGCG,0.0027733354683406,0.0
AAUGGUCCCUACAC,0.0105970731036406,0.0322856311462016
AAGCGUCUCCGGCG,0.0183478066192422,0.0
AGUGCGGCCCGGCG,0.0164305903691699,0.0
CAGGGGGCUUGCAC,0.00449600850690604,0.0476716962849505
CGGGGUGUUCGGAC,0.00208794385425231,0.0
CGUGGUCCUUACCC,0.000596115374445256,0.0
AGUCCUGCCUACCG,0.00977983723556601,0.0
AGUCGGCUUCAGCG,0.00840136408354775,0.0616502123921908
CAUGCGCUCUACAG,0.00339049612825283,0.0
CGGGCGGCCUAGAG,0.00725293025470523,0.0422992418488683
CAUCGUCCUUGCCG,0.00350703031964778,0.0253159168744775
CGUGGGGUCCGGAG,0.00527386778332744,0.0
CGGGGUCCCUACCC,0.00242026275021583,0.0
CAUGCGGUUCGCCG,0.00452267997250892,0.0
AGGGCUCUUUAGAG,0.0389989246347401,0.0317145340462039
AGUGGGGUUUGGAC,0.00859965373365644,0.0
CAUCGGCCCCACCC,0.00183873009060603,0.0342935110384858
CAGGGGGCCUGCCG,0.0205602518780711,0.0
CGUGCGCUCUACCG,0.0222807335883429,0.0
AGGGCUCCUCGCAC,0.0250905966970119,0.0
CGGGGUCCCUACAC,0.00415512623289172,0.0617303525608813
CGGCCUGUUCGCAG,0.00673103484103518,0.0
AGUGCUCCUUAGCC,0.000985346754247682,0.020033104900145
AGUCGGGUCUAGAG,0.0171856094501932,0.0
CAGCCUCUCUGCCG,0.00712904619148395,0.0206468888539112
AGGCCGGCCUGGAG,0.0247212552343474,0.0
CAUGCUCCCCGCCC,0.00157966976077686,0.0346468964606768
AAGGGGGUCCAGAG,0.0302949124727662,0.0
CGUCCGGUUUACAG,0.00522786818740052,0.0
CAUGGUCCUCGCCG,0.0036503607875279,0.0328435964018097
AGUGCGGCUUAGAC,0.011981208624832,0.0147499971993226
AGUGCUCCCUGGCG,0.0150739361185045,0.0
AAGGCUCCUCGGAG,0.0485190153018944,0.0230681884050497
CGUCCUCUCCGGAG,0.00733154873371577,0.0
CAUGCGGCCUGCCG,0.0229169354311693,0.0
CAUGCUCUCCGCCC,0.0011653876403053,0.0
AGUCGUCCCUGCCC,0.00627688121184602,0.0222729753218667
AGGCCUGUUUAGAC,0.00998549695834053,0.0
CGUGCUCCCCAGCG,0.00423426343979306,0.0
CAGCGGGUUUACCG,0.00626127861830633,0.0
CAGCCGGCCCGGAC,0.0035636486880158,0.0
CGGCCUCCCCGCAG,0.00793140272101979,0.03527306447221
AAGGGUCUUCACAC,0.0223915034321576,0.0181703551069794
AGUGCUGUCUAGAC,0.00557481009085368,0.0230796336292019
AGUCGGGCUUGGCC,0.00183495655883361,0.0214582820791553
AAUCGUCCCCGCAG,0.012106007947157,0.0260715860749177
AGUCCGCCUUGGCC,0.00159772167027777,0.056605555810469
CAGGGUCCUCACCC,0.00341013059792948,0.0327814716469145
CGUCCGCUCUACCC,0.000479026269361359,0.0374835855252659
CGUCCUGUCUGCCC,0.00213464786151848,0.0723357416459913
CGGCCGCUUUACAC,0.00403358689152743,0.0257984787243452
CAUGGGCUUUGCAG,0.00305084193095636,0.0
AAGGCGGUCCACCG,0.201735743235289,0.0343668090075207
AGUCGUGCCUGGAG,0.0195066154583522,0.0
AAUCGUGCUCGCAC,0.00819526543385215,0.0152502187337865
CGUGCUCCUCACAG,0.00365200361416495,0.0
AGGGGGGUCUGCAG,0.0385609323099863,0.0552259896403172
CGUGCUCUCUGCCG,0.00427337683419016,0.0232833494526826
CGUGCGGCUCGCCC,0.00317317604500578,0.0226283204884867
AGUCCGGCCCACAG,0.0115855387566908,0.0307079410764638
AGGCCGGUCUACAC,0.0200041252603023,0.0445754264658561
CGGGCGGCCUAGCG,0.00688162601381656,0.045264664545993
CGUGGUGUCUAGCG,0.00329231670177056,0.0
CAGCGUCUCCAGAC,0.00204129086219687,0.032928929354673
CGGGCGGUCUGCCC,0.00281749600097341,0.0
CGUGCGGCUUAGCC,0.000396009004158815,0.065687997496531
CAUGGGGCCUGCCC,0.00619468663139752,0.0
AAGGCUGCCUACAC,0.0237244304265108,0.0250606104578825
CAUGCUGCCCGGCC,0.000553810198245267,0.0399540863671492
AGUGGGGCCUGCAG,0.0204551979151458,0.0
CAGGGGGUCUGGAC,0.00324061398203055,0.0
CAUGCGGUUUGCAC,0.00352993255480956,0.0840367635549319
CAUCCGGUCUGGAG,0.0075476398724335,0.0
CAUGGGCCUUAGCC,0.000326575264978434,0.0296433109577461
AGGGGUGCUUACAC,0.0207148308758739,0.0207587479685845
CAGGGGGUCCGCAG,0.00277483477120226,0.0
CAUGCGCUCUGCAC,0.00370191385488958,0.0
CGUGCUCUCCGGCG,0.0062309721184933,0.0
CAUCGUCUCUGCCG,0.0031213706103974,0.0
AAUCGUGCCCGCCC,0.00924246324849091,0.0249176509496258
AAGCGGGUUCGCCG,0.0268637640213241,0.042914426286921
CGUGGUCCUCAGCG,0.00487293973369348,0.0
CGGCCGGCUCGCCG,0.00760654007210689,0.0695223715817781
CAUGGUCCCCAGAG,0.00496848757160903,0.0380626231226217
CGGGGGCUUUAGAC,0.00200297865200301,0.0135495949773577
CGGCGGGCCCGCAC,0.00406376798372834,0.0
CGUGCUCCUUGCCC,0.00242130794919243,0.0440631107760594
CAGGCGGUCCACCC,0.000912213209073609,0.0313685600680803
AAUGCUGUCUACAC,0.0125105543672472,0.0389800378834577
CGGCGUCCUUGCAG,0.0046043337873972,0.0
CGGCGGGUUUGGCC,0.00123965596742003,0.0
AAGGGGGUCUGGAG,0.0499060340043388,0.0785456674682288
AGGGCUGUCUACAC,0.0278012136010029,0.0185912481305635
AAUGCGGCCUGGCC,0.00674518119969425,0.0266807141103716
AGGCCGGUCUAGAG,0.0228126289111073,0.0
AGGGCGCCCUGGAG,0.213947922138433,0.0
AAUGGUGUUUGCAC,0.0120711914333004,0.0230492922522882
AAGGGUGUCUGCCG,0.0215388548403735,0.0
CAGGGGCCUCACAC,0.00417001393238717,0.0317818943764016
AGGGCGCCUUAGAG,0.131477720624464,0.0
AGUGCGGCUCACAC,0.020373222696071,0.0480410284364689
CAUGCGCUUCGGAG,0.00610401363811047,0.0
AAGGGGCUUCACAC,0.328245401767506,0.023691345891894
CGGCGGGUUCGGCG,0.00485596084960395,0.106866805767304
CGGGCUGCUCGGCG,0.00343350767143714,0.0
AGGCGUGCCCGGAC,0.0117597637746722,0.0
CGGGCUGUCUGCAG,0.00487035599046246,0.0
AAGGCGCCUCAGCG,0.0731900185113356,0.0525577738124666
CAGCGUCCCCGCCG,0.0036127569689901,0.0221838756674669
CAGGCUCUUUAGCC,0.000862179314784678,0.0243040907960968
AAUGGUCCUUAGCC,0.00144606317110626,0.0268126851943788
CAGCGGCUCUGGAC,0.00190570704161992,0.0
CGUGGGCCCCGGCG,0.00375666133463122,0.0
CAGGCUGCUCGGAC,0.00268277287511004,0.0306718982902295
AGUGCUGCCUGGAG,0.0177684021996872,0.0
AAUGGGGUUCGCCG,0.0245495798507755,0.0331375180826665
AAGCCGCCCUACAG,0.0247988973676211,0.0294961129922017
CGGGCUGCCUAGCC,0.00148542291345378,0.12573518814564
AAGGCGCUCCAGCG,0.109246135263549,0.0679684558758972
AAGGCGGUCUGCCC,0.0706232844257613,0.0466137956649632
AAUCGGCCCUACAC,0.0104615113210251,0.0411435508668393
AAGGCUCUUUGGCG,0.0201482757862355,0.0256178920026814
AGGCGGCUCUGGCG,0.0182122013295591,0.0
AAUCGGGCUUAGCC,0.00142998802446975,0.0316040462110446
AGGCCGGCCCGCAC,0.0247715016880757,0.059011973979703
AGGGGGGUCUGGAG,0.108810979478453,0.0
AGGGGGCUUCGGAG,0.200579275424136,0.0
CAUCCGCCUCGGCG,0.00365113923461131,0.0
AGUCGUCCUCGGCG,0.00799234298806781,0.0217807461729275
AAUCCUCCUCAGCC,0.00119460036763449,0.0268519862131396
CGUCGUCCCCACAG,0.00450604819488941,0.0614016839881688
CGUCGGGCCUGCAG,0.00330245776031358,0.0
AAUCCGGUCCGCAG,0.0138130013621916,0.0
AAUGGGCCCUGCAC,0.0834558459047637,0.0161292125595171
AAUCCGCUUUACCG,0.0201727693509413,0.0443417802703159
CAUCCGGCUUGGAC,0.00299717873195185,0.0
AAGGGGGUUCAGAC,0.0201531972019136,0.0
CAGGGGGCCUACAC,0.00412020920572456,0.0219660422015813
CAGGGGCUCUGCAC,0.00497379836388264,0.0507728710000586
AAGCGGCCCCGGCC,0.0073312395943696,0.0252607042055528
CGGGGUGCUUACAG,0.00638406041766114,0.0492148843627687
CGUGGUCUUUGGCG,0.00310494234402688,0.0
CAGCGUCCUUGGAG,0.00647696887139902,0.0
AAGGCUCCUCGCCC,0.0293448734595683,0.0281587247845424
AGUGCGGUCCAGCG,0.0148706401218105,0.0
CGUGCUGCCUACAC,0.00357428148596606,0.0405252209801451
CAGGGUCUUUGGAG,0.00549782516714781,0.0503551677399822
CAGGCUGUUUGCCG,0.00640642285036442,0.0193439240097684
CGUGCUGUCUACCC,0.0012901405075425,0.0310736369130396
AAUCGGCCUUACAC,0.00975559211936075,0.0154863712086139
AGGCGUCUUCAGCG,0.0190200355194494,0.0
CAGGGUGUUCAGCC,0.00110385667193866,0.0
AAGCGUCCCCAGCC,0.00837820681066178,0.0247130609535673
AGUCCUCUCUGCCG,0.012841076040456,0.034496737888496
AAUCGUCUUCAGCG,0.0101599224034335,0.0220448319184786
CAGCGUCCUUGGAC,0.00232604537886814,0.045583583026408
AAUGCUCCCCGGAG,0.0206278006338548,0.0
CGUGCGGUUCGGAG,0.00381725264648011,0.0
CAGCGGGUCUAGCC,0.00206420023825564,0.0
CGGCCUCUCUGCCC,0.00217756670741144,0.0
CAGGCGCUUUAGCG,0.00665572256309353,0.0106568049616487
CAUGCGCCCUAGCC,0.00026310227225024,0.0253159985884371
CAGCGUGUCUACCG,0.00544843454178051,0.0
AGGGCGCCCUGGAC,0.0510974898986092,0.0268131418882493
CAUCGUCUCUGCAC,0.00321919642337381,0.0
AGGCGGGUCCGCCG,0.0268605946296274,0.0
AAUCCUCUCCGGCG,0.0117709030171177,0.029427156505302
CGGGCGCUCCGGCG,0.00526244542117296,0.0
CAUCGUCUUCAGAG,0.00405945545068037,0.0
AAGGGUGCCUAGAG,0.0382341447480373,0.021646369878029
CAUGGUCUUCGCCG,0.00330945836201747,0.0
CGGCGGCCCCAGCG,0.00353160789062105,0.0
CGGCGUCCCCGCCG,0.00399902658202678,0.231284893550077
AAGGGUGCCUACAC,0.0208607726834249,0.023066357974405
CGUGCUGUUCACAC,0.00401505305430236,0.0
AGGCCUGUCUGCCG,0.020060690722954,0.0390726226950268
CAUGGUGCCCAGCG,0.00271642111350867,0.0
AAUCGUGCUUGGAC,0.00581202695220923,0.0
CAGGCUCUUCAGAC,0.0025126521713599,0.0
AAUCCGCCUCGCCG,0.0967770069251584,0.0
AAGCGUCCCCGGAC,0.00794118534064232,0.0
AAGCGUCUUUACAC,0.0157336124415211,0.0224749965295867
AAGGGUCUUCACCG,0.0283217132787993,0.0508767332101606
CAUGGGCCUUACCG,0.00334658342659063,0.0
CGGGGGCCCUGCAG,0.00348464501973514,0.0
AAGGCGGUCCACAC,0.101859165125139,0.0174363063538096
AAUGCGGUUCGCAG,0.0373235711010189,0.0432059123218747
CGGGCGGUUUGCCG,0.0473412037737752,0.0
CGUGGGCCUUAGAC,0.00141720989058974,0.0287472256644963
CAUCCUCCUUACCG,0.00396512267944167,0.0230581354770789
CAGCCGCUCCGGCC,0.00154507845214671,0.0197414475373128
CAUGCUGCUUGCAC,0.00369597020184024,0.0
CAUCCGGUUCACAC,0.0044323462667643,0.0380819458492351
CAGGCGCUUUGCCC,0.00375051920164928,0.0254702538819496
CGUCGUGCUUGCAG,0.00323859238877913,0.0
CGGGCGGUUCGGCG,0.00499504814666608,0.0
CAUCGUCUCUAGAG,0.00328158255323195,0.0
AGGCGUGCUUACCC,0.00614002493108628,0.0573455283236754
CAGGGUGCUCACCG,0.00689632577421581,0.0328534753975536
CAGGCUGCCCAGCG,0.00540105685011285,0.0131221370633411
CAGGCUGCUCACCC,0.00130694808138575,0.0542605886717248
AAGGGUCCCCGCAC,0.0277584380202815,0.0268785736190401
CAUCCGGCUUAGAG,0.00557188913313011,0.0
AAGGCUCCCCGGAG,0.0375521241195657,0.0224452469530666
AGUCCUGCUCAGAG,0.0121897433644017,0.0356712153229262
CAGCCGGUUCAGCG,0.00546600618246877,0.0
CAUGGGGUUUACAC,0.0024546810892976,0.0
AGGGCUCCUCGGCG,0.0397038341642549,0.0155478330310116
AAUGCGGCUCACCC,0.0050422509077729,0.0413702144240957
CAUCGUGCUCGCCC,0.00216485568436375,0.0
CGUCCUCCUCGCAC,0.00462598338966081,0.0443187474645776
AGUCGUCCUUACCC,0.0013136597578607,0.033291547231096
AAGCCUGCUUGCCC,0.00847442623652071,0.0305324592628767
CAGCGGGCCCACAC,0.00569175145217682,0.0320513544604667
CAUGGUGUUUAGAC,0.00177892040915684,0.0327857653938302
AGGGGUGCUCGGAC,0.0180887233422054,0.0
CAGGGGGUCUACCC,0.00491196582548134,0.0276145096488673
AAUGCUGCUCGGCC,0.00376459591118286,0.0299231104755104
AAUGGGCCCCACCG,0.0148908232032394,0.0
AAGCGUGUUUAGAG,0.0310004540638716,0.0
AAUGGUGUCCAGAG,0.0221706495355655,0.0214257089803369
AGGGGGGCCUGGCC,0.0143547682795502,0.0
AAUGGUGUUUACAC,0.0111085812852617,0.0196085674400506
AAUCGUGCUUGCAC,0.00911146935091439,0.0
AAGCGUCUUUAGCG,0.0133251852636005,0.0152710942166573
CGGCCGCCCUACCC,0.000675276403222799,0.0413078476860994
AAUCGUCUCCGCCC,0.0103703570686457,0.0
AGGGGGGUCCGGAG,0.0494425104686948,0.0
AGUGGGGCCUGGAC,0.00767660030961314,0.0
CAUGGGCCCCGCCG,0.00406652569815812,0.0284174685798302
AGGGGGCUCUGCAG,0.099791466962649,0.0
AGGCCGGUUUAGAC,0.017660962969571,0.0523293533191514
CGUGGUCCUCGGCC,0.000932598251355621,0.0
AGGGGGGCUUAGAC,0.0253600473592659,0.0
AAUCGGCCUCAGAC,0.00590898295845377,0.0262620820692742
CGUCCGGCCUACCG,0.00408313791467049,0.0339038090994996
AGUCCGGCCCGGAC,0.00815084864610729,0.0222071072630384
CAUGCUCUUUACCG,0.00331088239745724,0.0333247433047252
AGGGGUGUUUACAG,0.0249555799285118,0.0
CGUGGUCUCCAGAG,0.00693269983745829,0.0
AGUCCUGUUCGGAC,0.00436566847755496,0.0285094453558297
AGUCCUGUUUACCG,0.0120828607044282,0.0
AGUCCGCUCCAGCC,0.000866701936459755,0.0370596352100695
AGUCGUCUUCACCC,0.00826369642956057,0.0257570514990119
AAUGGGGUCUGGAG,0.018001390220249,0.0
CGUGCGGCCCACAG,0.00375666133463122,0.0
AAUCCUGCUUGGCG,0.00910971110514247,0.0592749652153493
AGGGGGCCCUGCCG,0.673899455683926,0.0
CAGCGUGUCCAGAC,0.00244960046171779,0.0
AGGCGUCCUCGGAC,0.00952102397539055,0.0240858206554306
AAGCCUGCCCAGAG,0.0218371087903402,0.0215988139536565
CAGCCUCCCUACCG,0.00607421400071411,0.0243090851475496
AAGCCUCCCUGCCG,0.021247353355011,0.0219833235250695
AGGCCUCUUUGCAG,0.0199402577597802,0.0293564163604227
AGGGCUGCCCGGAG,0.0216310983300539,0.0
AGGGGGGCUUGCAG,0.10224222843835,0.0
CGUGCUGUCCGCCG,0.00310584297994973,0.0
CGGCGUGUUCGGCC,0.00144357694799109,0.776648965571178
CAGGCUGUUCGCAG,0.00911118427451463,0.04272422939232
CGGCCGGCUCGCCC,0.00201419697940017,0.0
AGUCGGGUCUAGCC,0.00127530284939093,0.0193528065696981
AGGCCUGCCUACCG,0.013554982739692,0.0375261578348681
CAUCGGGUUCGCAC,0.00413885268629345,0.0
AAGGGGGUCCACAG,0.0412975935951267,0.0336147078737639
CGGCGUCUCUACCG,0.00612771539319462,0.0397722765944132
CAUGCGCUUCACAG,0.00461747583400167,0.0155919340955648
CAUGCGGCCUGGCC,0.00154359990817336,0.0
AGUGGUGUUCAGAG,0.0160104192364179,0.0
AGUCCGGCCCGCCG,0.0202226594689134,0.0
CGUCCUCCCUAGAG,0.00390418800695895,0.0308141725654252
AAUGGGGUCCACCG,0.0118456014664581,0.0419939434713775
AGGGGUCCCUGGAC,0.0104948725051474,0.0552279059087627
CGGGCGCCCUGGAC,0.00222854082825354,0.0261920281959633
AGUCGUGCCCACAC,0.00889156864014675,0.0238338860796649
CAUGCUCUCUGCCC,0.00105813120204404,0.0
AGGCGGGUUCGCAG,0.0375130675358411,0.0
CAUCCUGUUCAGAC,0.00271998185846661,0.0
AGUGGGGCCUACAG,0.0188050574004864,0.0
CAGCCGGUCUGGAG,0.00891842752125191,0.0
AAGGGGCCUCGGAG,0.113054520888783,0.0
AGGCGUGUCUGGAG,0.0117527278982963,0.0
CAUGGGCUCCAGCC,0.000495547098116646,0.0
AAGGCGGCUCGGCC,0.032336284748499,0.0156734890094198
CGGCCGGCCUAGAC,0.00586009029518857,0.0912012144789499
AAUGCUGUCCGCAG,0.0210130669491953,0.0272435257068621
CGUCGGGCCCAGAC,0.00220456315733128,0.0
AGUGCGCUCCGGCC,0.0039084639788779,0.0
AGUGCGGUUUAGAG,0.0266089661465936,0.0
AGUCCUCCCUGCAG,0.0109213764562699,0.0152753527289329
CGUGGGGUCCAGAC,0.00172603358618191,0.0
AGUCGUCUUUACCC,0.0031321339573298,0.0327156066105464
AGGCGGCUCUACCC,0.0264942139768431,0.0359983424509402
AAUGGGCCCCACAC,0.015434020559961,0.0268262213612603
CAUCGGGUUCAGCC,0.000317439360613212,0.0526206030819563
AGGCGUCUUCAGAC,0.012558573611043,0.0540167184191449
CGUCCUGUUCAGCC,0.000485021200194101,0.0213039639841125
AAUCGGCUCCACCG,0.009550238004627,0.0281724209447699
CAGGCUGUCCAGAC,0.00216449142327557,0.031471554832587
AGUCGGCCUCGGAC,0.00540571447791063,0.0
CGUCCUCCUUGGCC,0.0005664476593067,0.0
AAUCCGGCCCGGCG,0.0107996205211904,0.0
CGGGGUGCUCACCG,0.00639716692467761,0.0394738838996205
CGUGCGCCCCGGCC,0.000839589800411798,0.0615909124274083
CAGCCUCCUCGCCG,0.00837846665803269,0.0
AGUGGUCUCCGCAC,0.0101132407776875,0.0152652107416875
CGGCGUGUCCGCCC,0.00175673303463256,0.0
CGGGGGGCUCACAC,0.00614216372334866,0.0
CGUCCUCCCCAGCC,0.000468655507106126,0.0314100596081927
CGGGGGGUUCACAG,0.00622678233346344,0.0
CGGGGUGUUCACCG,0.00480253684488914,0.0
AAUCGUCUUUAGCG,0.0100802602580305,0.0
CAGCCUCCUUACCC,0.000728125622841344,0.0444116498751619
AAGCGUGUUUGGAC,0.012891966813387,0.0470416777294496
AGUGCUCUCUGGAG,0.0191203458453155,0.0
AGGGCUGUUUGCAC,0.0297638993368759,0.0169790396217811
CAGGCUGUCUAGAG,0.00833623723018691,0.0232673976856868
CGUGCGGUCUACAG,0.00423594541936851,0.0
AAGCGGCUCCGCAG,0.0263359318149692,0.0
AGUGCUGCUUGCAG,0.010925199893889,0.0
CGGGGGCCUUAGCC,0.000426362194383539,0.0237951329714901
AGGGCUCUCUGCAG,0.0305779924037412,0.0
AAGGGUCCUCGGCC,0.0123606276171737,0.0
CGUCCUGUCCAGCG,0.00337540215699743,0.0
CAGGGUGCUCGGAC,0.00246300328903092,0.0430436320774076
AGUCCUGUCCAGCC,0.00378255720650025,0.0256750459273046
AGUCGGCUUUGCCC,0.00576684211012505,0.0
AAUCGGGCCUGGAG,0.0115772075569303,0.0
CAGGCUGCUCGCAG,0.00464186659443218,0.0
AGGGCGCCUCAGAG,0.101924519531776,0.0345025834246711
CGGCGGGCCUAGAC,0.00277483477120226,0.0697555467561641
AGGGGGCUCUAGAC,0.0227009979158731,0.0294197901872745
CGGGGUGCCUGGAC,0.00329081644353325,0.0
AGGGCGGCUUAGAC,0.0746451469293392,0.0
AAUCCUGUCCGCAG,0.0106896538837409,0.0
AGUGCUCCCUGGAC,0.00663347254338183,0.022522084454518
CAUCCUGUCUGGCG,0.00379722670442836,0.0
AAUCGUCCCCAGAC,0.00497775516819386,0.144044494689841
CGUCCGGUCCAGAG,0.00798918614280739,0.0
CGGCCGCCCUGGCG,0.0148544384522175,0.0
AAGCGUCCUCGGCC,0.0116840843896065,0.0517539180228805
CAUGGUCUUUAGCC,0.000459771924454885,0.0336933392135705
CGGCGGGCUUAGAG,0.00309015690429342,0.0
CGGGCUCCCCGCAC,0.0040978167643891,0.0308684413980123
CAUGGGCUUCACCG,0.00553155158558602,0.0
AAUCGUGUUUGGCC,0.00111266301232286,0.0330949097819106
CAUGGUCCCUAGAC,0.00153670404319198,0.0376565270352531
CAGGGUCUUCGGCG,0.00754573197560022,0.0
AAGGCGCCCUGCCC,0.0607226064001288,0.0453617874497155
AGGCCUCCUUGCAG,0.0255071910943989,0.0
CGUGGGCCUUACCC,0.000867362243632152,0.0396696769117519
CAGGCUGUCUGCAG,0.00420463972223531,0.0483577629366186
AAUCCUGUCCGCAC,0.00840363869047677,0.0195149178346009
CAUGCGCUCUGGAC,0.00212741257121717,0.0
AAGCGGGUCUAGCG,0.0163758633399498,0.0
AAUGGGCCCCGGCC,0.00427380507546267,0.0344029977095758
AGUGGUCCUUGCCG,0.0154213544557119,0.0
AAUGCGGUUCAGAG,0.0329422386967129,0.046615940036735
CAUCCUCCUUGCCG,0.00372018889448917,0.0319565765193563
CAUGCGGUUUGGCG,0.00358933609652544,0.0
CAGCGUGCUUGCAC,0.00804233143040468,0.0
AGGGCUGUUUAGAC,0.0201474951478865,0.021446573440096
AAUCCUGUCCACAC,0.00760207614013969,0.0419486548676864
AGGGCGCUCUACCG,13.0019682714602,0.308666138080224
AGUGGGGCUUGCCC,0.304852110600399,0.0
CGUGGUGCCCGCAC,0.0026139687911728,0.0
AGUCCGGUCUGGAG,0.0115333415168116,0.0
AAUCGGGUCCGCAC,0.00687809117407246,0.0
AAGCCGGCUCAGCC,0.00198582021696828,0.0276139859686718
CAGCGGGCCUGGCC,0.00436952122772701,0.0
AGUGGGCCUCAGCC,0.00114627149463743,0.0204049659539207
CAUCGUCCUUGGCC,0.000539438962697839,0.0
CGUGCGCUCCGCAG,0.0037905924692666,0.0
AAGCCUCCUCGGCG,0.0245637950099248,0.0156850312562091
CAGCGUGCCUAGCC,0.00159605373668852,0.257304724116563
CGGGCGCCCUAGAC,0.00184943728610026,0.0267181255539855
CAGCGUCCCUGCCC,0.0033012856368849,0.0
AGGGCGCCUUGCCG,19.1753171304865,0.0808208482939067
AAUCGUCUCCGGAC,0.00762928690246606,0.0271987107073546
CGGCCUCCCUAGCG,0.00634439293624845,0.0186581306001773
CAGGGGCCUCGGAG,0.00500740753834409,0.0
CGUGGUGUUCGGAG,0.00819563352877821,0.0
AGGCGGGUCUGCAG,0.0212114473924338,0.0
CGGGCGCCUUGCAC,0.0060950681008822,0.0241482570512393
AGGCCUCUUUACAG,0.022616915256577,0.0258499867999999
CGUGCGCUCUAGCC,0.000368308699164219,0.0682091145305155
AAGGGUGUUUAGAC,0.00983231742275181,0.0256130467260595
CAUCCGCCUCGCCC,0.0014860616797103,0.0453494875327163
CGUGGGGCCUGCAC,0.00406996275199622,0.0
AAUCCUCUCUGCCC,0.00546682216667196,0.0175041343125058
AAGCCUCCCCGGCG,0.0217236179978472,0.0197734135205504
AAUGGUCUCCAGCG,0.00956477137043203,0.0
AAGCCGGUCUACAG,0.0373924513846159,0.0
CAUCGUGUUUACAC,0.00294898222338661,0.029683406190805
CGUCCGGUUCGGAC,0.0028676656071843,0.0456731205446198
AGUCGGGCCUGCAC,0.00835898558283689,0.033944993314045
AGUCGUCUUUAGCG,0.0101205138742554,0.0275334980896476
CGGGGUCUCUGGCC,0.00170244755375424,0.0
CGUCGGGUCCGCCG,0.00228132388907568,0.0
AAGCGGCUUUACCG,0.0175792089198325,0.0
CGGCCGGCCCGGAG,0.00509875889208415,0.0
AGGGGGGCUUGGAC,0.0379246529163284,0.0
CAUCGGCUUCAGAG,0.00400542331876156,0.0
CGUGGGGUUUGCCC,0.00420361425037486,0.0
CAUGCGGCUUACAG,0.00379246529163284,0.0
CAGGGGCCCUACCG,0.00780395557185966,0.0
CAUGCGCUCCGGAG,0.00341412496684031,0.0
AGGCCGGCUCGGCG,0.0265560358962716,0.0449048863789702
CAUGGUCCCCAGAC,0.00195321238290244,0.0476179412996132
CAGCGUCCUCGCCC,0.00359467231723929,0.0
AAUGCGCUUUGGAC,0.0160463420339309,0.0204636247260783
AAUCGGCUCUGGAG,0.0136996956090341,0.0
CAUCGUGUCUGGAC,0.00209790468731847,1.1283538448036
CGUGGGGCCUAGAC,0.00156408644716433,0.0
CGUCCUCUCUGGCC,0.000797780197037724,0.0213311801290383
AGUCGUCCUUGGCC,0.00201450872634018,0.0
CGGGGUGCUUACAC,0.00494075934415276,0.0329191541211896
AAGCCGGCCCGGCC,0.0130840757218577,0.0413325869920969
CAUCCUGUCUGGAG,0.00610802943655659,0.0
AGUCCUGCUUACAG,0.0114720417262395,0.0420710670195161
CAGCCGGCCCGGCC,0.00285903713582826,0.0414746241844109
AGGGGUCUCCAGCG,0.0130473291514611,0.0381973961829611
CGUGCUCCCUACCC,0.000610250410236363,0.035335163855344
CAGCCUCCCCGCCC,0.00191149009171052,0.0316159151337507
CAUCCUGUUCGGAC,0.00254738929815289,0.0445988575471072
AAGCGUGCCCGCCC,0.016699332765626,0.06851370229753
CGGGGGCCCCAGCC,0.000738588003339215,0.0270820605826609
CGGGGGGCUUGGAG,0.00660950226751649,0.0
CGUGGGCCUUAGCG,0.00636759604521069,0.13070596526902
AAUGCGGCUCGCCC,0.0127346768710634,0.0258607919046583
CAGCGUGCUUGCCC,0.00344985770796779,0.0
CAGGGUCCCUACAG,0.00407274135773235,0.0325318741083394
CGGCGUGUCCGGCC,0.00351638544281665,0.565270173816909
CGUCGGGUCUACAC,0.00394853382215271,0.0
AAGGCUCCUCGCAC,0.0328558184685743,0.01614741620767
CAUCCUGCCCGGAG,0.00357669224667154,0.0
CAUGCUGUCUACAG,0.00413392038444578,0.0382348321152176
AGGGCGCCCCGCAC,0.147905273940901,0.0488812375617798
AAGCGGCUUUGCCC,0.0139634342752248,0.0311094784810152
AAUCCUGCUUAGAC,0.00737668648162522,0.0439561218009054
CAUGCGCUCUGCAG,0.00467654761451892,0.0488821869020485
AAUCGUGUUCAGCG,0.00648426366802555,0.0
AAUGCGCUCUGCAC,0.0270303834705227,0.0225288129776214
AAUGCGCUUCAGAG,0.0190075758576169,0.0418480439787966
AGUGGUCCCCACCG,0.0123188687400886,0.0289984138205868
AAUCGUGUUCGGAC,0.00515470138776532,0.0
CAUCGGCUUCACAC,0.00296777445263824,0.0169977662821683
CAUGCGGUUUGGAC,0.00279641575369519,0.0
CAGGGGGUUCGGCC,0.00125746644590295,0.0
CGGCGUGUCCAGAG,0.00496848757160903,0.0
CGGGGUGUCCACAC,0.00618031380858685,0.0229876511676478
CAGCGGGUUUGCCC,0.00524793888056728,0.0
AAGCGUGCCUACCG,0.0196474604919267,0.0
CAGCGGCCUUAGAG,0.00327282627794623,0.0282047231796458
CGUCCGCUUCACAC,0.0036823472518061,0.075906621270908
AGUCCGCCCCACAC,0.0110103992007328,0.0222893600097888
AGGGCUCUUUGGCG,0.0341187186967192,0.0214884910853696
CAUCCUCUCUACAG,0.0030667269024917,0.0384058508478221
CGUCGGGUCUACCC,0.00191773965063196,0.0279622679312565
CGGGCGCCUCGGAC,0.00361096986569119,0.0
AAUGCUGCCUAGCG,0.016951150092362,0.0207944491857531
CAGGGGCUCUGCCG,0.00621284177600046,0.0
CGGCGGGCCCAGAG,0.00424241880080961,0.0
AGUCCGCCCUGGCC,0.0017250097947588,0.0196633393387317
AAGGGGGUUCACCC,0.729663299026285,0.0763599359002623
CAGCGGCCUUAGCC,0.000647120170271542,0.0169226166285856
CGUGGUGUCUGGCG,0.00225085502905323,0.0
AAGCGGGCCCACCG,0.0185743485274286,0.0
CAGGGUGUCCGCCG,0.0120663269596219,0.0
CGGGGUCUUCAGAC,0.00193768035392169,0.0
AGUGCGGUCUGGCC,0.00485380743015845,0.0
CAUCGGGCCUGGCC,0.000941487056822109,0.0
CAGGCGCCCUGCCG,0.123270693521497,0.0741224023821087
AAUGGUGUUUGGCG,0.010799942311975,0.0
CAUCGGGUCUGCCC,0.00219142601180968,0.0
CGUGGUCCCCAGAG,0.00826523894883302,0.0
CAUGCUCCCUGCCC,0.00188745379097467,0.0304567793457624
CGUCGUCUUUACCG,0.00302577863545398,0.0
AGGCCUCUCCGCCC,0.0106358888798936,0.017433225379565
CAUCCGGCCCGGAC,0.00398797276162192,0.040003545263968
CAUGCUGUCCAGAG,0.00401291209099215,0.0250035858976345
CGGCCUGCUCAGCC,0.00137868538806937,0.0636700597396275
CAGGGGGCCCGCAC,0.00354529629329788,0.0717485835249928
CAGCGGCCCUAGAC,0.00271605830725624,0.023010496341602
CGUCGGGCUCACAG,0.00334344845382567,0.0
AAUCGGCUCCACAC,0.0104280532992505,0.0276893625726936
AGUGCUGCCCAGAG,0.01305927178684,0.0
CAGGCGCCCCGGCG,0.00608474194556746,0.0378474486673598
AAUGGUCUUCGGCC,0.00327007410913992,0.109384042761982
CGUGCUGUUCGGCC,0.000729277029413248,0.0
CAUGGGCUUUACCC,0.00453998392687885,0.0301886382836651
AAGCGUGUUCAGCG,0.0152981841805143,0.0
AGGGCUGUCCGGAG,0.0597430334830062,0.0
AGUGCGCUUCACCG,2.29412305015383,0.0226778369551779
AGUCCGGUUUGCAG,0.0124577006089316,0.0
CAGGGGGUUUACAG,0.00422676634035537,0.0198504779775059
CGGCGGCUUUGGCC,0.0016841731059896,0.0376542658707439
CAGCGUGCCUGGCG,0.00476399189411903,0.267000558640365
CGGCCGCCCCACAC,0.00438194380690789,0.0325086364715083
AGGCGUGCCUACCC,0.0133354405207362,0.0355235218003924
AAGGCUCCUCACAC,0.0238199594705951,0.0342210993497465
AGUCGUGUCUACCG,0.00812108308384431,0.0
CAGGGGGUUUACCG,0.00946289806589488,0.0
AGGGCGGUUCGCCG,1.26090062664621,0.0380874508781794
AGUCCUGCUUGCCG,0.0116277840825586,0.0973267058414678
AAGGCGGCCCACCC,0.0314759681815339,0.0267783197875857
AGUGGGCCCUACAC,0.0173850223842542,0.0
CGGCCGGUCCACCC,0.00154690262977616,0.0
AGGGCUGUUUGCCC,0.0175108891243294,0.0617511673779979
CGUGGUGCUUACAG,0.004493050222807,0.0
AAGCCGGCCUAGCC,0.00272846532633606,0.0325576273640385
CAGCCGCUUCACCC,0.00116989881826777,0.0208539151182612
AGUCCUCCUCGCCG,0.0129371494276762,0.0368609637536051
AGGGGUGUCUGCAG,0.0124608489221778,0.0
AGGCGUGUCUAGAC,0.00874246070962566,0.0
CAUCCGGCUCGCCC,0.00205517612295113,0.0
AAUCCGCUCUACCC,0.00105421262589828,0.0334237332359666
CAGCGUGCCCACAG,0.00441777987058245,0.0286410070354734
CGUCGGGCUCAGCC,0.000397390619170171,0.0135760936799829
AGUCGUGUCCACAC,0.00701254149583585,0.0177151411459816
CAGGCGCUUUGGAC,0.00497034834126274,0.0
CGUCCGCCCCAGAG,0.00379523495851249,0.0
AAGCCUGCUCGGCC,0.00852285210700283,0.0461213505383012
CGGGCUGUUCGGAC,0.00296454076997255,0.0
CAGGCUCUCCACCG,0.0063721166509223,0.0226150479681744
CAGCCUCUCCGGAG,0.00564109179844169,0.0
CAGCGUCUCUGGCC,0.00139860312487898,1.23018887456132
AAUCCGCCCCGCAG,0.0111349229232919,0.0470747945847975
CGGCCUGUCUGGCC,0.00150799656929519,0.0
AGGGGUCUCUGCCG,0.0279457667866535,0.0
AGGCGUCCUCGCAG,0.0138971697242809,0.0242795567941079
AAGGGGCUUUAGAC,0.0128387863861677,0.0134439949536176
CAUGCGGCCUACAG,0.00446037490081685,0.0458114574231849
CGUCCUGCCCGCAG,0.00525536888485276,0.0
CGUGCGCUUCGGCG,0.00430995568230399,0.0
AAGGGGCUCCAGAG,0.0405313603260812,0.0
CAUGCGCCCUGCCG,0.0346352139982361,0.0
AGGGCUGCUUGGAC,0.0246558550882248,0.0
CAGCCGCCUCGGCC,0.00350327948508131,0.0513692304013471
AAGCGUCCUUAGCC,0.00406485592784392,0.020798203770731
CGGCGUGCCCGGCG,0.00412020920572456,0.399030645224705
CGUCCGGUCUAGAG,0.00591969816605608,0.0
CAGCGUCUUCACAC,0.0049111422228949,0.0855701373546786
CGUGCGGUUCGCCG,0.00713932802026412,0.0
AGUCCUGCCUAGCG,0.0103858527907613,0.0
CAGGGGCUCUAGAC,0.00199077415949672,0.0
CAUCCUGCCCAGAG,0.00340982830818584,0.0
CGGGGGCCUCAGCC,0.000474435553371559,0.0546283438738017
AGUCGGGUUUGGAC,0.00435431200150437,0.0550702423284187
CGUGCGCCUCGCAC,0.00430690618535896,0.0377720341003472
AGUGGUGCCUGCCC,0.00970483011709823,0.0393166433942517
CAUGGUCUUUAGAC,0.00150910558642382,0.0289842531467518
AAGGCUCCUUGGCG,0.0438177304855989,0.019828384089912
CAGGGGGCCCACAC,0.00443665160553727,0.0
AAUGCUGCCCACCC,0.00900946684505153,0.0397850198053105
AAGGGUCUCCGGAG,0.0362127762221885,0.0
AAUCCUGCUUACAC,0.0093757249655156,0.0375112431321996
CGUCCGCCUCGCCG,0.00405480905960195,0.0
AAUCGUGUCUGCCC,0.00852108661347397,0.0
CGUGGUGCCUGGAC,0.00257101054437213,0.0
AAUCCUGCUUAGAG,0.011892038250539,0.0220905685739239
AGGGCUCUCCGCAG,0.0217900206851319,0.0229615246591708
AAGGCGCCUUGCAC,0.136230327000424,0.0
AGGCGUGUUCACAC,0.0159295412249492,0.0198349927681325
AGGCGUCCUCGGAG,0.0213264349732926,0.0367599129817277
CAUGGGCCCCGGAC,0.00167430319541716,0.0
AAGCGGGCCUACCG,0.0168342438886612,0.0360420532101702
AAGCGUCUUCACCG,0.0214625443170925,0.0482749619945795
AGGCCUCCCCACAC,0.0178576906529519,0.0242025319029236
CAGCGGGCUUGGCG,0.00433618791408916,0.0
AAUCCGCCUUAGCG,0.0108536992502651,0.0666560085321127
CAUCCUCCCUGGCG,0.00446544651554489,0.0
AGGGCUGCCUAGCC,0.004901780744391,0.0681560744625736
CAUGCUCUCUACAC,0.00384371123445193,0.0462227396479612
AGGGGGGCCCACCG,0.0534194080498724,0.0
AAGGGGCCUCGGAC,0.0158599833809397,0.0
AAGCCGGUCCACAG,0.0229384724049473,0.0392457850838435
AAGCCUCUUUACCG,0.0156840937484476,0.018845679068848
AGGGGGCCUCAGAG,0.0549532902813514,0.0
CAUCGUCUCUACCC,0.00161942135738043,0.0282177023513768
AGGGGUCCUUAGCG,0.02475125675769,0.0362289314967212
CAUGGGCUUUACCG,0.00398206808075129,0.0
AAGGGUCCCUGCCC,0.0243646986684674,0.0332276505794366
AAGCCGCCCUGCCG,2.1571345533042,0.0675844716063599
AGGGGUCUCCACAG,0.0161669161215097,0.0219230457929447
AGGGCUCUCCGCCC,0.0291042328843146,0.0526575630239818
CAUGCUGUUCACAG,0.00298077081918569,0.031173167411028
CAUGCGGCCCAGAC,0.00116893575780388,0.0285274714006057
CAUCCGGCCUGGAG,0.00690413434472765,0.0
CAGCGGGUCUACAC,0.00363708732983208,0.0243932979589478
CGGCGUGUUCAGAC,0.00221130494068703,0.0
CGGCGGGCCCGCCC,0.00710447288276806,0.0
AAUGGUGUCCAGAC,0.00662654585252814,0.0222662095124455
CGGGGGGUCCGCCG,0.00940482536089303,0.0
AAGGGUGCUCAGCG,0.029318182860569,0.0171168337129713
CGGCCUGCCUGGCC,0.00420838488911556,0.0
CGUCGGGUUCAGCC,0.000408469016084763,0.0290132740528315
AAGGCGCCUCGCAG,1.20871955517028,0.0893446556320448
AAUCCUGCUUACCC,0.00138361278402387,0.0302745030001761
AAUGCUGUCUGCCC,0.0117019547169388,0.0309720460661813
CGGGGUGCUCACAC,0.00501981820260766,0.111359749063551
CAGGCGGCUCACAG,0.00583696304144313,0.0183989124735339
AGUCGGGUCUGGAG,0.0142221679209649,0.0
CAGGCUCUUUACAG,0.00604932449857826,0.0309998360242954
CGGGCUGUUUAGCC,0.00116296227580935,0.0219339656609548
CGUGGUGUUUAGAG,0.00618031380858685,0.0
AGUGGUGUCUGGAC,0.00675522672101353,0.0
AGUGCGGUUCGCAG,0.0233346463670362,0.0
CAGGGUGCUCGCCG,0.00607982090113015,0.0
AAGCGUCCUCGCAG,0.0192660061742539,0.0
CGUCGUCCUUACAC,0.00321118132613259,0.0427314175910171
AGUCCUCUCCGCCC,0.0085213417663849,0.034937341354542
AAGCGGGUUUGGCC,0.00614956597869338,0.0
AGUCCUCCUUAGCC,0.000752297327639002,0.0339181487037564
CGUGCGGCUUGCCG,0.0133388067811227,0.0
AGGGCUGCCUGGAG,0.0473180275969931,0.0
CGUCGUCUCUGGCC,0.000567134678905617,0.0
AGGGGGGUUUACAC,0.744045948326726,0.0
AAUGCGCCCCGCCG,1.94162331084061,0.0287530938076244
AAUCCUGCCCGCAC,0.00706035849330472,0.0246569911137854
AAGGCUCCCUGCCG,0.0348611599236899,0.0166825254096586
AGGCCUGUUUACCG,0.0228154315929329,0.0229585606592727
AAGCGUGUUCAGAG,0.0248260063158488,0.0295623689030976
AGGGGUGCUCAGAC,0.0133687639121914,0.0218521227043613
AAGGGUGUUUAGAG,0.0261600584490448,0.0704848096157034
AGGGGUCCUCACAG,0.0338168114054752,0.0281524417899123
CGUGCGGCCUAGCG,0.00391188402116546,0.0
AGGGCGGUUCGGAC,0.10358014305554,0.0
CAUCGGCCCUAGAC,0.00176730675717887,0.0344502140693298
AGGCGUGUUCGCCC,0.0139612844309084,0.0
CGGCGUCUUUAGCG,0.00330931696842771,0.0
AAGGGUCCUCGCCG,0.0347516005958244,0.0368825056233488
AAGGGGGUUCACCG,0.138552992545695,0.0
AAGCGUCCUCACAG,0.0153350149544474,0.0364214476676384
AAGGCGCCCCAGAC,0.0566205430983988,0.0326792027583522
AGGCGUCCCCACAC,0.01571682451985,0.047097456841632
CGUGGUCUCUGGCC,0.00102487615921289,0.0
CAGCCUCUUCACCG,0.00601327830024666,0.0243015465985436
AGGGCUCCCCGCAC,0.0334766997965121,0.0714739691446454
AGGCGGGUUUGGAC,0.0143363017035252,0.0
AGGCGUCUUCGCCC,0.0142179239948837,0.0
AAUCGGGUUCAGCG,0.0119951251876336,0.0
CGUGCUCCUCGCCG,0.00365390174494155,0.016289860786418
CAUGGGGCCUGCAG,0.00254666197137749,0.0
CAUCCUGCCUAGCC,0.000500332925963774,0.0475168740817167
AAGCCGCUCUGGAG,0.0243322844352055,0.0305869148887809
CAGGGUGUUCGGAC,0.00241499657226292,0.0
AGGCGUCCUUGCAC,0.022416731441315,0.0153690381518263
AGGCGGGCUUACCG,0.0246276141160354,0.0
CAUCCUCCUCGCAC,0.00347464647303039,0.020261241935009
AAGCCUGUCCAGAG,0.0168477047658737,0.019061494058144
CGGGGGGUCUACCC,0.00730638793472767,0.0
CGGGGGCCCCGCAG,0.0169958629736138,0.0
CAGCCGGUUUAGCC,0.00162549145709115,0.0326349624621134
AGGGCUGCCUGGCG,0.0210130669491953,0.0393389115023547
CGUGGGCUUUACAC,0.0037905924692666,0.0156218351402641
CAGGGUCUCUACAC,0.00531958517314439,0.0332094421125294
CAUGCUCUCUACCC,0.00090271191572848,0.029102165648804
AAUCGGCUCUGGCC,0.00136962039063174,0.0
AAGGGUCCCCAGAG,0.0285471637825202,0.0426721437971135
AGUCGGGUCCGGAC,0.00700435564973176,0.0
CGUGCUCCCCACAC,0.00336837038763817,0.0476628995093347
CGUCCGGUCCGCAC,0.00483376498995619,0.0328005606680364
AGGGGUCCCCGGCG,0.0174857658974652,0.0
CGGCGUGCCUAGCG,0.00351154193669707,0.0390180002363263
AAUCCGGCUUACCG,0.0118533656797855,0.0371502007055937
AAUGCUCCCUGGCC,0.00384739832390988,0.0359225156535354
AGGCCGCUUUACAG,0.0376484116173082,0.0355964109220123
CAUCGUGCUUGCAG,0.00376365263984455,0.0
CGGGGUGUUUGCAG,0.00713113131760021,0.0
CGUGGGCUUCAGCC,0.000517194681876478,0.0203263713043542
CGGCGUCUCCGGAC,0.00321714965378493,0.0
CAGCGGCUUCGGAG,0.00653146800225656,0.0
CGUCGGGUCUAGCG,0.00238670655209654,0.0
AAGCCUCCCUGCAC,0.0203118049812295,0.0278056678910156
CAGCGGCUCCGGAG,0.00997524334017527,0.0
CAUCCGCUCUGGAC,0.00200528093891712,0.0
CAUCCUGUCUACCG,0.00418948705962613,0.0923474269087933
CAUGCUCUCCGGAC,0.00236997157618537,0.042747680732916
AAGGGUGUUCAGAG,0.0226089960845772,0.0377195534494969
AGGGGUGUCUAGAG,0.0222584234158879,0.0
AAUCGUGUCCGGCG,0.0137401619494475,0.0
AGGGGGGCCUGCCC,1.54827516618563,0.0
CGGGCUGCCCGGAG,0.00685628563140104,0.0364650532737454
CAUCCGCCCUAGAG,0.00449157531060486,0.0215175794623837
CGGGGGGUUCACCG,0.00523675444849725,0.0
AAGCGGCCUCGGAC,0.00780085881752222,0.0488173789594589
CGUGGUCUUCAGAC,0.00143829587929031,0.0
CGGGGGCUUUGCAG,0.00482837016295847,0.0
AAUGCUGUUCAGCG,0.0140461677467883,0.0153428859299307
CAGGCUGCCCAGAC,0.00179869435639896,0.0325040103070784
AAUCGGGUCCGGCC,0.00171194692497855,0.096065135587718
AAUGGUCCUCAGAG,0.0149054627148271,0.0356763233543198
CAUGCUCUUCAGAG,0.00444113002325587,0.0
CAUCGUGCCUGCCC,0.00164340162637423,0.0
AAUGCGCCUUACCG,0.252546799724549,0.0239807722089575
AGGGGGCCCCACAC,0.0556228242772816,0.0248191461463516
AAUGCUGUCCGCCC,0.0125793997873891,0.0296128036344563
CAGGCGCCCCGCCG,0.0394573780613362,0.030786496838929
AGUCGUCUUCGGCG,0.00864529446056658,0.0
CAUCCUGCUUACAC,0.00354152813750482,0.0356460846820063
CGUGGGCCUUACAC,0.0031622605653936,0.0204584562224221
CGUGGUGUCUAGAG,0.00699084676709004,0.0
CGGGCUGCUCGCCG,0.00745899942415654,0.0
CGGCGGCUUUACCG,0.00286643513746675,0.0
AGGGCGCCCUGCAC,0.164847422344676,0.0456828233897548
AGGCGUCUCUGGCC,0.0110751223449876,0.0
AGUCCUCUUCAGAG,0.0126465496083182,0.0335077791212813
AAUCCGGCUCGCAG,0.0223343754186173,0.0
AAUGCUGUCUAGCC,0.00168796004197026,0.0245116658300517
CGGGGUGUCCAGAC,0.00345177101011499,0.0346117059635604
CGUCCUCUUUAGCC,0.000344338452923537,0.0208847647383048
AAGGCUCCCUACCC,0.0166095933605771,0.034476672074169
AGGGCGCUUUAGAG,0.149275995406412,0.0
CGGCGGGUCCACAC,0.00510121139756375,0.0
AAUGGGGUUCACCG,0.0257593548193834,0.0593437341081148
CAUGCGCUCCACCG,0.00554012193996829,0.0366298230282919
CGUGGGCUCUACCG,0.00340001003561824,0.0
AGGGCGCUCCGCCC,0.130053846793668,0.104319972174647
CGGCGUGCCUAGCC,0.0012996836391587,0.0
CGGGGUCUCCGGCC,0.00338819234176335,0.0
CGUGGUCUCUAGCC,0.000651818292342493,0.0465963814409795
AGUGGUCCCCGGCC,0.00614845652091372,0.0409453431727642
CAGCCUCCUUGCCC,0.00387010065969017,0.0427585512359213
AGUGCGGUCUGCAC,0.0189769758355688,0.0
AAUGCUGUCCAGAC,0.0058427336425716,0.0272298922481645
CGGCGUCUCUGGAG,0.00565272604443919,0.0
CGUCGUCCCUACAC,0.00346875228660752,0.0302059477979714
CGUGGUCCUUGGCC,0.000850142713941358,0.0
AAUGCUCUUCGCAC,0.0121813148374274,0.0235690485526284
AAUCGUGUUCACAC,0.00845103613442547,0.0254239477841635
AGUGCUGUUCGGCC,0.00372053127991961,0.0165686102142776
CGGGGUGCCCACCC,0.00330260519146359,0.0422800518363095
CAGGGUCUUCGCAC,0.00353160789062105,0.0
AAUGCUCUCUGCAC,0.0151354623883759,0.0367356435097535
CGGCGGGUCUGGAG,0.00706321578124211,0.0
AGUCGGGCCUAGCG,0.00869287129151702,0.0
CGGCGGGCUCGCAG,0.00686701534287428,0.0
CAUGGUGUUCAGAC,0.00134120223327021,0.0
AGGCCUCUCCAGCC,0.0091834240395199,0.0267523095271902
CGGGGGGUCUGGAC,0.00543867615155643,0.0
AAGGCGCUCUAGCG,0.0923763779577216,0.0229064146914566
CGGGGUGUCCGGCG,0.00383005362785664,0.0
CGUGGGCUCUGGAG,0.00485596084960395,0.0
CGGGCUGUUUGCCG,0.00894173061667885,0.0
CAUCCUCCCUGGAG,0.00401720397558145,0.0432753584727895
AGUCGUGUUCACAC,0.00686255624200228,0.0218661211086862
CAUCGGCUCUGGAC,0.00245780819414844,0.0
AAUCGUCUCUAGAC,0.00421113796060952,0.0
CGUGGGCUCCACCC,0.00349462770328471,0.0
CGGGCUGCUCACCG,0.00360826704393543,0.0459315477400437
AGGGCUGUCCGGAC,0.0216310983300539,0.0284525467171136
CAGCGGCUCCGGCG,0.0121274082281704,0.0660333182191827
AAUGCGGUUUGCAC,0.0309658134692189,0.0
AAUGGGGUUUAGCC,0.00253855965382127,0.0265037907327046
CGUGCUCCCCAGAG,0.00464198242391676,0.0
CAUCCUCUUCGGAG,0.00474993550354273,0.0
CAGGGGCCUCGCCC,0.0187842608670435,0.0334512120568188
CGUCGUGUUCACAC,0.00372243684724683,0.0292935234248742
AGUCCGGUUCACAG,0.0117051397889902,0.0
CAUGGUCUUUGCAG,0.00356737100850076,0.0744761442143009
CAGCGGCUUUACCG,0.00614274351187811,0.0604671956989732
AAUCCUCUCUACCG,0.0120112693668901,0.0291703340913584
CGUCGGGCUUAGAG,0.00383123525690678,0.0
AAUGCUCUCCGCCG,0.016622913002406,0.0278390364280889
AGGGGGGCUUGGAG,0.196533979113061,0.0
AAGGGUCCUUAGCC,0.00935315904935378,0.0408674219833521
AGGCCUCUCCGGAC,0.0128020786035013,0.0156867326518123
AGGCCUCCCCGGCG,0.0136320064577972,0.0
AAUGGGGUCCGGAG,0.0212632225081142,0.0
AGUGGGCCUUGCAG,0.0139180666969375,0.0309575140971469
AGUCGGCCCCACCG,0.0102219359177444,0.0
AAUGGGCUCUGGCC,0.00332363542595115,0.0
AAUGCGCCCUACCG,0.0568659401788661,0.0248814330942439
AGGCGUGUUUACAG,0.0146179762777568,0.0265203557023199
AGUCGUCUUCAGAG,0.0161740127331102,0.0
CAGCGGGCUCAGCC,0.000647110392151572,0.0316885240635696
AAGCGGCUCUACAC,0.0211215511809417,0.0281131502052553
AAGCCGGUUUAGCG,0.0172961432381653,0.0707505474559
CGGCGGGCUCACAG,0.00385401591434348,0.0145142322260653
CGGGCUCUUCAGAG,0.00584724300453127,0.0
CAGGCGCUCCAGCC,0.000430157281636029,0.0
AAUCCUCUUUGCAG,0.00880802765167832,0.0
AGGGGUCUUCGCCG,0.039114880814872,0.0
AAGCCGCCCCACCC,0.00432751532928303,0.0330994377316261
CAGGGUCCCUAGAG,0.00577371421591666,0.0
CAUGCUCUCCGCCG,0.0027596898432339,0.0291070838425432
CGUGGUCUUUAGAC,0.00196754534599427,0.0375845981574502
AGUCCUGUUUAGAC,0.00387933543677451,0.0290432909821482
CGUGCUGCUUACCC,0.000587206873085184,0.0366162206654844
AAUCCUCCUUGCAG,0.0116118832337925,0.0117940697544349
AAUCGUGCCUAGAC,0.00384656122589574,0.0183532656738913
CGUGGUCUCCGGCC,0.00143042598749978,0.0
AGGGGGGCUCGGCG,0.0957156292406784,0.0
AAUGGUCCCUGGCC,0.00433876273831604,0.0
AAGCGGGUCUACCC,0.0402941432201179,0.0439305958994812
AGGCGGCUUUGCCC,0.0177927981752474,0.0220366492880787
AAUGGUGCUCAGCC,0.00280661857131969,0.0568651068738891
CAGCCUCCCCAGCG,0.00481728387497102,0.0295082045170463
CAUCGGCUCUGCAC,0.00292000616888828,0.0
AGGCGGCCUUGGCC,0.00367101346525083,0.0
CGGCCUCCUUGCCC,0.00260411490924583,0.0
AAGCCUCCUCAGCC,0.00547284808103803,0.0384858833548523
CGGCCUGCUUGCCC,0.00301441776448231,0.0559606103897588
AAGCGUCUUUGGCC,0.00481473194199704,0.0234508730552346
AAUCGGGUCCACAG,0.0118804005306956,0.0328172367692442
AGGCGUGUUUGGCC,0.00510235209778682,0.0
AGUCCUCCCUACCC,0.00120926465306225,0.0493518476363629
AAGGCGGUCUGGCC,0.0302519865105002,0.0297713234065576
AGUCGUGUCCAGAC,0.00349812705738834,0.0
AGUGGGCUUUACAC,0.0858225994445155,0.0191423903358402
AAUGGGGCUUACCC,0.0148425208779496,0.0522755316172118
CGGCCGGCCUAGCC,0.000833529164973884,0.0484936459046873
CGUGCGGCCCGGCG,0.00908318847625643,0.0385019673108076
CAUCCUCCCCAGAC,0.00201364812270442,0.0258117302166361
CGUCGGGCUUAGCC,0.000386150724266891,0.0496486709348641
CAUCGUCCUCAGCC,0.000330321955537259,0.116074662262743
CAUCCGCUCCGCCC,0.00162357686173533,0.0192920740113034
CAGCGUGCCUAGCG,0.00463523535644013,0.0
AGUGGUGCCUGCAC,0.00985964459735645,0.0188563069376
AAGGCGCUCCACCC,0.0292537736887903,0.0336250577408232
AGUGCGGCUCGGAG,0.034804925132568,0.0
CAUGCGGCCUGCAC,0.00358161976706776,0.0
CGGCGGCCCCGGAG,0.00775348459622714,0.0
CAUGCGCCUCGCCC,0.00296475923281485,0.0308642571302317
CGGCGGCUUCGGCC,0.00128816845190686,0.0
AGGCGGGUCUACCC,0.0375095862292779,0.0385869595177942
AAUCCUGUUUACAC,0.00575372055653949,0.0281511708228627
CGUCCUCUUUGGCC,0.000520606650775753,0.0199372847745696
AGGCGUCUUUGGAG,0.0122870524527857,0.0411248990844479
CAGCGUGUUCGGAC,0.00205332794298444,0.0
CGUGCUCUCUGCAC,0.00366002999573455,0.028204793475935
CGGCGGGUCUACCC,0.00334414240327644,0.0
AAUGGGGUUCGGAC,0.00683351770705538,0.0
AGGGGGGUUCGGAC,0.0743732678660451,0.0552666001464836
CGUCGGGUUUGGCC,0.00055541146121221,0.0209672854730828
AAGGGGGCUCACAG,0.0409666515312042,0.0148569296676352
CAGCGUCCCCACCG,0.00455289575240724,0.0
AGUCGUGCCCAGCC,0.00328824388533787,0.0
CGUGCUCCCUGCCC,0.00161981839486269,0.0
CGGCCGCCUUGCAC,0.0068127180122562,0.043629594382399
CGUCGGCUCUACCG,0.00384674399295523,0.0
AAGGGUCCUCGGAC,0.0155652347771817,0.0575195632239455
CGGCGGCCUCGGAG,0.00369762364616307,0.0
AAUGGUGCUCAGAC,0.00586517032826231,0.0264325400130825
CGUCGUCCCCGCCG,0.00397305887694869,0.0420227115534711
CGGGGGGUCCACCG,0.00477805773436966,0.0
AGUCCUCUCCACCC,0.00704772627294992,0.0261795709837547
AAUCCGCUCCAGAG,0.00704756611555251,0.0286463790674501
CGUGGUCUCUAGAG,0.00571589716401096,0.0
AGGGGGGCCCACAC,0.0514629976753482,0.0
AGUCGGGCUCAGCC,0.000774740192529405,0.0331441025614156
AGGGCGGUUCAGCC,0.0184288268895503,0.0372534327544802
AAUGGGCUUUGCAC,0.0264218784971129,0.0641928034308109
AGUCGGCUUCGGAG,0.00811851873080639,0.0
CGUGGUGCUCGCCC,0.00298884028448052,0.0482312390366031
AAGCCUGUCUAGAC,0.0100391407942487,0.0268294070158603
CGGCCGGCUUAGAG,0.00604740383420864,0.0353906972250857
CGUCCGCCUCGCAG,0.00434037305641214,0.0
CGGCCUGUCCACCC,0.00281831186244355,0.0
CAUGGUCCUUACCG,0.00325118245017472,0.0347590710621372
AAUGGGCCUUAGAC,0.00599174881691763,0.0262311661917456
CGUCCUGCCCGCCC,0.00321493758688959,0.283942802492404
AAGGCUGCUUGGAC,0.0208704443228432,0.0174829015256312
AGGGCGCUUCGCCG,5.96978696513281,0.0215347279609437
CGGGGUGCCCGCCC,0.00312411467247247,0.0418352244934983
AGUGCGGUUUGCAC,0.0225101165696917,0.0
CAUGCUGCUCGGCG,0.00377542182449238,0.0
AGUCCGCCUCGGAC,0.00635728314671819,0.033475458029759
AGGCCGCCCCAGCG,0.0262768444242638,0.029474568527372
CAUGGUCUUUACAC,0.00323645418768509,0.0
CGUGCUGUCUGGCG,0.00495368664047037,0.0570392487936959
CAUCCGCCCUGGAC,0.00217882249523061,0.0612327369171576
CAGGCUGUCUGCAC,0.00705397073440803,0.0318892526641094
AAGCCGGCUCACAG,0.0269967344093271,0.034871725038598
AAGCCUCCUCGGAG,0.0236060106373091,0.0330074642118457
CAUCGUGCUUACCG,0.00291904072392538,0.0
AAGCGGGCUCGCCC,0.0290824578087087,0.0538925451541023
CGGGCUCUCCGCAG,0.00372147928258993,0.0313322615557601
AGGCCGCUCCACCC,0.00301360803704235,0.0281050119023449
CGUCGGGCCCGGCC,0.00116390090557191,0.0
AGUGGGCUUCACCG,0.0523065583312106,0.0248964850811756
CAUCCGGUUCGGAC,0.00240098522060208,0.0
CAUGGUCUCCACAC,0.0026408666107724,0.0127523264247158
AAUGGUGUUUAGAG,0.0130577971626545,0.0399262838917498
CGUGGUCUCCAGCG,0.00492754749603546,0.0
CAUCGGGUCCGCAG,0.00341354541753343,0.0
AGGGCGGUCCGCAG,0.112912250031036,0.0372567960800555
CAUGGUCUUCACCC,0.00170403714063917,0.0882854217589981
AGGGCGGUUUGGAG,0.403983611065515,0.0
CAGGGGCUCCGCAG,0.00595475491046324,0.0623284529307973
AGGCCUCCUUAGCC,0.00154386376782898,0.0370077360684202
CAUCCUCCUCGCCG,0.00369649974839828,0.0194725606145928
CAUCGGGCUCGCCG,0.00293453749184699,0.0
AGGGCUCUUCAGAC,0.0187336130792656,0.0222955609430913
AAUCGGGUCCAGAG,0.0127918123014937,0.0
AAGCGGGCCUAGAG,0.0169788840895243,0.0284040856046421
CGUCGUCUCUGCAC,0.00410392379384423,0.14297596257193
AGUGGGGCCCGGAG,0.0240081421025873,0.0
AAGGGGGCUUAGAC,0.0339456042023874,0.0
CAGGCGCUUUAGCC,0.000834290544870723,0.0250057086045383
AAUGGGCCUCAGAG,0.0196082245332675,0.0
CGGGCGCCCUACCG,0.00708359044214954,0.0150196855007392
CAUCCUCUCCAGCG,0.00317698775945539,0.0544097503909274
AGUGGUGCUCGGCC,0.00423557506348485,0.0
AAGGCGGCCCACAG,0.100406689109958,0.0365087415239988
CGUGCGCCCUAGAC,0.00133391388400418,0.0330960144363501
CGGCCUGUUUGGAC,0.00199245937709665,0.0435537753891209
CGUCCGGUCUACAC,0.00294642867618675,0.0301315963262129
AAUGCUGCCUGGCG,0.0161153343933581,0.0448119126305612
CAGCGGCUCCGCAC,0.00582250616703708,0.0497432790378762
CGGGCGCUUUGGAC,0.00416849290735415,0.0
CAGGCGGCUCGCAC,0.00473005966577766,0.0310681501330825
CGUCCUCUCCGGAC,0.00221899564935964,0.0662984949372477
CAUCCGGUUCAGAG,0.0048269604198452,0.0
AAGGCGGUUUGGAC,0.164621085992358,0.0250793132648087
AGGCGUGCCCGCCG,0.0240511007249825,0.0
AAGCCGGCUUAGAC,0.020638846113079,0.0238384850015711
CAUCGUGUCUACAG,0.00344694605762671,0.0420240955783453
CGUGGGGCUUGCAG,0.00335414015742402,0.0
CGGGCGGCCCGGAG,0.0152300590283033,0.0
AAUCCGGUUCGCCG,0.0175844642887173,0.0402539898847361
CAUGGGCCUCACCC,0.0012817873393188,0.0
AAGCGUCCCCACAG,0.0147952966932836,0.0232991087426518
CAGGCUCUUUGCCG,0.00579622650974812,0.0233760658567867
AGGCGUCUCUGCCC,0.0225267959834723,0.0602319260781944
AAUGCGCUUCACAC,0.0239642012043423,0.023556056798013
AAGGCUGUCCGCCG,0.0395817850662304,0.0
AGUGCGCCUCGCAG,0.0481676475306006,0.0
AGUCCGCCUCGCCG,0.0216310983300539,0.0272976883470058
CAUGCGGCUCGCCC,0.00307039044221905,0.0742453258169487
AGGGCGCUUUGCCG,11.8573139712789,0.250876089314226
AAUCGUCCUCGCAG,0.0147944680108207,0.029247561914646
CAUGCUGUUCACCC,0.00114410653549964,0.0274157827300235
AGUGCGCCUUGGCG,0.0440642221161841,0.0
CAGCGUCUCCAGAG,0.00638770688941191,0.0
AAGGGUGCUUGGAC,0.012015017963404,0.0580885830748879
CAUGCGCCUUGCCG,0.0315184580367673,0.0
CGGCGUCUUCAGCC,0.00152995180995786,0.459766923998668
AGGGCUCCCUAGAG,0.0255375230958588,0.0550607467187191
CGUCGUCUCUACAC,0.00401720397558145,0.0312490309704902
AAUGGUGUUUACCG,0.0183356153856081,0.0
CAGCCUCUCUAGCG,0.00518504249395728,0.0311248917480666
AAGGGGGCUCAGAG,0.0359694263659754,0.0318103915929672
AGGCCUGCUUACCC,0.00232767745445274,0.0234291767120029
CGGCCGCCUCACCG,0.00560688263047054,0.0
AAUGGGGUUCACAC,0.0243802724035288,0.0234532728776784
CAUGGGCUUCGGAC,0.00144686416294048,0.0
CAGGGUCUCUGCAG,0.00525984153922285,0.0
CAUGGGGCCCAGCC,0.000471361287281367,0.0584639243454627
CAGCGUCUCUAGCG,0.00339917259472276,0.0
CGUGGUGUCCGCAC,0.0044688422923628,0.0
CGGGGGCUCCGCCC,0.00486535342378114,0.0
CAUCCUGUCUAGCC,0.00033946080434372,0.073213128457531
AGUCGGCCCUAGCC,0.000850286783968917,0.0192948602090419
AGGGGUGCUCAGCC,0.00924896150008937,0.0263548165543344
CGGCGGCCUUACAG,0.00434022037690403,0.0
CGGGCGCCCUGCCC,0.00353926864526448,0.0
CAGGGUCCCUACCG,0.00512339057755315,0.00920445001377488
CAUGGGCCCUGCCG,0.00351030981671928,0.0
AAGGGUGUCUGGAG,0.0323557605273076,0.0
AGGCGGCUCUGGCC,0.00316162992112742,0.0
AAGGGGCCCUGCCG,0.536326498306633,0.0471166675956734
AGGGCUCUCCGGAC,0.0187087327508805,0.030506618719761
CAGGGGCUUUAGCC,0.00092423783773867,0.0237635584545803
CAGCCUGUUUACCG,0.00706602757096394,0.0424459744535232
AAGGCGGUCCGGAG,0.0651351333565849,0.0
CGGCCGGCCUGGAC,0.00457343221835427,0.0426836422300066
CAUCGUCUUUACCG,0.00456324245365194,0.0
CAUCGGGCCCAGCG,0.00439693967476577,0.0386597305960658
CGUGCUCUCUACAG,0.00418901427104609,0.0342257140777838
AAUCCGGUUCGGAC,0.0050087412779156,0.0250482262567812
CGUCGGGUCCGCAG,0.0037270594723539,0.0
CAGCGUGUUUGCAG,0.00435144543665809,0.0
CAUCCGGCCUGGAC,0.00208573576432868,0.0
CAGGCUCCUCGCAG,0.00772539226073356,0.0218653939300836
AAGCGUCUCCGCAC,0.0181209200989633,0.0340208872588129
CGUGCGGCCUAGAC,0.00125952449245925,0.0
AGUGCUGCUUGGCC,0.00255115107873564,0.0
AGUCCUCCUUACCG,0.00996179961599713,0.0239467817371166
CGGCCGGUUCAGAG,0.00938781844342306,0.0
AGUCCUCCUCACCG,0.00936977632228101,0.0208625710353786
CAUGGGGCUCACCG,0.00383744975042974,0.0
CGUGGGCUCUGGCG,0.00275427028426153,0.0
AAGCCUGUCCGGAG,0.0258449486540904,0.027918814523438
CAGGCUGCCUAGCC,0.000599440051718432,0.0
AAGCCUGUCUGGCC,0.00906124133915207,0.0343003638557322
AGGCCUCCCCACAG,0.0198040712552527,0.0184830037154549
CAGGGUGCUCAGAC,0.00172521075116545,0.141205241867916
CGUGGUCUCCGGAC,0.00121885539148464,0.0
CGGCCGGCCUGCCC,0.00377949959832811,0.0
AGUGGGGUCCACCG,0.0105757956121076,0.0372739769997508
AAGGCUCCUCAGAG,0.0255273831224239,0.0
CGGGCGGCUCAGAG,0.00848149448199685,0.0
CGUCGUGCUCGCAG,0.0030529260982176,0.0
CGUCGUGCCCGGCG,0.00282144760826791,0.0
AGGCCGGUUUGGAC,0.0165518749126521,0.0
AAUGCGGUUCACAC,0.0207918563450574,0.0174515557970672
AGUGCUCUCUAGCC,0.00114602543669974,0.0246317088517024
CAUCGGGUUUGCAC,0.00439436761294958,0.0
AAGCGUGUUCGCCC,0.0245376815568646,0.039725763250176
CGUCGUCCCUAGCG,0.00341443262881804,0.0
AGUGGGCCUCAGAG,0.0121757464348655,0.0
CAGCGUCUUCGCAG,0.00746787918537578,0.0328397662188535
CGGGGGCUUCACAG,0.00496106822730101,0.0
CGGCGGGUCCGGAC,0.003961739620889,0.0
CAGCGUGUUCGGCC,0.00125949523113381,1.33577053675723
AAUGGGGCUUGGCC,0.00662683894418262,0.0468818403594738
AAUGGGGCCUACAC,0.0123606276171737,0.0224264817465486
AAUCCUGUCUAGCC,0.00144150176441611,0.025832250440763
CAUGGUCUCUACCC,0.0016508041085361,0.0
AGUCGGGCUUGCAG,0.00984049965639071,0.0
AGUCGGGUUUGCAG,0.0176167823515793,0.0
CAUCCUGCUCGGAG,0.00613585111931644,0.0
AAGCCGCCCUAGAC,0.0150373128230053,0.0397337033814409
AAUCGGCUUUAGAC,0.00418376307298399,0.0226829755410024
CAGCCGCUUCGGCC,0.00147284559406459,0.145873043429112
CAGCGGGCCCACAG,0.00353716073321637,0.0285075729632932
AGGCGUGUUUAGAC,0.00879444132031288,0.0
AGUCGGCUCCACAG,0.0114777256445184,0.0178406796654288
CGGGCGGCCCGCAG,0.00548328593543796,0.0
AGUGGUCUUUAGAC,0.00522996793524264,0.0174031390870704
AGGGCUGUCUGGCC,0.0117755091500885,0.0288431997523808
AAUGGUGCCUACAC,0.0108227579291894,0.0302732762754319
CAUCCUCUUCACAC,0.00361831403335585,0.0151726020607221
AGGGCUCCUCACCG,0.0311836580549444,0.0182914055992557
AAUGCUCUCCAGAG,0.0143606230671673,0.0501603605951875
CAGGGUCCUUGCAC,0.00609264978293313,0.0147941230842364
AGUGCGGCUUACCG,0.115690795394808,0.0227973052988583
CGGCCUGCUCGCCC,0.00246040928872652,0.0
CGGGCGCUCUGCCC,0.00269241393641407,0.0
AAGCGUCCUCGCAC,0.0197116616626294,0.0266608810160426
AGUGCUGUCCAGAG,0.0184980225798675,0.0
CAUGGUCUUCAGAG,0.00423360945909313,0.0535681926637459
CGGCCUGUUCACAG,0.00466783194825758,0.0368530951545331
CGGCCUGCUCACCC,0.00105307022995474,0.108719062836492
CGGCGGGCUCACAC,0.00408240912126837,0.0361871417116972
CGUCCUGCCUGCAC,0.00544930894950668,0.0
CAGGCUGCUCACAG,0.00559961318227667,0.0258465580293868
AAGCGUCUUCGCAC,0.0141139081302479,0.0272062899648964
CAUCCGCUUCAGCC,0.000288374758542,0.0445254885305907
AAUGGUCUUUACAC,0.00962555996778959,0.036040118899101
CAGGCUGUCCGGAG,0.00821434113799518,0.0
CAUGGUGUUCGGAG,0.00791381646221487,0.0
CGUCGUCCCUAGAC,0.00192296305187579,0.0
AGUGCGGCUUGCCC,0.00906592131968827,0.0
AGUGGUCUUCAGCC,0.00213846440984232,0.036110777637993
AGUGCUGUCUACAC,0.0112453830201354,0.0271931995586809
AGGCGGCCUCACCG,0.0205023583829767,0.0480117965783426
AGUGCGCUCUGCCC,0.0134296548705508,0.0331090034271071
CGUGGGGUUUGCAG,0.00518195542412282,0.0
CAGGGGGUCCGGCG,0.00671005499218001,0.0
AGUGCUCCCUACCG,0.0106129559398639,0.0514942125740242
AGGGCGCUUUGGCC,0.0422874046752772,0.0
AAGCGUGUCCGCAG,0.0165613096589475,0.0
AAUCCUCCCUGGAC,0.00528824964564931,0.0204394551077828
AGUCGGGCUUACAC,0.00910851280385022,0.0
AAGGGGCUCUGCCC,0.660105987806554,0.0355691581242552
AGGGGUGUCCGCAC,0.029988568139393,0.0742181507502926
AAUCCGCUCCACCG,0.0107362527592403,0.0314578390339177
AAUCGUCUUUGGAG,0.00934690568931156,0.0
CGUGGGCUUCGCAG,0.00269473398289095,0.0
CGGCCGCCCUGGAC,0.00286943141112961,0.0500173902991706
CAUCGUGCCCGCAG,0.00341612282246783,0.0
CAUGCUGCCCGCCG,0.00609285653771062,0.0195429398690623
CGUGCGCUCCGCCG,0.00646493352345598,0.0181564874394798
AGUGGGCCCCAGAG,0.018044990317664,0.0
CAUGCGGUCUACAC,0.00307147397258669,0.0306536658375665
CAGCCGCCUUAGAC,0.00405236144934287,0.0
AGGGGUGCCCAGAG,0.0170450692937459,0.0
AGGCGGCUUCGGAC,0.00639342807784846,0.0
AAGGGGCUCUAGCG,0.0462965745589087,0.0
AAGGGUGUUUAGCC,0.00619165383392371,0.0239495244734722
AAGCCGCCUUGCCG,1.64376047007579,0.0476367141215643
CGGGGGCCUUGCAG,0.00426116373118356,0.0
CAUGGGGUUCGGCC,0.000654316187627097,0.0
AAGGCGGUUCAGCG,0.0694743170675794,0.0148486551450004
CGUCCGCCCCGGCG,0.0040733886465686,0.0
CAGCGUGUCUAGAC,0.0019562337825499,0.0
AGGCCUCUUCAGAC,0.00986561204259605,0.0
CGUCCUGCUUGGCG,0.00418953964909012,0.0
CAUCCUCCCUAGCC,0.000352897187054968,0.0283219654200749
AAUCGGCCUUGCAG,0.0159217749789988,0.0
CAGCGGGUCUGGAC,0.00256682388017921,0.0
CGUCGGGUCCGCCC,0.00312168911760254,0.0
AGGCCGGUCCGCAC,0.0272171511955074,0.0210720261999887
CGUGGGCCCUGGAG,0.00797459846269271,0.0771323844032349
AAGCCUGCCUGGAC,0.0174254701529912,0.0757094949927931
CAUGGUGCCUACAC,0.00294793210953515,0.0411679542521621
CGGCCUCUUCGCAC,0.0049331652821904,0.0
CGUCCUGUCUAGCG,0.00332109389714097,0.0
CAUGGGGCCCAGAC,0.00123965596742003,0.0
AGUGCGGUCUAGCG,0.021398755705671,0.0
AGUGCGGCCCGGAC,0.00784365752497195,0.0163121869528526
AGGCGGGUCUACAG,0.0157824962795551,0.0
AGUGCUCCUUACAG,0.0135149672210915,0.0202121481069867
CGGGGGGUUCAGAG,0.00692738470852592,0.0
CGGCCUCUCUGCAG,0.0045653574364938,0.0549155340120437
AGUCGGGCCUACCG,0.0120103264296424,0.0
AAUCCGCCUUAGCC,0.000918564708694588,0.0283302581522321
AAGCCUCCCUGCCC,0.0116700897614656,0.0307943596412334
CGUCGGCUUUACAG,0.00350980784191352,0.0
AAGCCGCUCUGCAG,0.0433120379004998,0.0
CGUCCUCUUCACAC,0.00451638316781346,0.0426167813771809
AGGCGGCCCCGCAG,0.0275150957231606,0.0
AGUGGGGUUUGCAG,0.0142038791039452,0.0323960313453036
AGGGCGCCUUGGAC,0.056395363503355,0.0
AAUCCGCCCUAGAC,0.00531722759092884,0.0344474981169504
CGUCGUGUCUGGAG,0.00480691074001199,0.0
CGUCCUGCUCGGAC,0.00244052164600446,0.0483436548115701
AGUGCUCCUCGCCC,0.00489116859697977,0.0
CGGCGUCUCCGCCG,0.00674216051845838,0.0370459215799255
CGGGCUGCUCAGAG,0.00604297350172936,0.0
CGUCCGGCUUACCC,0.000427581871115467,0.0402394801304307
CGUGGUGUUUGCCG,0.00280309314815687,0.0
AAGCCGGUUCACCG,0.545506334726101,0.0
CGUCCUGCCUACCG,0.00320750463483621,0.0
AGGCCUGCCUAGAC,0.0118996649850415,0.0352273961147563
CGGGGUCCCCGCCC,0.00396570136050989,0.0
AAUGGGGCCCGGCC,0.00317581157328236,0.0
AGUCGGGUUCGGCG,0.0183202159325967,0.0
AGUCGGCUUCGCCC,0.00434206662449435,0.0
AAGGCGGCUUGGAG,0.158380841868052,0.0
CAGCCUCUUCGGAG,0.00586337463891573,0.0
AAUCCGCCCCAGAG,0.00843366716180613,0.0211505991015831
AGUGGGGCUCGGCC,0.00499122730384686,0.0
CAGGGUGUCCAGAC,0.00216526075428448,0.0
AGUGCGCCCUACAG,0.0284204211635745,0.0418950739614216
CGGGGUCCUUACCG,0.00568304718030975,0.0463885064247149
CAGCGGCCCCACAC,0.00368092219482011,0.0429698703323471
CAGGGGGUCCGGAG,0.00517810075854574,0.0
CGUCCUCCCUACAC,0.00290579313529283,0.0494436341793864
AGUCCUGCCUGGCC,0.0020138101174047,0.0230410457718072
CAUGCGGUUUAGCC,0.000615807631079786,0.0424121798912913
AGUGGUGCCUAGCG,0.0102448445115313,0.0
AAGCGUCCCUAGAG,0.0199467638800743,0.0
CGUCGUGUUUAGCG,0.00375719517878848,0.0
AGGCCUGUCCACCC,0.0118599439668578,0.0280530852653536
CAGCCGGUCCAGAC,0.00214106941258176,0.0392901169140027
CGGCGUCUCUGCAG,0.00690413434472765,0.040565254592018
CGGGGGCUCUACAC,0.00633386197774429,0.0217350696988877
AAGCGUCCUUGCCG,0.0211280495316806,0.0255668927373378
AGUGGGGUCCAGAC,0.00796377579335048,0.030439493547987
CAUGGGCUCCGGCG,0.00309015690429342,0.0
AGGGCUCCCUACAG,0.0375698023627253,0.037826106614869
AGGGGGCCCCAGCC,0.00606092590500822,0.0153950164031311
CAGCCGGUCCGGCC,0.00149366603429944,0.0507391439839896
CGGCGGCCCUGCCC,0.00502002500927361,0.0
AGGGGGGUCCGCAC,0.0437428877341091,0.0
CAUCCGCCUUACAG,0.00318680174733067,0.0
AGUGGGCCCCGGCG,0.0156266471095163,0.0205624983127015
AGGCGGCUUUAGCC,0.00288862493227428,0.0284447474946222
AGGGCUGUCCGCAC,0.0292324331968195,0.026323923774073
CAUGGUGUUCACCC,0.00129155945714141,0.0
CGUGCGCUUUACAG,0.00530645796270059,0.0357164426891834
AAUCCUCUCUGCAG,0.0103600636097698,0.0347255224054769
AAGCCGCCUUAGAG,0.0270756604947614,0.0361868878168165
CGGGCGGCCCGGAC,0.00191802842335454,0.0478202531499112
AGGCCGGUUUGCCG,0.159515252753015,0.0
AGGCGGCUUUACCC,0.015481887344068,0.0
CGGGGGCCCUACAC,0.00495690697958331,0.0971109618209929
AAGCGGGCUCGGAG,0.0206010460286228,0.0
CGUGGUCCUUGCCG,0.00844791096137771,0.0518482154631247
AGUCCGGCUUGGCG,0.0131283684629608,0.0
CAGCCUGCCUGGAG,0.00984538362530696,0.0196427869492178
CAUGCUCCUUAGAG,0.00428359681215847,0.0494655861923959
CAUGGGGCCUGGCG,0.00236158332523237,0.0
CGUCGUCCCCACCG,0.00428015521526356,0.0172440218382724
AGGGCUCUUCGGAC,0.0152258305705798,0.0
CAGCGUCUUUGGCG,0.00433544401497883,0.0
CAUCGGGCCCAGAC,0.00210130669491952,0.213420711639542
AGUCCUGCUUGCAG,0.0109896425117477,0.0309861535108187
CAGGGGGUCCAGCC,0.000861627226326222,0.0
CGUGCUCCCUGGAC,0.00212176266315921,0.0750206397296937
CAUCGUGUCUACAC,0.00294583638953247,0.044396282472076
CAUCCUGCCUGCAC,0.00368628953543664,0.0
AGGCGUGUCUGGAC,0.0179229100449018,0.0
CAUCCGCUCUGGCG,0.00314895481579161,0.0663367825241264
AAUGGGGCUCAGAG,0.0210959314918802,0.0
AAUCCGCUUUGGCG,0.01358836672393,0.0
CGGGCGCCUCGGCG,0.00420929481017266,0.0
CAUCGUGUUUAGCC,0.000232095787252674,0.0444388166838414
CAUGCGCCCCACAC,0.00347105099587631,0.0262883660398696
AAGCGUGUUUAGCC,0.0043560395339614,0.027038976289784
CAGCCUCCCUAGCG,0.00503695575399828,0.0383254773322726
CAGCGUGCCCGCAC,0.00503713437578466,0.0
AAGCCUGUCCACCC,0.0129259002216176,0.0317739249169976
AGGCGGCCUCGGAC,0.00943468194934031,0.0
AGGGGUGCUUAGAG,0.0203775441141613,0.0179547155990434
AGUCCUCUCCGCAG,0.0127557161711472,0.0376210149288442
AAUCCGCCUUGGCC,0.00276716078481189,0.0310151684031497
AGUGCUGUUUGCAG,0.00928875566497669,0.0
AGUCGUCUUUACAC,0.00888770203289227,0.0153554427060907
AGGCGUGCCUACAG,0.0178727993923998,0.0612966885577356
CGUGCUGUCCACCC,0.00125420876080993,0.0735506445357992
AGGGCUGUCCGGCC,0.0135910973347204,0.0
CGUGGGGUCUACAC,0.00303454996771231,0.0180396670741806
AGGCCGGUUCAGAG,0.0368092219482011,0.0
CAUGGUCCUCACCC,0.00156335139047696,0.0340562532524337
AAGCGGGCCCACCC,0.0157718397842508,0.020051751615336198
CAGCCUCUUCGCAC,0.00439562425958316,0.0470759148769428
CGUCCGCCCUAGAG,0.00458592434200992,0.0128483564956086
AGUGGGCCCUGGCC,0.00329499685060075,0.0
CAGCGUGUCCGGAC,0.00341644676375298,0.0812959246018177
AGUCGUGUUUGCAC,0.0101224892831998,0.0
AGGCGGGCCCACAG,0.0191405241086831,0.0251494671277305
CAUCGGCUCUGGAG,0.00449477367897225,0.0
CAGGCUGUCCGGAC,0.00220341622740922,0.0
CGUGCGCUCCAGCC,0.000334248148714665,0.0458164277663586
CGGCGGCCUCGCAC,0.00639908597880231,0.0
AGUCCUCCUUACAC,0.00863908851911375,0.0350981465308641
AAUGCGCCUUAGAG,0.0263543444844012,0.0319484585881954
AGUGCGCUCUGCCG,0.834578054092603,0.0303044204677117
CGUCGUGCCUACCC,0.00209153477017363,0.0
CAUCCUCCCUAGAC,0.00219791364796843,0.0349471415469753
CAGCGUCUUCGCCC,0.00397742967879351,0.0
CGUCCGGCCCGCAC,0.00316202101834676,0.0138924163897717
AGUGCGCUUCGGAG,0.0237099311565786,0.0
CAUGCGGUCCAGAG,0.00350550057422533,0.0
CGGGGUCCUUGGAG,0.00573886282225922,0.0
CGUGCUGCUUACCG,0.00515026150715571,0.0
AAUCGUGCUUAGAG,0.00835278775342344,0.0
AGGGGUCUCCACAC,0.0273975518389586,0.0271862120165887
CAGCCUCCUUGGCC,0.00330601345275509,0.0
AAGCGUCUUUACCC,0.00924300265150878,0.0274578485413715
AGUGGGGUUCGCCG,0.0229186637068429,0.0
AGGGCUCCUUGCAC,0.0299723610227621,0.0
AAGGCUCUCCAGCC,0.00719514366221359,0.0540082819363303
CGGGGGGUUCAGCC,0.000841016485812692,0.0989457352858914
CAUCGGCCCUAGCG,0.00277580313092,0.0
AGGCCGCUCCAGCG,0.0275023964482114,0.0237558101249997
AAUGGUCUCUAGCC,0.00213555429373144,0.0253558842018601
AGGCCGCUUCGGCG,0.0314238490830965,0.0
AAUCCUGUCUACAG,0.0133760544295378,0.0339881850803428
CAGGGUCCUCGGCC,0.00223450499252258,0.0
CGGCCUCCCCAGAC,0.00299873214381137,0.0195036021537028
CAGGGGGCCUACCG,0.00374350436405832,0.0
AGGCGGCUUUAGAC,0.00664153125698885,0.0211242424155671
CAUCCUGUCCGGCG,0.00366678905389841,0.0
AGUCGGCCCUGGCC,0.0015108176535864,0.0231271255799658
AAUCGGGUCCGGCG,0.0184646412552841,0.0
CAGGGGCUCCGGAC,0.00217237188367221,0.0
CAUCCGCCUUGCAG,0.00575999019943862,0.0
CAUGCGCUCCAGAC,0.001141075902783,0.010643218961296
CAUGGGCUUCACAC,0.00329895128971865,0.042321109193372
AGUGGUCUCUAGCG,0.0102205189520643,0.0
AGUGGUGCUUACCC,0.00466327402940173,0.044687804288489
AGUCGGGUCCAGCC,0.00158961508158774,0.0174306739082068
CGUGCUCCUCGGCG,0.00285245252704008,0.0182116437414373
CGUGCUGCCCGGCG,0.00416499408839548,0.0
CAUCCUCUUCAGAG,0.00566658495296124,0.0
AAGGGGCCCUGCAG,0.0772930385175166,0.0371325379566452
CGGGGUCCUCAGAG,0.00699351299392722,0.0
CGUGGUCUUCGGCG,0.00394177494878374,0.0
AAGGGGGUUUAGCG,0.0931413597348442,0.0
AGGCCUCCCUACAG,0.0211257896538802,0.0263876094204869
CGGCGGGCCCACAG,0.00555332545119398,0.0
CGUCGGCCCUAGCC,0.000318224767296442,0.0417996503392781
AGGGGGCCCCACAG,0.0445887030385363,0.0
AGUCGUGUUCAGCC,0.00174316543319116,0.0302876831938238
AAUGCGCCCUACCC,0.00482606920537818,0.0314430341715463
CGGGCGCUUCACAG,0.00886005924902881,0.0226840708241676
CGUCGUCCCUGGCC,0.0011130714421435,0.0713810696647053
AAUGGGGCCUGCCC,0.278195709687511,0.0
CGUGGGCUCUGCCC,0.00420830578413644,0.0
AGGGGGGCUUACAC,0.0823651299987973,0.0
AAGCCGGCUCGCAG,0.0533678449146891,0.0
AAGCGGCCUCGGCG,0.0137599439511933,0.0468080616550388
CGUCGGGCCUGCCC,0.00146041661915237,0.0
CAUCGGGCCCGGCC,0.000984350322186756,0.0
AGGCGUGCUUGCAC,0.0142881512307428,0.0
CAUGCGGUCUAGCC,0.000312396814488594,0.0205792556947659
AGGCCGCCUUGGCG,0.0287665515454224,0.0
AGGCGUCCCUGGCC,0.0059701831390949,0.0
CGGGGUGUCUACCG,0.00376612872710761,0.0
CAUGGUCCCUGGAG,0.00370818828515211,0.0
CAUGGUCUUUGGCG,0.00303034741582323,0.0749482892319328
CGUGGUCUUCACAG,0.00405642887746257,0.0355344329670032
AGGCCGCCUCACCG,0.0265175040752667,0.0449677339149918
CAGGGGCCUCGGCG,0.00352744325867457,0.0629070798448638
AAUGCGCCUCACAG,0.0310998678817124,0.0255597232726188
AGUGGGGCUCACAG,0.0122613454676381,0.040828464073423
CGGGGGCUCCGGCC,0.00202714292921648,0.0
CGUGGGGUUCGGAC,0.00193956656758842,0.0
CAUGGGGCUCGCCC,0.00719653990462965,0.0
AAGCCGGUCCAGCC,0.00547784415640533,0.0177953961287373
AAGGGGCCUCAGCG,0.0652185746642981,0.0237954865708779
CGGCGGGUCUACAG,0.00657761969628172,0.0
AAGGGUCUUCAGAG,0.0228484328681089,0.029338920240025
CGUGGGGCCUAGAG,0.00294439478616637,0.0
AAUGCUGCCUGGAC,0.0068369721507492,0.0414182203679504
AGUGCUGUCUGCCC,0.0126615417726479,0.0
AGUGGGGUUCGGAG,0.012241775428547,0.0
AGGGGUGUCCGGCG,0.0149504734036291,0.0
AAGCCUCUCCGGAC,0.0127507470934632,0.0712340595644237
AAUCCUGCCUGCCG,0.0143535548960296,0.0256898522020475
CAUGCUCUUCACAG,0.00479929281490896,0.0364260693736565
AAUCGGCCCCGCAG,0.0118287153631559,0.0
CGGCCGCCCCGCCC,0.00246763890723975,0.0
AAUGCUCUUCACCG,0.0148440931659453,0.0215198303672779
AAUCCUGCUUGGCC,0.00316254710995769,0.0122506976831972
CGUCGUGCCCGCCG,0.00288608993891555,0.0
AAUCCGGUCUACAC,0.00716717926062703,0.0507951976086989
AAUCCUCCUCGGAG,0.0143295771491128,0.0
CGUGCGCUCCGGAG,0.00465829622886024,0.0
CAUGGGGUCCGGCC,0.00101570616909923,0.0
CGUGCUCUCCGGAG,0.00774599330676218,0.0543617969845083
CAUCCUGCUUACCC,0.000419650937620094,0.0232940917889581
AAUGGUCUUUGGCC,0.00190426158573118,0.0373900283224023
AGGCGGGCUCGGCG,0.0187656801097091,0.0
CGUCGUCCUCAGCC,0.000398286889886708,0.0542108170246965
CAUGGGCCCUACAC,0.00319123680303199,0.0353614221450136
CGGCCUCUCCGGCG,0.0044555750713068,0.0
AGUCGGCCUCGGCG,0.0103740981786993,0.0530817445115059
CAUCCUGCCUGGAC,0.00198336718212529,0.0275679487287818
CAGGGUCCUCACCG,0.00447086530833942,0.0371379063816862
AAGCGUGUUUGCCG,0.0183727696214452,0.0
AGUGGUCCCUGGAC,0.00504991844001828,0.0322897161334246
AAGCGGGUUUGGAG,0.0204853098149788,0.0
CGUCCGGUUCGGAG,0.00696373386883025,0.0
AGUCCUCUUCAGCG,0.0112369341974306,0.017786617073729
AGGGCUCUCUACCG,0.0406814062785002,0.0354150269209767
CAGGCUGCUUAGCG,0.00772539226073356,0.0268634515271671
CAGGGUGUCCAGCC,0.00106489550824488,0.0
CGGCCGGCCUACCC,0.000798509560526207,0.0324677918232626
AGUGGUGCCUAGAG,0.0140830101539929,0.0
CGGCCUCUUUAGCG,0.0040431959495428,0.0663193084287487
AAGGGUCUCUGCCC,0.0190579258508134,0.0434508005423655
AGGGGUCCCCGCAG,0.027840842204396,0.044307025656264
AGGGGUGCUCACAC,0.0227665513320966,0.0302414714772612
AGGCGGGCCCAGCC,0.00290014725645661,0.0717948061436715
CAGGCUGUUCGGAG,0.00710447288276806,0.0
AGGGCGGUCUAGCC,0.0195077627938365,0.0524068725362362
AAUGCUCCCUACCC,0.00532035810871151,0.0262483824230503
CGUGCUCUUUGCAG,0.00385066280908838,0.0302839214347064
CGUCGGCCUCGGCG,0.00399902658202678,0.0
AAUGCGCCUCACCC,0.00399565875679481,0.0272601155516742
AAUCGGCUUUAGAG,0.00992962355547907,0.0
CAUCGUCUUUACAC,0.00316413856130229,0.0531145828060908
CAUGGUCUCCGGAG,0.00379705554253048,0.0
CGGGCUCCUCGCCC,0.00238235560219269,0.0579998069685216
AAUCCGGCCUGCAC,0.00647578697871849,0.0241142482722881
AGGGCGGUCCACCC,0.0388120139898556,0.0217030540179463
CAUGCGGCUCACAG,0.00388119154461899,0.0
CAUGCUGUCCGGCG,0.00382877977410014,0.0
CGUCGUCUCUAGAG,0.00539689374834344,0.0
AGGGCUCCCCGGAG,0.0393136628379552,0.0
CGGGCGCUUUGCAC,0.00550434198577266,0.021894668462492
AGGGGGCUCCACCC,0.138121725844778,0.0760741899592424
AGUCCUCUCUGGCC,0.00209304745202284,0.0517896368347903
CAGCGGGUCUGCCG,0.00535364763036822,0.0
AAGGGUGCUCGCAG,0.0140887722366363,0.0
AAGCGUCCUUGGAG,0.0330281286329856,0.0580961725431884
AAUGCGGUUUGGAC,0.0108413619315306,0.0294397886596562
CAGGGGCUUUGGAG,0.00556666562901085,0.0
AGUCGUCUUUGGCC,0.00138816290810817,0.0228162712481379
CAGCCUGCUUAGAG,0.00542661700266162,0.03006730292267
CGUCCGCCUUGGAC,0.00299127188335603,0.0
AAUGGUCUUCAGCC,0.00182876329957518,0.0270197255286839
AGGCCUGCUCAGAG,0.0225206889540172,0.0308330524170632
CGUGCGGCCCGGAC,0.00279258623943554,0.0
CAGCCGCCCCAGCC,0.000508156132085864,0.0210069399113697
CGGCCGGCUUAGCG,0.00522490297827391,0.0
CGGGCUCUCCACAC,0.00545321806640016,0.0233167218211137
AGGGGGCUUCGGAC,0.0370283736410571,0.0
AAUGCUCCCCGCCG,0.0136320984267527,0.0279360251165526
CAUCGUCCUCGCAG,0.00280923354935766,0.0
AAGCCUCCCUAGCG,0.0215878793523715,0.025396281097361
AGGGCGGUUCAGAG,0.102127152771402,0.0272423493343696
AAGCCUGCUUGCAC,0.0172901636311656,0.0298139413459943
CAUCCUGUCCGCCG,0.00277158402756214,0.046670708694227
AGUCCUGUUUGGAG,0.00790890732593106,0.237937274704285
AAUGGGGUCUGGCC,0.00293081179688971,0.0
AAGCCGGCUUGCCC,0.0110742943603625,0.0
CAUCCUGUCUACCC,0.00105758303438986,0.0249368254079774
CGUCCGCUCCAGCC,0.000295798132673659,0.0527919711896788
AAGCGGGUUCACAC,0.0169330549064534,0.0
AGGCGUCUCUACAC,0.017696298538587,0.0332536289774151
AGUGCGCUCUAGAG,0.0202689384855921,0.0
CGGGGUGCCUGGAG,0.0185409414257605,0.0
CGGGGUGCUCACCC,0.00320460716000799,0.134720552057205
CAGGCUGUUCGGAC,0.00234999956194769,0.0624635069207497
CAUGCUCUUCGCAC,0.00298326468433359,0.0251595493563793
AGGCCGCUUUGGCG,0.0233777087542198,0.0
CGUGGGGCUCGCAC,0.0026560026284836,0.0
AGGCGGCUUCACCC,0.0197488677509867,0.0517847304198159
CGUGCUCUUCACAG,0.00324302685715599,0.0
CAGCCGGCCCGCCC,0.00397154186324997,0.0174815059094767
CGGCGUGUCUGCAC,0.00346472137754111,0.0
AAUGGGGUUCGGCC,0.00301041091966649,0.0419875080067843
AAGCCGCUCUAGAG,0.026357939128321,0.0175025808920945
AGUGCUCCCUAGAC,0.00490431521296056,0.0118603235283376
AGUGGUGCUUACCG,0.0122159379962368,0.136857921579255
CAGGCGCUCUGGAG,0.00940482536089303,0.0
CAUCGGGCCCAGCC,0.000450953214781966,0.0200143851231493
AGUGCUGCUCGCCC,0.00695603220843005,0.0
CAUGCUCUCUGCAG,0.00417767993498896,0.0201443444835412
CAUCGGGUCCAGAC,0.00207814404772097,0.0777974468449142
CGGCGGCCCUGGAC,0.00194993858131884,0.0
AGUGGUGUUCAGCC,0.00434427902454238,0.0
CGGGGGGCUCAGAC,0.00216609069175552,0.0
CGUCCGCUCUACAC,0.00363648298682044,0.0465810259866708
AGGCGGGUUCGGAG,0.0373107833629502,0.0
AGGCGUGUCCGCAG,0.0139515994886911,0.0336006810496412
CAUCGGGCUUAGCC,0.000471366371384104,0.0241834226133913
AAGCGGGUCCAGAC,0.0114381927203697,0.0
AAGCCGCUUUAGCG,0.0216406065051441,0.0359194891737601
AGUCGUCCCCACCC,0.0100616049750297,0.0190530318433137
CGUCGUCUCCGGCG,0.00336443118573958,0.0
CGUCCUGUCUAGAG,0.00508967019530682,0.0
CAUGGUGCCUAGCG,0.00266058352297909,0.0
CAUGGUGUUCACAC,0.00260006524167593,0.0545564480231419
CGGCCGCUCCGCAG,0.00713113131760021,0.0
AAUGCGCCCUAGCC,0.00290122899455073,0.0243523678057944
AGUGGUCUUCACCG,0.01375909278554,0.0381135793383339
AAUCGUCUCUACCC,0.00863100471765655,0.039802953727814
AAGGGUCUCUAGAC,0.0119445473771867,0.0183990607066983
AGUGGUGUUCGCCC,0.00968038948589879,0.0
CGGGGGGUUCGGCG,0.00339577681790486,0.0
CGUCGGGCUCGGAG,0.00592280073322906,0.0
CGUGGUCUUUGGCC,0.000566664656592066,0.0
AAUCGUCUCCAGAG,0.00915029794437997,0.0
AGUCCGGCCCGGCC,0.001543984978366,0.0242422084663475
CGUGCGCUUUGCCG,0.0183015630740195,0.0
AGUGGGGUCUACAG,0.0163663865671837,0.0
AAUGGUGUCCACAG,0.0118100824215811,0.0248194741960895
AGUCCUCCCUGCCC,0.00437010355104218,0.0684024303015054
AGGGGGCCCCGCCG,0.150612689452956,0.100553192676376
AAUGGGCCCCAGCG,0.0130052002229772,0.00972553267747505
CAUCGGCCCUGGCG,0.00310099956009796,0.0
AAUCCGCUUCACAC,0.0100001792221076,0.0423828122567448
AAUCGGCUCUACCG,0.0100989910422922,0.0
CAGCGUGCUUAGCG,0.00561590158862458,0.0329679504620445
CAUCGUGUUUACAG,0.00377023004539275,0.0
CAUGCUCCCUGGAG,0.00468543646138353,0.0
AGGCGUCCCCACCC,0.0201113490328605,0.0156969879621544
CGUCGGCUCUGGCG,0.0045042965045633,0.0
AAUGCGGCUCAGAG,0.0256070331091937,0.0
AAGGGUGCUCGCCG,0.0174307054122419,0.0521308715381109
AGGGCGCUCUAGAC,0.0457480055351484,0.0382952594505238
CGUGGGGUCUAGAC,0.0016151576044039,0.0
AAUCCUCUCCACAG,0.0088224553996184,0.0309437221400247
CAGGGGCCCCGCCC,0.0165813297303549,0.0441719240864502
AGGGCGCCCCGCCC,0.121971018043395,0.0709919549246377
AGUCGGGUUUAGCC,0.00109768002368829,0.0317911477902834
AGGCGGCCCUAGAG,0.0140381413652187,0.0
CGGCCUGUCCGCAG,0.00631614488130304,0.0365624493305475
AGGCGUCUUUGCCC,0.0139685141364808,0.110575661510693
CGUGGGCCUUAGCC,0.000342560794661266,0.0310907739585256
CAUCCUGUUUACAG,0.00423617535886582,0.0412345288760149
CAGGGUCUUCGCCC,0.0045042965045633,0.0403879995288096
CAUCGGGCCUGGCG,0.00309015690429342,0.0
CGUGCUGUUCGGAC,0.00161365895785557,0.0
CGUCCUCUCCGCCG,0.00352888288453261,0.0591426007220353
AAUCCGGCUUACAC,0.0104498696166511,0.0259216849291561
CAUCGGGCCCACAC,0.00265273743382266,0.0129424532548852
CGGCGGGCCCGGAG,0.00711319136459996,0.0
AAGGCUCCUCAGAC,0.0139498511679531,0.0182908471069089
CAUCGUCCUUGCAG,0.0031693916967112,0.0
CAUGCUGUUUAGCC,0.000617436261570424,0.0636967626992041
AAGGGGGCUCGCCG,0.188304403357417,0.0
AGGCCUGUCUACCG,0.024903029169894,0.0382885615204673
CAUGGUCCUCGGCC,0.000979440735063245,0.0
AAGCGUCUCCGGAC,0.0158327140264921,0.0568218626849922
CAUGGGCUCUGGCC,0.000855163742230934,0.0
CGUCGUCCUCACCC,0.00195358212095818,0.0576668081098125
CAGCGUGCUUGGCC,0.00272077954838663,0.638098167629589
AAUGCGCCCUGGCC,0.00766973104941399,0.0177078729764979
CGUGGUGUCUAGCC,0.000464640459826288,0.0681450076022881
CGGGCGCUCUGGCC,0.00136373121597925,0.0
CGUCCUGCUCGCAG,0.00347799036191729,0.0
AGGGCUCCUUACAC,0.0351982103808938,0.0403268976365693
AAGGCUGUUCACAG,0.041310518615291,0.0215083674834228
AAUCGUGUUUACAC,0.00788060562122319,0.0303796430566184
CGUGCUGUCUGCCG,0.0035357144114241,0.0
AGUGGGGUUCAGCC,0.0026037982360553,0.0228426292492241
CAGCCUGUCUGGAG,0.00589939045365108,0.0
CAUCGGCCUCGCCG,0.00634295364565492,0.0
CGGGGGGUCUACAC,0.00884716154790857,0.0406690949363661
CAGGCGCCUUGGCG,0.00951627864844907,0.0447410903595656
AAGGGGGCCCAGCC,0.00461578108832165,0.0199579594225303
AGGCGGGCCCGGAC,0.0101766069479738,0.0
AAGGGUGUUCGCAG,0.0172312060491063,0.0562856237553938
AAUGGGCUCCGGCC,0.0045234325265695,0.0307029253217138
CAUGGUGCCUGCAC,0.00257757163580873,0.0
CAUCCGGCUCGGAG,0.00415290927878587,0.0
CAGCCGCCUUACCG,0.00433473770954483,0.0169175657024661
AAUGGGCUCUAGAC,0.00602462651417206,0.0125694138537838
CAUGCGCCCUAGCG,0.00410372836890167,0.0
AGGCGUCCUCACAC,0.0197952486562855,0.0296884281342597
CAGGCGCCCCGGAC,0.00211837711242744,0.0219345358010851
AGUGGUGCCUGGCG,0.0152809956805718,0.0
CAUCGUCUCUGCAG,0.00417851405297538,0.0423296807194395
CAGCCGCCUUAGCC,0.00100682930408978,0.0493520246239746
AGGGCUGUCCACCC,0.0179946153432335,0.0099623670330091
CAGGGGCUUCGCCC,0.00613152185746643,0.0
AAUCGGCUCUACAC,0.00806943806991603,0.0328554177127973
CAUCGUCUCUGGCG,0.0045506788242331,0.0
CAUGCGCUCUAGAG,0.00470483348491521,0.0
CAUCGGCCUCGGAC,0.00229294197812436,0.0538448546486956
CGUCGUCUCUGGAG,0.00500043571785663,0.0
AGUCGUGCCCAGAC,0.00393033781375569,0.0264555363077128
CGUCCGGUCUAGAC,0.00227877492383649,0.0381341086948217
CAUGGUGCUCGGAC,0.00199521941852016,0.0
CAUGGGCCCUGCAG,0.00235045491601737,0.0
CGGCCGCUCCAGAG,0.00496682753566797,0.0240989323462675
AAGCGUCCUUAGCG,0.0224126555237468,0.0292834301751326
CGUGGUCCUCAGAC,0.00168472111108708,0.0
AGGCCGCCCUAGCC,0.00174332842582149,0.0324195511734727
CAGCGUCUUUAGCC,0.00109439733419994,0.199499845953958
CAUCGGCUUUAGAC,0.00179458000960447,0.0568011573015132
CGGGCUCCCCGCAG,0.00773983224626764,0.0
CAGCCUGCUCGCAG,0.00626383156275694,0.0
AAUCGUGUUUAGAG,0.0084486927229473,0.0
AAGGCGGUUUACCC,0.0354322926942017,0.0282535323851819
CAUCCUGCUUGCAC,0.00306145575657553,0.0
AAGGGUCUCUAGAG,0.0341778799776068,0.07794368699696
CGGCGGGCUUACAG,0.00428467133788584,0.0
AAGCGUCUCUGCCG,0.0209977121322795,0.0
CAGCCGCCCCACCG,0.00467451701200319,0.0499600377776002
AAGGGUGCUUAGAG,0.0319037820929753,0.0
AAUCGGGCCUACCC,0.00390473536740399,0.0
AGUGGGCCCUGGAG,0.0202478852395607,0.0
AGGGCGGUCUGCAG,0.156793714705518,0.0
AGUGGUGUCCAGCG,0.0116239014678057,0.0
AAGGGUCUUUAGAG,0.0192599807054299,0.0
CAUCGGGUCUGGAC,0.00284204211635745,0.0
AAGCCGGCUUGGCC,0.00880787237391419,0.0316138749233263
AGGGCUGUCUAGCC,0.00985267418760223,0.0
AAUGCGGUUUAGCG,0.0300971067083454,0.0453722651737963
CAUGGUGUUCAGCG,0.00269899780248413,0.0
AGUCCUCUUCGCAG,0.0105698653122121,0.0
CAGCCUCUUCGGCC,0.00149806137437939,0.0
AAUGCGCCUUGCAC,0.0239148085926575,0.0382055993953446
AAGGCUCUCUAGAG,0.0334159932920551,0.0287492744566393
CAUCGGGCUUGGAG,0.00704555774178901,0.0
CGGGGUGUUUACCC,0.00271497229118936,0.0
AGGCGUCUCCGCAG,0.0366698619309486,0.0
CGUCGGCCCUGCCG,0.0037122014759369,0.0
AAGGCGCUCCGGAG,0.093317630812299,0.0336378868424725
AGGCGGCCUCAGAG,0.0211687913916163,0.0387216623308922
AGGGCGCCCUACAG,0.156881085717168,0.0
AAGGCGGUCCGCCG,0.105900512287677,0.0
CAUCGUCCUCAGCG,0.00401272548731436,0.0
CAGGCGCUCCGGAG,0.00561846709871532,0.0
AGUGCGGCUCGGCC,0.00435837158755835,0.0179829168187317
AAGGGUCUCUACCG,0.0195482301404197,0.0264458459818193
CGGCCGCUUUGCCG,0.00890099543084519,0.0
CGGCCGGCCUAGAG,0.00384611803538666,0.028441872813472
AAGCCUGUUUGCCC,0.0079987093876476,0.0657478875117515
AGGGGUCUCUGCCC,0.0182768254510346,0.0994099824623808
CAUGCGGUUUACAG,0.0050087412779156,0.038557289693312
CAGGGUCUCCACCG,0.00523481803936274,0.0261345170256279
CAGCGGGUUCACAC,0.00423792946874527,0.0
CGUCCUGUUUGCAG,0.00247212552343474,0.0
AAUCCGGUCCACCC,0.00134173291907453,0.0286847716972578
AAUGGGCCCUACCC,0.00989567287118185,0.0175604307333999
AGUCGGGUCCGGCG,0.00765181709634562,0.0
CAUCGUGCCCGGCC,0.000925119738499487,0.0
CGUGGGCUCUGGAC,0.0019770358688759,0.0
CAGCCGGCCCGCCG,0.0137340306857485,0.0325139293673639
CAGCGGCCCCACCG,0.00469985840957175,0.0240846304730885
AGGGGGCCCUAGAG,0.0363233897931945,0.0
AGUCCUGCCUGGAC,0.00420261338983905,0.0
CAUGCUGUUUGGCC,0.000507185054473707,0.0344274133067634
AAUCCUCUCUGCAC,0.00866162938972953,0.0246399539642556
CAGGCUGCUUACAC,0.00418897902555886,0.0546748092768094
AAUCGGCUCUGCAG,0.0151016872979695,0.0302493718409531
CAUGCUCCCUAGAG,0.00380249826859483,0.0
CAUCCUCUCCAGAG,0.00506117590270761,0.0
CAUCCUCUUCGGCC,0.000520614669769595,0.0276057695026884
AGGCCUCCCUGCAC,0.0193441591048548,0.0194274443659639
CAGCGGGUCCACAC,0.00485068454299446,0.0220955868171387
AAUCGUCCUCGGCG,0.0150934194372971,0.0427374003150953
AGUGGGGUUCGGCG,0.0107902200100737,0.0
AAUCCUCCCUGCCC,0.0062423236461312,0.0292531874582634
CAGCGGCUUCGGCG,0.00333320295294571,0.0
CAUGGGGCCCACAC,0.00379937324298372,0.0465938644451959
CAGGCUCCCUGGCG,0.0063479155389892,0.0
AGGCGUCUUCGGAG,0.0174240172434858,0.0
AGUGCUGCCUGGAC,0.00746016080982009,0.0
CAUGGUGUCUAGCC,0.000382525015744003,0.0
CAGGGUGCCCGGAC,0.00292607777663182,0.0348709014051301
AAGCCGCCCUACCG,0.0389143209079754,0.0355017103566779
AGUCCGGCCUACCC,0.00120463743726692,0.011762242358992
CGUGGGGUUUACCC,0.00288024103243779,0.0
AAUCGGGUCUGCAC,0.0058806622299887,0.0
AAGCGGCUUCGGCG,0.013916510813741,0.0
CAGGCGCUCCGCAC,0.00578860377846515,0.0565861844556481
CAUCCUCUUCACCC,0.000843005147112683,0.0393140911928519
AGGCCGGUCCGGCC,0.00829865458396821,0.0
AAUGGUCUUCAGAG,0.0184137744749665,0.0
CGGGGUGUCCACAG,0.00653687037446686,0.0
AAGGGGCUUUACCG,0.534367470618795,0.0280195741499855
AAGCCUGCUCAGCG,0.0223769982724696,0.0210672510262498
AGGGCGGCCCGCAG,0.273675909456752,0.0368369241255907
CAUGCUCCUCGGAG,0.00492237382984793,0.0
CGUCGUCCUUGGCG,0.00359527870595677,0.0
CGGCCGCCCUGCCC,0.00223177998643414,0.0
CGGCGUGUCUGGAG,0.0103005230143114,0.0
CGUCGGGUUCGCAG,0.00838008652011776,0.0
AAGCCGGCUCGCCG,0.457088738325661,0.031091632852028
CAGCCGCCCCGCAC,0.00515625018332682,0.0210949443020766
AAGCCUGUUCACAG,0.0176246172964117,0.0246072031186845
AGUCGUGCCUGCCG,0.0134040572212208,0.0
AAUCGGGCUUGCCG,0.0143336855466756,0.0382952985241087
CAUCCUCCUCGGCG,0.00440576825958666,0.0
CAUGCGCUUUGCCG,0.028417520084499,0.0
CGGCCGGUCUGCCG,0.00843978337301645,0.0
CAGGGGCUUUGGCG,0.00512083144140053,0.0
CGGCCGGCCCACAC,0.00573583918536656,0.0300986501522587
CGUGGUGCCCGGAG,0.00441450986327632,0.0
CAGCCGCUCUGGAC,0.00234360523628369,0.0368122808264999
CAGGCUCCUUGCAC,0.00456315258889576,0.0200543189174333
AAUGCUCCUUAGCC,0.00111706474218441,0.0284784663033431
AAGGCGGUUCGGAG,0.176735289613974,0.0
AGGGGUGCCUGCCC,0.0177189292443228,0.0
AGUCGUCCUCAGCC,0.000824614490096369,0.0422956909573838
AGGGCGGUCCACAG,0.1828860908683,0.0214168480672885
AGGGCUGCUCACAC,0.0413328923494909,0.0310209780724746
CGUCGUCUCUAGCG,0.00371714526168629,0.0
CAGGCGGUUCAGCG,0.00404842855754121,0.0234770457008303
AGGCCGGUUUAGAG,0.0419650937620095,0.0
AGUGCUGCCUACCG,0.0125039854117027,0.0158270228051362
CGGCGGGCUCGGCC,0.00313368024097361,0.0
CGUGGGGCUUGGCG,0.00373693393077344,0.0
CAGGCUCCCCAGCC,0.000658780702673543,0.0295263432395182
AAGGCGCUUUGCCC,0.0813326452416562,0.0223441616810571
AGUCCGCUCUACAC,0.0103779497644861,0.034088689813564
AGGGGUCUCCGGAG,0.0137041740973012,0.0
AAUCCGGCUUACCC,0.00148011551688995,0.0286383210541801
CAGCGUGUCUACAC,0.00451495978830895,0.0232274218886024
AGUCCUGUCCGCCC,0.0111056213648553,0.0
AGGGCUCCCCAGAG,0.0406355632914585,0.0283855513659364
AAGGGUCCCCACCG,0.0358306536755495,0.0372681993508298
CAUGGGGCUUAGCG,0.00220064418475471,0.0429071364060041
AGGCGUGUUCAGAC,0.00991670124419639,0.0
CAUCCUGUCCAGCG,0.00303522078155043,0.0
CGGCCGCCCCGCAC,0.00654386167968019,0.0
AAGCCGGUUUGCCC,0.010397781171528,0.0395845434549738
CAUCGGCUUCGCAC,0.00350348999340273,0.0267316381188904
AAGGGUGUUUACAG,0.0280626444072825,0.0413742655694776
CGUGCUGUUCGCAG,0.0063322887383062,0.0
CAUCGUCUUUACAG,0.00330475113375824,0.0292692110108939
CGGGCGGUCUGGCC,0.00207089049083538,0.0636093355699932
CGUCCGGUCUACCC,0.000614605011456835,0.0249951379286867
CAUCGGGUUCGCAG,0.00496051503057628,0.0
AGUGGGGUUCGGAC,0.00618031380858685,0.0
AAGCCGCUUCACCC,0.00279216518498307,0.0376219385881164
CGUGCUCCCCGGAC,0.00175189997723721,0.0
CGGCCGCUCUAGAG,0.00815028883507391,0.0
AAUCCGCUUCAGCG,0.0105948236718631,0.0412064229739177
AAUCGGGCCCGCAC,0.00550087127571895,0.0822851859947282
AGUCCUCCCCGCAG,0.0112633979917361,0.0357249436223337
CAUCGUGCUCACCG,0.00255881770808007,0.0334856057112501
AAGCCGCUUCGGCG,0.0195709937271916,0.0329496595774498
AAUGGGCCUCGGCG,0.0242565699855814,0.0
AGGCGUGUCUGGCC,0.00901295763752249,0.0
CAGCCGCCUCGCCG,0.0428650680619658,0.0201935775060672
CGUCCUCUCUGCAG,0.00476446009971059,0.065016800695878
AGGCCUGUUUGGCG,0.0155473519247263,0.0
CGGCGUGUUCACCG,0.0046781542023331,0.0396007578786748
AAUGCUCCUCAGCC,0.00143671032326956,0.0214512685125318
AGGCCGCCUUACCG,0.0256855595165382,0.0288835513811155
CAGCCGCCUUGCCC,0.00416965171619326,0.0
AGUGGUCUUUGCAG,0.00949900321705632,0.0
CGUCGUGCCUACAC,0.00306328597469087,0.0490465230021701
CGUCCUGUUCACAC,0.00373820305420043,0.0127117409265954
CAUCGGGCUCAGCG,0.00317626034744711,0.0
AAGGGUGUUUGGCG,0.0299971328758239,0.100684649730495
CGUCCGGUCUACAG,0.00439174161756315,0.0476262475522303
AAGCCGCCCUGGAG,0.0513941885135117,0.0
AAGCGGGCUUGGAG,0.0357669224667154,0.0
AGUCGUGUCUGCAG,0.00901151901698977,0.0
AAGGGGGUUCAGCC,0.00727804921812024,0.023077071255924
CGUCGGCUUUGGCC,0.000672335393402753,0.0
CAGCCGCUCCGCAC,0.00671773240063788,0.0
AAUGGUCUUCAGAC,0.00591470283777756,0.0499748661217636
CGUCGGGCCUGCAC,0.00235723507442896,0.0327082097751581
AGUCCUGUCCGGCG,0.0065903820233746,0.0
AAGGGUGUCCGGCG,0.0234695461085576,0.0
CGUGGUCCUUGCAC,0.00304285858432975,0.0
AGUCCUGCUUACCC,0.0010858905958327,0.0374886536842932
AGUCCGGCUCACAG,0.010318754028496,0.0
AAUGGGCCUUACAG,0.0164774651296039,0.0108613974711412
CGUCGUGCUCGGAC,0.00191688877485581,0.66324974040964
CAGGGGGUUCACCC,0.00708853196683796,0.0464434703295092
CGUCGGCUUUGCAC,0.00256844210226986,0.0
CGUGGUCCUUACAG,0.00457314000493542,0.0
CAGCCUCCUCAGAG,0.00556228242772816,0.0321138821713059
AGGCCUCCUCAGCC,0.00172955820465937,0.0449592466167409
CGUGCGGCCCGGAG,0.00824041841144913,0.0
CGGGCUGCCUACCC,0.00215892880890364,0.0266138504109387
AGUGGGGCUUGGCG,0.0156356657037752,0.0
AAGGCUCUCUGGCC,0.00743939985806613,0.0581775907185741
CAGGGGGCCUAGCC,0.000470742394529191,0.0222643622571973
CGGGGGCCCCGGCG,0.00534513626688592,0.0566432795122556
CAGGGGGUCUAGAC,0.00192405995927703,0.0
CGGCCUGCUUACAC,0.00569772003512037,0.066737470175176
AGUGGGCUUCGCCC,0.0853605679926249,0.0268717978511074
AAGGCGGUCUGCCG,1.83607548119045,0.0355592589861574
CGGGGGCCUUGGAC,0.00186767724984767,0.0
AAGGGUCCCCACAG,0.0267444072882794,0.0216191406164307
CAUGGGCUCUACAG,0.00302629038639864,0.0
AGGCGGGCCUGCAC,0.0187949269247435,0.0
CAGGCUGCUUGGCG,0.00563568845380716,0.0
AGUCGGGUCCAGAC,0.00476651653211273,0.0399863832284774
CAGGCUGCCCAGAG,0.0113638028093371,0.0
CAGCCUGCUUACAC,0.00396873092610234,0.0412097376630908
CGGGGUGCCCGGAC,0.0035655656588001,0.0
AGGGGUCCCUGGAG,0.0260674622025544,0.0
CAUCGGGCCCGCAC,0.00282310630762609,0.0
AAUCGGGUCUAGCC,0.000862369368640026,0.0327517807860519
AGUCGGCCUCAGAC,0.00401449670420097,0.0496830960252797
CAGCCUCCUCAGCC,0.000969992259304731,0.0211323908741342
AGGCCUCUUCGCAC,0.0203023308612078,0.0637999881434435
CGUCCGGUCUGGCG,0.00353160789062105,0.0
AGGCCUCCUCAGAG,0.029702403677089,0.0
AGGCCGGCCCACCC,0.00515775279662066,0.00974233448448948
AGGGCGCCCCGGCC,0.0299474153321348,0.0384235978395633
CAGGGGCCUCAGCG,0.00285486576944874,0.0
AAUCGUGCCUACAG,0.0141185013052448,0.0108260081613093
AGUGGGCCCCGCAG,0.00833572574183066,0.0307715855199309
AGGGGGGCUCGCAG,0.0591160451256133,0.0
CGUCGUGCUCAGCC,0.000382945433922765,0.0693569475915132
AAUCCGCCCUAGCC,0.000920575221831003,0.0315917493365915
AGGGGUGCCUGGCC,0.013730923438987,0.0
CGUGCGCCCCACCG,0.00399518966518147,0.048538573963926
CGUGCGGUUCGCCC,0.00136879433344541,0.0389726399779104
CAUGCGCCUUGGCG,0.0046753672642881,0.0421328114766996
CAGCCGCUCUGGAG,0.00546375568585214,0.027189958068023
CAGCGUCUCCACCC,0.00405701581299873,0.0323274688713396
AAGGGGCUUCGGAC,0.023948716008274,0.0317229688659749
CGGGGGGUCCGGAC,0.00157852170868668,0.0
AAUCGUGCCCAGAC,0.00451148765432312,0.0593393982060787
AGGCGUCCUCACCC,0.0147225309835126,0.0244406508604092
AAGCCGCCCCACAC,0.0199384392850121,0.0314677959268458
CGUGCUGCCUACCC,0.00103712822499347,0.0474837959733374
CAGGGUCCUUAGCG,0.00506179075733953,0.0
AAGCCUGUUCGGAG,0.0193061231353951,0.0
AGUCGGCUUUGCCG,0.0166123328613788,0.0
CGGGCUGUCUACAG,0.00552710991011832,0.0215679019761401
CGUGCUCUUCAGAC,0.00178885359953421,0.0
CAUCGUGUUUGCAG,0.0032546190364547,0.0
CAUGCUGUCCGCCG,0.00504264410252857,0.045674655778223
AGGCGGGCCCAGAG,0.0184185589741053,0.0
AAGCCGCUUUGGCC,0.00440694753374608,0.0275147304668583
CGGCCUGUCCACCG,0.00373151022405243,0.0351119733885431
AGGGGGGCUUACAG,0.0574565437589503,0.0
AAUCGUGCUCGCCG,0.0119263352954892,0.0162644931048519
CGGGCUCUUUAGCG,0.00670576558988371,0.0369336081791813
AAGGGUGCCCACCC,0.018813030712931,0.0440380041025713
AGGGCUGUUUACAC,0.0248445532654414,0.0177124149085574
CAUGGGGUCUGCCC,0.00240345537000599,0.0
AGUCCGGCCUGCCG,0.0133906799186048,0.0
CAGCCUCCCUGCAG,0.00468478597735446,0.0317252388591454
CAGGCGCCUCGCCG,0.139400411460347,0.0226775378915352
CAUCGUCCCCGGCG,0.00270518786234441,0.0610842400641141
CGGCGUGCCCGCCG,0.00610673864419891,0.0559478961531825
AAUGCGCCUUGCAG,0.195704428970839,0.0771916507648774
CGUCGGCUCUGGAG,0.00474908324238779,0.0
AGGGCGCUCUGGCC,0.0451457208684392,0.0360369869818749
CAGGGUGCCCAGCG,0.00526778425295657,0.0
AGUCGGCUUUACAG,0.0115570407153479,0.014687620091899
CGUCGGGUCUAGAG,0.00658463340354113,0.0
AGGGCUGCUCAGAG,0.0229448776127176,0.068653513086584
AAGGGUCUUCACAG,0.0361791403850983,0.0787296294130781
CAGGCGCUCUACCG,0.0576726540442194,0.0396135396713704
AAGGCGGUCUAGAG,0.0735957221544588,0.0
CAUCCUGUCUAGCG,0.00355618984809637,0.0
CGUGGGGUUUAGCC,0.000625807689425511,0.0205898990605475
AGUGGGCCUCGGAG,0.0273040729453986,0.0
AGGGGUCUUUACCC,0.0168095362586054,0.0602090024454654
CAGCGUCCUUAGCC,0.000716491129641706,0.481993302080727
AAUCGGGUUUGCCG,0.0234743498168255,0.0
AAGGCGGUCUAGCC,0.0146510814688792,0.0420096753921498
CGGGCUCUUCGCCC,0.00309015690429342,0.0
AGGGGGGCCUGGAC,0.0252719762667957,0.0
CGUCCGGCUCGCCG,0.00770006310578034,0.0
AGGCCGGUUUGCAC,0.0397118036211325,0.0792640818523174
CAGCCGGUCUGGCC,0.00347898459423763,0.032066396295977
CGUGGGGCUUACCG,0.00405303188171819,0.0460194844665975
CAUCGUCUUCACAG,0.00510866794629031,0.0250998909106952
AAGCCUGUUCGGCC,0.010709721873784,0.0296228529977759
CAGCGGGCUCGCAG,0.00691131866766701,0.0
AGGCCUGUCCACCG,0.0279765350266565,0.0590505921609244
AGUGGGCCUUGCAC,0.0562856970517042,0.0
AAUGGGCUCUGCCG,0.024948287170173,0.0493341707509482
CGUGCUCUUCGGAC,0.00231960364024082,0.0406296196492676
CGGCCGCCCCGGAG,0.00573886282225922,0.0229329645476023
CAUCCUCCUUACCC,0.000356091885534875,0.0344580333254734
CGUGGGCUUUACCC,0.0042879470804989,0.0251476901564828
AGGGGGCCUCAGCC,0.00584642327327692,0.0167802147121591
CAGCCUCCCCGGAC,0.00240161926964694,0.0
AAUCCUGUUUGCCG,0.0144436222711789,0.0347247693011637
CAUGCUGUUCGGAC,0.00292921123219481,0.027835534916149
AGGCCUCCUCGGAC,0.0105065334745976,0.0
AAGCCUCUCUGCCG,0.0204901173192379,0.0236376092466092
AAUCCUCCCCGCCC,0.00873203428258672,0.0398093966561148
AAUGCGGCUUGCCC,0.0130264982471783,0.0384073761385457
CAGCCUCUUCAGAC,0.00209759513248671,0.0251139285741613
AAGGGGGCCCAGAC,0.0160107458396947,0.0874983954350154
CGUGCUCCCCGCAC,0.00404097441330678,0.0695207786481487
CAUGCGGUUCAGCG,0.0032260875599075,0.0206544626244249
AGGGGUCUUUGCAC,0.0246609594898733,0.0
AGUCGGCUUUGCAC,0.0116254230005388,0.0
AGGGCUCUUCAGCC,0.00780226933493793,0.0229409982948979
CGUGCGGUUUGCAG,0.00452218083555135,0.0
AGUGGUGUUCAGCG,0.0074656003086027,0.0
AGGCGUCUUCGCAG,0.0225044035421369,0.0
AAUGGUGUCUGCCG,0.0151273960082271,0.0
AGUGGGGCUUACAG,0.0127599175542453,0.0
CGGCGUCUUUACAG,0.00577670147823016,0.0142065587007268
CGUGGGCCCUACAG,0.0049353585090154,0.0
AGGGGUGUCCGCCG,0.0226158736072463,0.0
AGGGGUCCUUGGCC,0.0104499199129922,0.0
CAUGCUCUUUGCCC,0.00159888715446028,0.0369640656334907
CGUGGGCUCCGCCG,0.00354080478616955,0.0
AGUGGUCCUCAGCG,0.0110303358556841,0.0
CGGGCUGUUUGCAG,0.00548451688973932,0.0
CGGGCUCUUCAGAC,0.00278310114424735,0.0
CAGCCUCUUUGCCC,0.00231849856673326,0.0
AAGGGGCUUCAGCC,0.0061673299560478,0.0289746255046282
AGGGCUGUCUGGAC,0.0205898498079551,0.0
CGUCGUGUCCAGAC,0.00200531458682871,0.0795172222873118
CAUGCGCCCUGGCG,0.00402762023480941,0.0
AAUCGGCUCCACCC,0.0016811981921349,0.0347784169975113
CGUCCGCUCCGCCC,0.00141007159710476,0.0313014204934363
CGGGCGCCCCGCAC,0.0062749104485142,0.0
AGGGGGGCUCGCCG,0.547758923849938,0.0
AAGCCGGUUCAGAG,0.0367447748255982,0.0
CGUCGUCUUCACAG,0.00330327117355504,0.0
AGGCGGGCCUGGCG,0.0126665837463116,0.0
CGUGGGGCCCGGCC,0.00161225577615309,0.0
AGUGCGCCUCGCCG,2.0073192811512,0.0952788388768743
CAGGGGGCUCAGCC,0.00073930683744439,0.0314643590626797
CGUCGUGUCCACAC,0.00369102074679492,0.0301032317408031
AAUGCGCCCUAGCG,0.030188954243202,0.0181082366965437
CAUGCGGUUUACCC,0.00191644124870194,0.0567074001494488
AGGGGUCUCCGGCG,0.0306118668331567,0.0
AGUGGUGUCCACCG,0.0137026386156097,0.0278443100647315
AGUCGGCUUCGCAG,0.0131219706225793,0.0
AGGCCGCCUCGCCG,0.109644991740828,0.0
CAUGGGGCUUACAG,0.00280314542711447,0.0
AGUCCGCCUUAGCC,0.00103721073085111,0.0348676323463709
CAGGGUGUUCAGAC,0.00278260574320261,0.0792916567472917
AAGGCUGUCCAGCG,0.0254586790410537,0.0244161350575121
AAGCCUGCUCGGCG,0.0215094386094125,0.0
AGUGCUCUUCAGCG,0.0114470160106869,0.0231998473100915
AGUCGGCUCCACAC,0.00847624032063207,0.0274061250593305
AAGCGUGCUCGCAC,0.0247699191226039,0.0339101579336219
AGUGGGCCCUAGAG,0.013133166843247,0.0348268977628206
CGGGGUGCCCACAG,0.00485900533916483,0.029621429312911
CAGGGGGCCCAGAC,0.00151130624554241,0.0367341090831467
CGGGCUGUUCACAC,0.00726907375414101,0.0405274795576268
CGUGGUGCCUGGAG,0.00423594541936851,0.0
CGGGCUCCCUGGCC,0.00222630441134836,0.0
CAUGCUGUCCGCAG,0.00389130869429542,0.0
CAGCGGCUCCAGAG,0.00488931492412648,0.0
AGUGCGGCUUGGAC,0.0098593611248969,0.0
CAGGGUCCUUACAC,0.00502842736397568,0.0169347440068155
CAUCGUCUCCGGCC,0.000829066486517748,0.0
CAGGCGCCUUGGAG,0.00665312470104704,0.0
CGGGGGCUCUAGCC,0.000809648097194784,0.0452994283892392
AGGGGGCCCUGCCC,2.27428551574326,0.0305874175577142
AAUGGUGCCCGGAG,0.0183497976997217,0.0625847023089221
AAUGGUGCUUGGCC,0.00306305026478208,0.0
AAUCCUGUCUGCAC,0.00831295730591611,0.0216143477854261
AGGCCUCCCCGGAC,0.0103071685130303,0.0431672309871116
CAUGCUCUUCGCCC,0.00147210760122397,0.0
AGGGGUGUUCGGAC,0.0138343947561444,0.0372808800969507
CGUGCUCUCUAGCG,0.00330350849456758,0.0
AGUCCUCUCUAGCC,0.00110417790345789,0.0230975173179274
AAGGGUGCUUACAG,0.0204908800070794,0.0278052093310572
CAUCCGCUCCAGAG,0.00569693730959123,0.0
AAGCGUGUUUGGAG,0.018812007820874,0.0
CGGCCUCUUUACAG,0.00568779522743983,0.041244509405263
AAGCGUCUUUGCAG,0.0181806540736904,0.025915846811379
AAGGGUGUCCACAC,0.0181428873160549,0.0411880760643842
AAUCGUGCCUGGAC,0.00492081857745303,0.0
CAGCGUGCUCGGAC,0.00272118294557182,0.0
AAGCGUCUUCGCAG,0.0241402000899503,0.0
CAGGCGCCCUAGCG,0.00552877470225992,0.0513376698387742
CAGCGUGUCUGCCC,0.0045524632965037,0.0
AAGGCUGCCUGCCG,0.0230792530416601,0.0
AGUGGGCUCUGCAG,0.0128713973534205,0.0
CAUGCUGCCCGCCC,0.00122577652514274,0.0
CGUGCGCUUUAGCG,0.00450729892409678,0.0330334870631575
AAUGCUGCCCGCAG,0.0189799801116164,0.0309855458848658
AGUGCUCCUUGCCG,0.0177485935015827,0.0
CGGGGUCUCUAGCC,0.00132960264638787,0.0
CAUGCGGUUUGCCC,0.00254326582626739,0.0306316496478412
AAGCCUCUCUAGCG,0.0220305063653027,0.0333082278686674
AAUCCUCUCCGCAG,0.0131833938517533,0.0464978792341621
AAGGGUCUUUGGAC,0.0105107377697055,0.0
AAGGGUGCCUGCAC,0.0248781159909105,0.025514895526187
AGUGGGGCUCGCCC,0.151442608930573,0.0
CAUGGUCCCCACAG,0.00368014905426249,0.0236520408567278
AAGGCGGCCUAGCC,0.0128980462092247,0.0500568742988859
CGUGCGCUUCAGAG,0.00624571395470946,0.0767399205423107
CGUGGUGCUCAGAG,0.00528393241650173,0.0
CAGCCGGUUCACCC,0.00384872255263418,0.0
AAGGCGCUCCGCAG,0.107698367847859,0.0465599125651298
CAUCGUCCCCGCAG,0.00289702209777508,0.0690336852801202
AAUGCUGUUUAGCC,0.00138171844952502,0.0262467596203291
AGUGCUCUCCGGAC,0.00679975300580284,0.0796225799997881
CAUCGUCCCUGGCC,0.000599186014280508,0.133517654514945
AAUCCGCCCUGCAC,0.00615839780217342,0.0380423892344821
CAUCCGCUUCGGAG,0.00453519430558171,0.0
CGUGCUCUUUAGAC,0.00183296486459798,0.0311547690403825
AAUCCUCUCUAGAG,0.011633531874987,0.0593535701114004
CAUGGUCUUUGGAG,0.00427667284644828,0.0
CGUGGUGCCUACAC,0.00339398528097455,0.0527512500515185
CAUCGUGCCUACCG,0.00242649904565322,0.0
CAGGCGGCUCGCCG,0.0615914835033826,0.0528961231767241
CGGCCGCCUUGGAG,0.00628163042839975,0.0824755521760799
AAGGGUCUCUAGCC,0.00812943634530167,0.0300638695094856
CAGGCGGUCCGGAC,0.00266684773932172,0.0
AAUGCUCUUCGGCC,0.00194370991372387,0.0400093130677705
AAGCGGCCCCAGAC,0.0113506738972339,0.0340554070221166
CGGCGGCUUCGCAG,0.00328329171081176,0.0
AGUGCUCUCUGCAG,0.0156480285791879,0.0387973437316303
AGGGGUGUUCGCAG,0.0241100154071245,0.0
CAUCCUCCCCAGAG,0.00543344809153708,0.0262572744256301
CGGCGGGUCUGCAG,0.00576130948258096,0.0802395514549102
CAGCGUGUUUGCAC,0.00309015690429342,0.0602088474426729
CGUCGGGCCCGGAC,0.0038406235810504,0.0
AGGCCGGUCCAGCG,0.0168755874054826,0.0
AAGCGGCCCCGGCG,0.0322072691433399,0.0
CAGCCUGUUCAGCC,0.00127031854264256,0.0698919627413185
CAUCCUGUCCGCAG,0.00590865166315446,0.0
CAGCGGGUCCGGCG,0.00420261338983905,0.0
CAGCCGCUUUAGAG,0.00510547662448479,0.0262872256290354
CGGCGUCCCCAGCG,0.00449128394785504,0.0259657893546399
CAUCCGGCUCAGCC,0.000413632475672479,0.0328054131511069
AAUGGGGCUCGGAG,0.052611902165406,0.0
AGGGGGGCCUGGCG,0.0990981352066512,0.0
CAUCCGGUUUACCG,0.00544843454178051,0.0
CGUGCUGUUCGGCG,0.00437376054146146,0.0
CAUGCUCCCCAGCC,0.000416388210713561,0.0390093231854237
AGGCGGGCUCAGAC,0.0118043993744008,0.0
CGUCCGCUUUAGAG,0.00560982330317883,0.0320840004262773
CAGGGGGUCCACAC,0.00444656241013839,0.0274895152142158
AGGGCGGCCUAGCG,0.179116731107044,0.0
AAUGGGCUCCAGAC,0.00695100042260727,0.0171932133181269
CGUGGGCUUUGGCC,0.000804071439382473,0.0
AGUGGGGCCUACCG,0.0132263525086489,0.0
CAGGGUCCCUAGCG,0.0055728470667172,0.0
AAUGGUGCUCACAC,0.00886155547763877,0.0276087137911684
CGUCCUGCUCGGAG,0.00604297350172936,0.0
AGUGCUGUCCACAG,0.0136057457837388,0.0196494950711007
AAUGCGGCCCGCAC,0.0276684511430685,0.048289074580502
AGUGGUCUCUACAC,0.00994132528868415,0.0280936020340699
CAGGCUGUUUGGAC,0.00255695336002318,0.0204172024131529
CAUGCUGUUCAGAG,0.0049032009920523,0.102504430506919
AAUGGGCCCUAGAG,0.0133593200124722,0.0570631685069401
AGUCGGGCUUACCG,0.015536622213253,0.0
CAGGCGCUCUGCAC,0.00589117632046583,0.0
CAUCGGGCUCGCAG,0.00326048051319148,0.0
CAUGGUCCCUGCCC,0.00170208072601157,0.0
CGGCCGCCUUAGAC,0.00288828735778179,0.0438802699838611
CGGCGUCUCCGGAG,0.00576130948258096,0.0
CGGCGGGCCUAGAG,0.00838756874022501,0.0
CAGCGGCUCCGGAC,0.00214346143650411,0.0
AGGCCGGUCCGGAG,0.0372326222127061,0.0
AAGGCGCCCCACCC,0.0316840241750598,0.0266631420444601
AGGCGUCCUUGCCC,0.0102057482262862,0.0219080108484818
AAUGGGCUCCGCAC,0.0128132703186476,0.0275829994393891
CAGCGGCUUUGCAC,0.00572161864310579,0.0
AGUGGGCCCUACAG,0.0146672404631135,0.0418195616826043
CGUGGGCCUCAGAC,0.00171371533335446,0.0159186146537866
CAUGCGGUCUGGCG,0.00370388144626111,0.0
AAGCGGCCUCGCAG,0.0265020236198724,0.0
AAUGCGCUUUAGAC,0.0117887951320091,0.0266085190378207
AAGCGGGCCUACAC,0.0241907561949837,0.038731945906158
CAGCCUGUCUACAC,0.0045446712553374,0.0320590797122242
AAUGCUGUUUAGAG,0.0180315749030748,0.0
CAGGCUCCCCGGAC,0.00237609674314195,0.0462332028258328
CAUGGGGCUUGGAG,0.00572919601233963,0.0
AAGGGUGCCCGGCG,0.0384552859200959,0.0
AGUGCGGCUCGCCG,1.15632992203296,0.0365649013188175
AGUCCGGUUUGCCG,0.0160438449374426,0.0
CAGGCGGUUUGGAG,0.00688162601381656,0.0
CAUCCUGCUCGGCC,0.000730370948232574,0.0573580705784734
AAGGGUGUCUGCAC,0.0168413551283991,0.0212736196315957
AGUCCGCUUUGCCC,0.00522693206680916,0.0480998374425579
CGUCCGCUUCACCG,0.00540396897056239,0.0
AAUGCUGCUCAGCG,0.0125820119924066,0.0283922175207158
CGGCGGGUUUAGAC,0.00293066493503957,0.116584312134945
CGUGCGGCCCGGCC,0.000814730633900338,0.0
CAGGCUCCUUACAG,0.00525706833630235,0.0262106875192598
CGUCCUCCUCAGAG,0.00489847094458365,0.0
CGGGCUGCUCACCC,0.00220609626763205,0.029971166716815
CAUCGGCCCCACAC,0.00309833192255875,0.0333883447294844
AAGCGUGCCCGCAG,0.0215727934828031,0.0304986260320653
AAUCGUCUCCACCG,0.0119213406062692,0.0222637461546779
AAGGCUGCUUGCCC,0.0120463743726692,0.0213178426526769
CGGGCUCCCUAGCC,0.000775644564632829,0.051429456314663
CAGGGUCUUUGGCG,0.00236975222721888,0.0
AGUGGGCCCCACCC,0.010553720228071,0.031033497062606
CGUCGUCUUCGGAC,0.00281687772228108,0.924219526273986
AGGGGGCUUUACAG,0.114861132132586,0.0176786469069267
CAUCCGGUCUAGAG,0.00391577134437182,0.0
CGUCGGGCUCAGAC,0.00336688737333462,0.0
CGUCGGGCUCAGAG,0.00416729731093284,0.0
AGGGCUGUCCACCG,0.0326253300371659,0.0416005895151861
AAUCCUGUCUACCG,0.0149081228212009,0.0143105360852865
AGUCCGGUUUACAG,0.0137381674419792,0.0337414903738895
CGGCGUGCUUGGAC,0.00247734097812553,0.0
CAGCGGCUCUGGAG,0.0093563084046662,0.0
AAGGCUGCCCGGAG,0.0397305887694869,0.029357557733885
CAUGGUCUUCGCCC,0.00304555670155104,0.0
CGUCCUCCUUGCAG,0.00564094096711018,0.0176353097268715
AAUCCUGUUCACAC,0.00697544190091966,0.0347039805751931
CGGGGGGCUCGCCG,0.0107125439348838,0.0
AGUGCGCUCUGGCC,0.00435639954235846,0.0333572309815682
CAUCCGCCUUACCC,0.000360191399115563,0.0536452551417349
AGGCGUCUUCAGAG,0.0175651024033521,0.0
CGUCGUGCCCGCAC,0.00375599181737322,0.0180488492747936
AAGCGGCUCCAGAC,0.00953213722493738,0.0232916379203468
AGUGCGCCCCGCCC,0.0087756721753348,0.0817251841379816
AGUCCUCUCUACCG,0.0103637392205364,0.0247216365924139
CGGCGUCCUUGCCG,0.00367412356337249,0.0
CGGCCGCUCCAGCC,0.000819680473990659,0.0362793515088979
AAGCGUCCCUGCCG,0.0196334211393996,0.0208128498649403
AGGGGGCUCUGCCG,0.10975536011845,0.0
CAGGCGCUCCGCCC,0.00147305632552949,0.0634042159021266
AGUCCUCUCUGCAC,0.0103861728774501,0.0287067100962276
CGUCGGGCCCGCAG,0.0030018667070279,0.0687335894212961
CGGGCGCUCUGGAC,0.00434716988231109,0.0
AGGCCGGCCCGGCG,0.0191659169794378,0.0
CGGGCUCUCUACCC,0.00171539241316843,0.0
CAUGGUGCCUAGAC,0.00182325960513625,0.0
CAGCGGCCUCAGCG,0.00413643050181009,0.0365778241433016
AAUCCUGCCUACAG,0.0125960681432151,0.020036906108342
AGUGCUCUCCACAC,0.00985368342439481,0.0410348406094945
CGUCGGGUUUAGCG,0.00277205251708675,0.0
CGGCGUCUCCAGAC,0.00202585108214961,0.0399977776877085
CGUGGUGCUCAGAC,0.00179915801983306,0.106757228291075
CAUCGGCUCCGCCG,0.00321376318046516,0.0
AAGGCUGUUUACCC,0.00967299616133533,0.0275706629238388
AGUCGGCCCCAGAG,0.0132435295898289,0.0395321037615955
AGUCCGCUUCAGAC,0.00586966311450444,0.0300630844753675
CGUCCUCCUCACAG,0.00383292856385753,0.0
AAUCGUCCCUGCCG,0.0106240105139344,0.0505923557043381
AAGCCGCUCUAGCG,0.0152341847384559,0.0
CGUGGGCUCCGGAG,0.00651438482526722,0.0
CGUGCGGUCUGCCC,0.00169386378457565,0.0302477841618777
AAUGCUGCUUGCCG,0.0238094056560313,0.0
CAGCCUGUCUGCCC,0.00168067866240927,0.039893057653396
CAUGCGCUCUGGAG,0.00413471698461796,0.0
CGUGGGCCCCGCAC,0.00301524400964388,0.0
AAUGGUGCUCACAG,0.0125031132381209,0.0372321586505174
CGUGGGCCUCGCAG,0.00334766997965121,0.0
CGGGCUGUCCAGCC,0.00201308976752725,0.0
AAGGCGGCCCAGAC,0.0356171842032433,0.0261797253048719
CGUGCUGCCUGGAC,0.00177293850670572,0.0624656158432954
CAUCGUCCCUGCCG,0.00419439579807141,0.0
AAUGGGCUUCGCCC,0.156661264660171,0.0278493991789716
AGGGGGCUUUACAC,0.814971959564417,0.0835518725454638
CAGGGUGUCCGCAG,0.00503581125144113,0.0
AGUCGUCCUUGCAG,0.0132352003259359,0.0
CAUGGUGUCUGCCC,0.00207466364599205,0.0
AGGGGUCUUUAGAG,0.0445183580033166,0.0
CAUGGGCUCUAGCG,0.00350963521709343,0.0764016206845262
CGUCCUGCCCGGCC,0.000966443493972247,0.0
AGUCCGGUCUGCAG,0.0162809759285907,0.0
CAUGGUCCUUGCAC,0.005032541244135,0.0
AAGCGUCUUUAGAG,0.0179483085948001,0.0
AGGCCUGUCUGCAG,0.0228196202163206,0.0
CAGCGGGUUUGGCG,0.00748601390899252,0.0
CAUCGGGCUCGGAC,0.00238538427699843,0.0
CAGCGGCCUCAGAC,0.00263088587815073,0.0276072424696964
CGGCCUGCCCGCCG,0.00458664798373112,0.0364131901663696
CAGCGUGCCCACCC,0.00277120669928175,0.0838636139004708
AGUCGGGUUUGGCC,0.00137340306857485,0.0
CGGGCGGUCUGGAC,0.00323190722100413,0.0643587663691199
AGGCCGGCCUACCC,0.00273654373164157,0.0391080070918006
CGGCGUGCCCGCAG,0.00697777365485612,0.0
AAGGGGCCCCAGCG,0.0554266238389138,0.0225463750690405
CGUGCUCCUUGCCG,0.00415512623289172,0.0
AAUGGUCCUCACAG,0.0139765812276757,0.0327085205338739
AAGCCUCUCCGCCC,0.0137556984526071,0.075780476367215
CAGCGGGCUCGCCC,0.00856056980243449,0.0
CAUCGUCCCCACCC,0.00369615429442607,0.0247600786247707
AGGCCGCUUCGCAG,0.0224216035846406,0.0494149318517132
CGUGGGCUUUACCG,0.0047079449306588,0.0223720017910094
CGUCCGCCCUACCC,0.000364799634545215,0.0409487737021353
CGGGGGGCCCGCAG,0.00534513626688592,0.0
AAUGGUGCUUACCG,0.0171089174945026,0.0279581861793892
CGUGGUGCCCACAC,0.00319083870819271,0.0209402070876823
CAGGGUCUUUGGAC,0.00196594991351757,0.0
CAUGGUCCUCGCCC,0.00218939987082435,0.0
AGGGGUGCUUACCC,0.0174129149979722,0.0292498841983424
CGGGGGCUUUGGCC,0.00102431384849837,0.0
AAUGCUCUCCGCAC,0.0142519525658255,0.0330939074482371
AGUGCGCCUUACAC,0.0210748700872811,0.0425025374555786
AAGGCUGUUUACAG,0.034588807111786,0.0250217236972188
AGUGGUCCCUACAC,0.00854337497069359,0.0
AAGGGGCUUUGCAG,0.0590773228253127,0.0
CAGGGUGUCUAGCG,0.00472064170304121,0.0515497001503441
CAUCGGCCCCGGCG,0.00365830234409625,0.0
CAGGGUGUCCACAG,0.0041627733504118,0.0
AAUCCUGCUUGCCG,0.0101323512099961,0.0
CGUGGGCCCCGGCC,0.000837887271847812,0.0
CGUCGUCCCUACAG,0.00378600337426749,0.0476126687706869
CAGGGGCUCUGGAC,0.00234144047373775,0.0
AGGGGGGCCCGCAC,0.0675039447886167,0.0334329481604011
CGUGCGCCUUACAG,0.00454229830668695,0.0299241175275087
AGUCGUCCUCAGAG,0.00884501432750654,0.0
AGUGGUGUUCAGAC,0.00511689948929559,0.0290547409007301
AAUGGUCCCUACAG,0.0132504004223009,0.0191016526012241
AGGCGGCUCUGCCC,0.0280030497761164,0.0
AGUGGGGUCUAGAG,0.0151273960082271,0.0
AGGGGGGUCUGGAC,0.0444051314055315,0.0
CGGGCGGUUCAGCC,0.000752209246439847,0.0378393266594822
CAUCCGCCCCGGCC,0.000989906109223735,0.0323846657386291
CGUGGGCCCUAGCC,0.000362072657819823,0.0234000194056432
AAGCCGGUCCACCG,0.14966506200645,0.0289151186882556
CAGCGUGUCUAGAG,0.00533272791483779,0.0
CGUGCGCUCUAGCG,0.00367785545664371,0.0298362148690453
CGGGCGCUUUACAG,0.0159543656466112,0.0
AAGCCGGUCUGGCC,0.00973479480730778,0.0265103223703308
AAGGCGGCUUGCCG,6.20753216030951,0.138152593770547
AGUGCGGUCCAGCC,0.00189874597090278,0.0240403100151226
AGGCCGCUCCGCCG,0.0700659489386531,0.0361807117354792
CAUCCGGCCUAGCC,0.0004347046742325,0.0311855356928674
AGUCCGGUCCACAC,0.00661216803434214,0.0182086024932971
CAGGCUGCCUACAC,0.00440825922984159,0.0352298002374897
AGGGCGCUCUAGCG,0.185145620375531,0.0
CAGCCUCUUCGCCC,0.00181046073634051,0.0253478764475913
CGGCGUCCCCAGCC,0.0013294861099867,0.0
CGGGCGGCCUGCAG,0.0214884757037019,0.0
CAUGCUCUUUGGAG,0.0034318569465951,0.0
AGGGGUGUUUACAC,0.0196594644770078,0.0225474153029084
AAUGCUCUCUGCCG,0.0145511185873057,0.0267515319270358
CAGGCGCUUCAGAG,0.00742721922610876,0.0
AAGGGUGUUUGGAG,0.0237393362180298,0.0
CAGCCGGCCCAGAG,0.00565358251808229,0.0
AGUCCGCCCCAGCC,0.000886599991388899,0.0306165434290276
CGUCCUGCUUAGAC,0.0019594480261752,0.0387036986069092
CAGGCUGUUCAGCG,0.00388115269890778,0.0416750020791976
AGUGGUGCUCACCC,0.0118628842231935,0.0218419177607012
AGUGGGGCUUGGCC,0.00588344283961543,0.0580842712855334
AAGCGUCCCUGCCC,0.0142147217597497,0.0673920958802643
AGGCCGCUCUGGCC,0.003674606642723,0.0
AGGGGGGCUCAGAC,0.0330712536778636,0.0
AGUCCGGUCCGCCC,0.00578395164034019,0.0381955280819752
AAUGGGGUUUAGCG,0.0207633145418619,0.0
CAGCGUGCUCGGAG,0.0122291315786931,0.0
CGGCGUCCCUGGCC,0.0018333945269492,0.519197097649419
CAGCCGGCUCACAG,0.00587565045182552,0.0
CGUCGUCUUCAGAG,0.00329044485179392,0.0
AGGGCUGCCCACAC,0.0220140284363497,0.0473599521091243
AGGGGGGUUUAGCG,0.0810424200549722,0.0567759240125403
CAUCCGGCCUGCAG,0.0089376845847256,0.0
AGGGGGGUCCAGAC,0.0152828412114511,0.013898427555603
AGUCGGGCCUGCCG,0.009120463096167,0.0
CGUGGUGUUUAGCG,0.0053840770602413,0.0
CAUGCUGCCUAGAG,0.00597977265255601,0.0
CAGCGGCCUCACAG,0.00539485586635842,0.0148646934084245
CAUGCUGUUUAGAC,0.00216726699476005,0.0
AGUCCGCUUCGGAC,0.0076455553802275,0.0396165070682158
CAGGGUGUCCAGCG,0.00440954973983444,0.0
AAGGCUCUCCAGAC,0.0158249832090964,0.0409658149126116
CAGCGGGUCUAGAC,0.00288136251886819,0.0
AGUGCGCUCCGCAC,0.0155249482871701,0.022467807931758
AAUCGUGUUCGCCG,0.0114045569727514,0.0
CGUCCUCCCCACCG,0.00426832130135519,0.0
CGUCGUGCCCGGCC,0.00115661827419678,0.0
AGUGCUGUCCGGCG,0.0120049261030104,0.032534910384712
CGUGCUCCUUGGAG,0.00301530881318597,0.0
CAGGCUCUCCACCC,0.00141485161142744,0.0540607637108449
CGGCCGCUCCACCG,0.00570008672210882,0.0207939870599791
CAGCCUCUUUAGCG,0.00509458300437564,0.0555678781323547
CGGCCUCUCUACCC,0.00178531559111506,0.0257172364094046
CGGCCGGCUCGGCG,0.00679834518944553,0.0
AGUGGUGUCUACCG,0.0117294466324669,0.0383465416692673
CAGGCGGUUUAGCC,0.000973991717112835,0.0300125288253229
AGUGGGGUUUGGCC,0.00281170320522522,0.0637611552387849
AGGGCUGUCCACAC,0.0232197001188808,0.0343663355148108
AGGCCUGCUCAGCC,0.00361924084076053,0.0456613233593664
AAGGCUCUCCACAG,0.0289324469777378,0.0415798513095845
AGGCCGCCUCGGAC,0.0140571843489426,0.0
AGUCGUCCCUAGCG,0.010766412394464,0.0
AGUGGGCCCCAGAC,0.00694560594998785,0.0253581468072739
AAGCGUCCUUGCAG,0.0359024336514091,0.0274544365565321
AAUGGUGCUUGCAC,0.00981023611101013,0.040421331513791
CAUGCGGUCCGGCG,0.00300040130956291,0.0
AGUCCGGCUCAGCC,0.000852857197711586,0.0283402251861531
AGUCGGGUUUAGAC,0.00491846136182619,0.0572878726778139
CGGGGGGUCUAGCC,0.000701517796284248,0.0
AAUCCGCUUCAGAC,0.00508237840419606,0.0359823429054078
CAUCCUGUCCACAG,0.00371984925460227,0.0335793169154201
CAUGCGGCCCGCAG,0.00348633086638232,0.0
AGUCCUCUUUGCAG,0.0123606276171737,0.0131791078943122
CGUGGUCCUUGCCC,0.00196065127720686,0.0
CAUGGGCCCCGGCC,0.000909612825466584,0.0987625494730684
AGUCCGCCUCACCC,0.00112783887013562,0.0264348872256082
CGUGGGGUUUGGAC,0.0022359671909115,0.0688981069823
AGGGGGCCCUGGCC,0.019890817246908,0.0
AGGGCGCUCCAGAC,0.0454070640641613,0.0270385460614383
CGUCGUGUCCAGAG,0.004433703384421,0.0
AAUCCGCUUUGCAC,0.0102437131631439,0.0543360330900387
CAGGGUGUCCGGCG,0.00335365865582232,0.0
CGGGCUGCUUACCG,0.00931008810908916,0.0
AAGCGGGCCCACAC,0.0235250654649435,0.0418161123533762
AGGCGUGCUUGGCC,0.0114201450810844,0.0
AGGGCGCUUUGGAC,0.104896960812088,0.0
AAGGGGCUCCAGCG,0.0338275147107676,0.028694697700827
CGGGCUCUCUAGAC,0.00219409514613788,0.0282051990979465
CGGCGUGCCUAGAG,0.00504725627701259,0.0
CAUGCGGCCUACCC,0.00036221002285571,0.0
AAUCGUGCCUGCAG,0.00992103006115257,0.0173501336368777
AGUGCGGUUCACAC,0.0153939104680138,0.0313960715226948
CAGCGUCUCUACCG,0.00493714723789409,0.0283260932415923
CAGCGUCUUCGCAC,0.00611724938196862,0.0
AGUGGGCUUUACCC,0.222989429243651,0.0
CGUGCGGUCCAGAG,0.00399902658202678,0.0774393674924366
CAGCGUCUUUACCG,0.00629133740993871,0.0135376842478324
AGGGCGGUUCAGCG,0.101846421304004,0.0455598914306846
AAGCCGGCUUACAC,0.0233527571767317,0.0285696270486443
CGGCGUCCUCGGCG,0.00286798876084749,0.0
AGGGCUGCCCGCCG,0.0457774406519747,0.0412511126776306
AGGCCUGCCCGCCC,0.013026906800999,0.0
CGGGGUGCCCAGAC,0.00231516517274047,0.0
CAGGCGGCCCAGAG,0.00489379950557489,0.0536140995377846
CGGGGGGUUUACCC,0.00580426296838183,0.0302350153791886
AGUGGUGUCCGGAC,0.00780865996174746,0.0552266541325062
CAUCGGGUUUAGAG,0.00324907925937137,0.0
AAGCCGCUUUGCCG,0.0525326673729882,0.0401611846094115
AGUGCUGCUCACAC,0.0150370028277298,0.0228128587066954
CAGGCUGUCUGGCC,0.000953450310660155,0.0
CGUGCUGUUCGCAC,0.00339449053880717,0.0
CAGGCGGUUCACCG,0.0287996349049884,0.0226532979862741
AAUGGUCCCCGGCC,0.00605482520333635,0.0584584516892545
AGUGCGCUUCGCAC,0.0244628449008873,0.0
CGUGCGCCCCGCCG,0.0174172480060174,0.0
AAGGGGGUUCGGCC,0.010858576666226,0.0461318789195593
CAUGCUCUUUAGCG,0.00327886877631134,0.0233464600279801
AAGGGUCCUCAGCC,0.015565976756149,0.0364691009404397
CGGCCGGCUUAGCC,0.000780260554477035,0.0300796637145378
CAGGCGCCCCAGCG,0.00533023347060278,0.043434263712866
AGUGCGGCCUACAG,0.0168936834366983,0.0270262792622262
AAGGCGCUUUGCCG,6.51359805610532,0.0897595888203393
CAUGGGCCCCGGCG,0.00419906488430302,0.0
CGGGCGGCCUACAG,0.00975205360705587,0.0421015538740022
AGGGGGCUUUGGAG,0.0862114660387685,0.0
CGUGGUGUUCAGAC,0.0017420002156556,0.0263665475130407
CGUGCUCCCCAGCC,0.000472294723363624,0.0881756812044788
AGUGCUGCCCAGCG,0.0128848506634377,0.0187573869304137
AGUCGGCUCCGCAC,0.0161013438697394,0.0
AGUCCGCUCUGGAG,0.0121944901492009,0.0
AGGCGUCCCUGGCG,0.0221804595574839,0.155893169926843
AGUGCUCUCCGCCC,0.00792378754836329,0.0273995060034642
CAUCGUGCCUGCAG,0.00381215618099749,0.0
AAGGCGCUUCACAG,0.894804688401874,0.0727019749405414
AGGGGUCCCUACCG,0.0162487920736747,0.0
AGGCCGGUUCAGAC,0.0142662243748213,0.0410619964483349
CGUCGUCCCCGGAG,0.00461071030164416,0.0
CAUGGUGCUUACAC,0.00295947862724619,0.0259028026997689
AGUCCUGUCUACAC,0.00817396342426003,0.0201045596384232
CGUGCGGUUCACAG,0.00427867879056012,0.0241722621519646
AGUCCUGCUUAGCC,0.00106176428790621,0.0208644005725975
CAUGGGCCUCAGAC,0.00158647640548858,0.0
CGUGCUGCUCGGAG,0.00303464510361749,0.0
AGUGCGGCUCGCAC,0.0166071012985575,0.0174060418061217
AGGGGGGUUCGCAC,0.0526744176896989,0.0
AAUCCUCUUUGGAC,0.00469219118957809,0.042123310271318
CAGCGGCUUCGGAC,0.00335942368848497,0.0
AAGGGGGCCCGGAC,0.0259646319769033,0.0587833356279378
AAUCGGGUCCACAC,0.00797420211088045,0.0185257593357983
AAUCCUGCCUGCAC,0.00538489037663389,0.0860842449191985
AAUCCUCCCCGGCC,0.00301496614282397,0.0940944501389027
AAUCCUCUCCAGAG,0.0167466567716547,0.039033570306
AGGCCGCCCUGCCC,0.0103445252485473,0.0207341219217048
AGGGGGGCUCGCCC,1.83647482689368,0.0
AGGCGUGCUCACAC,0.0216678859122479,0.0241084338287416
CGUGGUCCUCACAC,0.00242611303484289,0.0248726594164763
CAUGCGGUCUAGAC,0.00194469258029296,0.0612545869344536
CGUCCGCCUUACCG,0.00379899349553314,0.0253195258721335
CGUCCUCUUUGCCG,0.00474950160852816,0.0346718359131208
AGGCGUCUUUGGAC,0.00644833762171434,0.0
AGGGGUGUUCGGAG,0.0388476867968316,0.0
AAUCCGCCUCAGAC,0.00547041289814106,0.0319975431259744
CGGGCUCUCUGCAG,0.00944214609645213,0.0
CGGCCUGUCUAGAC,0.0024004382279397,0.0
CAUGGUGUCCAGAC,0.00170206503284611,0.0
CAGCGUCCUUGCCG,0.00512786906582025,0.0219856385676666
CGGGGUCCUCACAG,0.00389835178695478,0.0387812678595622
AGGGCUGUCCGCAG,0.0223083929940087,0.0
CGGGGUCUUUGCCG,0.00698644169666339,0.0
AAUGGGCCCUGCCC,0.57428339534026,0.0
CGGGGGGCCCGCCG,0.00859869747281649,0.0
CAGCCGCCCCGGCC,0.00375173521171668,0.0276950831813904
AGGCGGCCUUACAG,0.0180507786064588,0.0
AAGGCGCUCCGGCC,0.0282641662796681,0.0331155237876018
AAGGCGCUCUGGAC,0.137930741821545,0.0331661934849607
AAUCCGGCCCAGAG,0.00991315291804671,0.0212830217452479
CAUCCUGUCCAGCC,0.0003709142405385,0.0864147446518911
CGGGCUGUCCACCC,0.00205308550711147,0.0158884679622936
AAGGCUGCCCAGCG,0.0177519651948771,0.0226157340266281
AGGGCGGUUCACAG,0.501691149299746,0.0
AAUGGGCUCCGGCG,0.0160073966346628,0.0
CGUCCGGUCCGCCG,0.00435181859894577,0.0
CGGCCUCUUCACAG,0.00507970997966042,0.0325632533532211
CGUGGGCUCUGCCG,0.00313494178696434,0.0
AGUCCUCCCUACCG,0.010327899819665,0.0193562176405046
CAUCCGCCUUGGAC,0.00351372981329314,0.031922451944209
AGGCGGCUCCAGCG,0.0197770041874779,0.0
CAGGGGGCUCGGAG,0.00594855204076484,0.0
AGGCGUCCCUAGCG,0.0174661042416584,0.0
AAUCGGCUUCGGAG,0.0134949890124206,0.0
CGGGGUCCUCGCCG,0.00351751902935528,0.0
CGGGCGGUCCAGCC,0.000458904689740778,0.0
CAUGGUCUCUGGCG,0.00239782666890528,0.0
AAUGGUCCUUGCAG,0.0182508905971987,0.0266793383395939
CAGCCGGCUUAGCC,0.000922514485664819,0.0374721905888337
AAGGGGCCUCACAG,0.0394455818169104,0.0
AGGCGGGCUCACCC,0.00461879835163006,0.0
CAUGGUGUCCGGAC,0.00213539081758482,0.0
AGUGCUCCCCGGAC,0.00612902489731227,0.0290196188015358
AAUCGUCCUCACCC,0.00729788689379972,0.0298824343946358
AGUGGUCUCCGGCG,0.011769862326647,0.0
CGGGGGGCUUAGAC,0.00209570036273895,0.0
CGUGCGGCCCACCG,0.00426791481875997,0.0
CAGCCUCCUUGCAC,0.00501590685914295,0.0431563090154271
AAGGCGCUCCAGAG,0.110502660009268,0.0260422487404164
CAGCCGGCUCAGAG,0.00433281786580644,0.0269049719582584
CGUCCGGUCUGGAG,0.0049896111482169,0.0704427974238163
CAUGCUGUCCAGCG,0.00339917259472276,0.0211005539199655
AGUGGUCUUUAGCG,0.010791331634429,0.0434093944300796
CAUCGUGUUCGGCG,0.00219464204631451,0.0
CAUGGGCUUCGGCG,0.00336580470326795,0.0
AAGGCGGUUUGGAG,0.310830094483239,0.127901947962842
AAUGCUCCUUAGCG,0.0137286405638153,0.0208503982971027
AGGCCUGCCUGCCC,0.00898182968335836,0.024971200016071
CAGGCUCUCUGGCC,0.000755440772377567,0.0
AAUCCUGCUCGCCG,0.0128479641898938,0.023936862287665
AGGGGGGUUCGGAG,0.154851195981815,0.0
AGGGGGCCUUACAG,0.0741000511276959,0.0
CAUCGUCUCCGGAC,0.00174914541752458,1.11160547285595
AGUCGUGUUUACAC,0.00875852855109114,0.0640741076879689
CAUCGGGUCUGGCC,0.000378730079055481,0.0
CGGCGGGCCCGGCC,0.00364045881875664,0.0
CGGGGGGUUCGGAG,0.00388476867968316,0.0
AGUCCGGUCCAGAG,0.0100642724864602,0.0449249973734361
AGUGCUGUCUACCC,0.00672418142374249,0.0
CAUGCUGCCCACCG,0.00343867084086787,0.0197618443681315
AAUGCUCUUCACAG,0.0124408914328696,0.0328058498730847
AAGCGUCUUCACAG,0.0142283048670213,0.0308798670523761
CGUGGUGUUUACAC,0.00272734496006464,0.0
AAGCCUGUUCGCAC,0.0180035228337095,0.0
AAGCGGCCCCGCCC,0.206340077022686,0.0
AGUGCGGCUCACCC,0.00236326380863466,0.0273289561941584
AAUGCUCUCCGGAC,0.00911627126655825,0.0
AAGCGGGUUCGCAC,0.0246035349713267,0.0245270788316577
CGGCGGCUCCACCG,0.0041405058027971,0.0
CGUCCUGUUCACCG,0.00444708927186138,0.0216301333241923
AAGGCUGCCUACCG,0.0234385485948293,0.0193058637473263
AGUCGUGCUUAGCG,0.00816145969844744,0.040027361034534
CAUGGUCCCUACAC,0.00275896014660612,0.029687682873447
AAGCGGCUCCAGCG,0.0161326501294567,0.0167538652563487
AAGCCUGCUCACAC,0.0226989507159413,0.0241388518937275
CGGGCUCCUCGGCG,0.00994533256554206,0.0395756884324724
CGUGCGGUCUAGCG,0.00314114959248308,0.0436816562219255
AGUGGGCUUCAGCG,0.0151833670970571,0.0
AAUCCUCUCUAGAC,0.00545105151174525,0.0327021830209567
CAGGGUCUUUACAG,0.00486594842848014,0.0
CGGCGUGCUUGCAG,0.00556785027800617,0.0
AAGGCGCCCCAGCG,0.086390620294056,0.0326533367069898
AGGCCUGUUUACCC,0.00603473896512977,0.0308186726158132
AAUGCGGUCCAGAG,0.0291357650976237,0.0
AGGGGUCUUCACAC,0.0282728382827208,0.0194321476111041
CAUGGGCUCUAGAC,0.00177387434725436,0.0436975842763652
AAUCCUGUUUAGAC,0.00441153712936165,0.0378006646875163
AAGGCGCUUUACCG,8.75847585893749,0.0782402683234617
CGGCCGCUCCGCCG,0.00642267905598241,0.030571990102336
CGUGGGGCCUGGAG,0.00333199527071639,0.0
CAUCGGCUCUACAG,0.00332983666418322,0.0
CAUGGUGUUCGGAC,0.00176138943544725,0.0
AAUCGGCCCUGCCG,0.0132977149094504,0.0
CAGGGUGUCCAGAG,0.00645870632248716,0.0
CGGGGGGCCCGCCC,0.00791995769544833,0.0
AGGGGGCCUCGCCG,0.790698666646735,0.0
AAUGCUCCUCAGAC,0.00584930334385633,0.0308215879432357
CGGCGGCUUUGCCG,0.0063916065883676,0.0
CGGGCUGUUCACCC,0.00197181440559675,0.0
AGGGCUGUCCACAG,0.0224388986826286,0.034590868388322
CAUCCUCCCUGGAC,0.00234807621401507,0.0303631887142479
AAUCCGGCCCACCG,0.00986220288604284,0.0254660798324233
CAUGCUGUCUGGCC,0.000442232869052265,0.0
CGGGGGCUCCGGAC,0.00229689823537519,0.037210086272525
CAUCCUGCUCGCAC,0.0042881031931825,0.02524902199641
AGGGGGCUUCAGCG,0.0831533130609867,0.0323238439577731
AGUGGUCUUUGGCG,0.0113625645176503,0.0
AAGCGGCCCUACCC,0.00921848676495758,0.0301241729469913
AAUCGGCUCCAGAG,0.00796832912427864,0.0
CAGGCUCCCUGGCC,0.00117848778591685,0.0
AGUCGGGCUCAGAG,0.00799320585910566,0.0
CAGCCGCCCUGGCG,0.00663570535237746,0.0
CAGCGUCCUUAGCG,0.00520335698661092,0.0364865219897205
AGGCCUCCCCGGCC,0.00867050287968761,0.0462695641195011
CGGCCUCUUCAGAC,0.00192295089968259,0.0429151170981505
AAUGCUCUUUGCAC,0.0135852099198039,0.0338134549897587
CGGGCUCUUCGCAG,0.00726299651958016,0.0
AGUCGUCCCUACAC,0.00809264719521007,0.0550562181537595
AGGGGGCUCCACCG,0.0581021362121217,0.0
AGUGCUCUCUACCC,0.00270929146305806,0.0361988947988978
AAGCGGGUCUACCG,0.0177910288715805,0.0
CGUGCUGUCCGCAC,0.00382590854817281,0.0324588729596291
AGUCGGCUUCGCAC,0.0113019627518139,0.0564605523086814
AGGCGGCCUUAGAC,0.00880226512132066,0.0588168685812753
AAUCCUGCCUACAC,0.00955370857537473,0.0273353388121451
CGGCGUCUUCGGCC,0.0013011186965446,0.816128027908369
CAUGCUGCUUGCCC,0.00354876676288114,0.036750936357557
AAUCGUGCUUAGAC,0.00412172733734053,0.0170937865934071
CAGGGGGUUCAGCG,0.00434494788967318,0.0
CGUCCGCCCUACCG,0.00334766997965121,0.0469992740979973
CAUCGUCUCUAGCC,0.000307974649361079,0.0251944444693864
AGUCCGCUUUGCAG,0.0103547362933341,0.0
AAGGCUGCCUGCAG,0.0340114084752805,0.0
CGUGCGGUUCAGAG,0.00295237920792365,0.0
CGUGGUGCUUGCAG,0.00458407381828958,0.0
CGUCGUCUCCGCCG,0.0044421005499218,0.0
CGUCCGGCUCGGAG,0.0164808368228982,0.0
CAUGGUCUCCGCCC,0.00198391730246057,0.0418448870904835
AAUGCGCCUCACAC,0.0351106579541752,0.036156228307144
CAUGGUGUUUGGCG,0.00455852933399313,0.0
CGGGCGGCUUAGCG,0.00621284177600046,0.0
AAUCGGCUCUGCCC,0.00447848826709192,0.0329983637720705
AGGCCUGUUCACCG,0.0198050965229715,0.0423154289017043
CGGCGGCUCCAGCG,0.00497213216179543,0.0313182342909475
CAUGCUCCCCGGCC,0.000598217797748542,0.0
CGUCGUCUCCAGAC,0.00206906157939646,0.113972258304045
CGUGCUGCCCAGAC,0.00151901688789363,0.0461151447477297
CAUGGGGUUUGCAC,0.00345463694941521,0.0
AGUGGUGUCCGCAC,0.0102788377027023,0.0656402738788581
AGGGGUCUUUGCAG,0.0167787858357089,0.0
CGGGCGGUCCACAG,0.00711403028326544,0.0
AGGGCGCUCCACCG,0.785272803661738,0.0309339297673428
AAGGGUGUCCGCAC,0.0122723374199081,0.034092471434602
CAGGGUGCCCACCG,0.00426464458378502,0.0210950708139269
CGGGGGCUCUACCG,0.0062338230190508,0.0
AAGCCGGCUUACCG,0.0352723315111691,0.0278945832671915
CGUCGGGUUCACAC,0.00311009340045015,0.0
CGUGCUCCUCGCCC,0.00166100259133353,0.0343459618200325
CGUCCUGUCUGCAG,0.00455833099909347,0.0
AGUGCGCUCUGCAC,0.0273987799110645,0.0
AAUGGGCCCUAGAC,0.0067905955796542,0.0284058671929826
CAUGCGGUUCACCC,0.00110987997845279,0.0453354949988675
CAGGCUGCCUAGCG,0.00406032244401345,0.0269956265400276
AGGGGUCUCUAGCC,0.00898425523822829,0.0
CGUGCUCCUUACAG,0.00335365865582232,0.0
AAUGGGCUUUAGCC,0.00201534725752442,0.0448208209974775
AGUGCUGUUCACCC,0.00640534474049898,0.0407415421265648
CGGGGGCUCUAGAC,0.00216375766464151,0.0534889172809875
CAGCGUGUUCACAC,0.00608260133730484,0.0177699645669082
CGUGCUCCCUGCAC,0.00472316665046475,0.0544985859815026
AAUCCUCUUUAGAG,0.0084395041503812,0.0324750321373568
AAGCGUCUCCAGAC,0.0109572994817377,0.0355962959412011
CAGCGUGCUCAGCC,0.00179428465410586,0.132276442049425
CGGGCUGUUCGCCG,0.00336747867775565,0.0
AGUCGGCCUUGCAG,0.0101175793623197,0.0
AGGGCGCUCCGGCG,0.129927051657791,0.0
AGUCCUCCUUGGAG,0.00851087907160145,0.0349109844642256
CGUGGUGCCCGCAG,0.00246603654431298,0.0
CAGCGGCCCUGGAC,0.00153026939349993,0.0
CGUGGGCUCCGCAG,0.00480162842051747,0.0497388792125652
CGUCCGCUUUACAG,0.00475609773007529,0.0456270969952771
AAUGGUGCUCGGCC,0.00356314010393017,0.0
CAGCCUGCCCGGAG,0.00795626605243365,0.0
AGUGCUGCCUAGCG,0.0145327881189364,0.0201377437639133
CGUGGGGUCUGCCC,0.00348633086638232,0.0
AAGCGUGUCUAGAG,0.0177067886417795,0.0
AAGCCGGCUCAGAG,0.0298966399683673,0.0150830753853801
CGUCGUGCCCAGAG,0.00342422792097379,0.0
CGGGGUCCUCGCAG,0.00696173279587944,0.0
CAUCCUCCCUGCAC,0.00413627866440524,0.0168565760836124
AAUCGGCCUCGGAC,0.00655923368268625,0.0453329362600211
AAGCGUGUCUGGAC,0.00814096508579371,0.0215547628205816
CAGGCGGUCUGCAG,0.00752568824310916,0.106238944509258
CGGGGUCUCUACCC,0.00253893972677081,0.0423944928047213
CGUCCUGCCUGGAG,0.0030579677698737,0.0
AAUCGGGUCCAGAC,0.00569859780692253,0.0262683753046238
AGUCGUGUUUGCCG,0.00989525653505982,0.0253661242873462
CAGGCUCCUCACCC,0.00118085995876688,0.0411746291597081
CGUCCUGCCUGCCG,0.00435700283823747,0.0
AGUGCUGCCCACCC,0.00825579232639587,0.0272439943963953
CAGCCGGCUCACCC,0.000698572704428035,0.0270137324659138
AGUCCUGCCCGCAC,0.00731771080661946,0.0516431761119132
AGGGCGCCCUACCG,0.202879101289877,0.0108186542656949
AGUCGGCCUCGCCG,0.0139424936515143,0.0
CAUCGGGUUUAGCG,0.00309015690429342,0.0
AGUGGUGCUCAGAC,0.00627158426567568,0.0
AAGCGGCCUCAGCG,0.0189987424486188,0.0
CGUGGUCCUUAGAG,0.00513814324478593,0.0272860868976293
AGGCGUCUUCACAG,0.0160475959407512,0.034353256903623
AGGGGUGCCUGCAC,0.0208159035638906,0.0
CGUGCUGCCUGCAG,0.00455559213725731,0.0
AGUCGGGUCUGGCG,0.00980912191638096,0.0
AAGCGUCUUCGCCG,0.0254483509765341,0.0
AGUCGUCCUCAGCG,0.0114817756535673,0.0267784987831497
CGGGCGGCCUGGAG,0.0045724272892797,0.0
CGGCGUCUUUAGAG,0.014394654946582,0.0
AAUCCUGUCUAGAC,0.00448986507196397,0.0209582897691355
CAGCGUCUCUGCCC,0.00354795792715171,0.0674879854465326
AGUCGUCUCCGGAG,0.0053298119083226,0.0
CGUGGUCCUUGGCG,0.00246300328903092,0.0
AGGCCUCCCCACCC,0.00827641201704899,0.0566455030638261
AGGGGGGCCUAGCG,0.0783420060243403,0.0
CGGCGGGUCUGGCC,0.00190979654170924,0.0
CGUCCUGCCUAGCC,0.000458793703647646,0.050652862004588
CAUCCUCUCUGCCG,0.00272176512748425,0.0405998481911605
AAGGCGCUUCAGCG,0.129752817773719,0.0217912811183145
CAGGCGGUUCAGAC,0.00229372471246522,0.0
AGGGGUGUCCAGAG,0.0314356702362689,0.0
CGGCCUGCUCACAG,0.00436841457956339,0.0305218798973926
AAUGCGGCUUGGAC,0.0101481242590138,0.0
AGUCGGCUUUGGCG,0.00872016879841706,0.0
CAGCGUGUUCAGAC,0.0027217440373582,0.0
CGUCGUGCCCACCC,0.00322382781363945,0.0338431780910368
AAUGGGCUUCGGAC,0.0080673358526021,0.0346528783362173
AGGCGGCCCCACAC,0.0334973008425407,0.0
CGGGGUGCUCGGCG,0.00421385032403649,0.0
AAUGGUGUCCGCCC,0.00882321116094307,0.0288803881023643
AGUCGGGUUCGGAG,0.0332786128154676,0.0
CGUGGUCUCCACAC,0.00269161330355277,0.0334352026411773
CGUCGGCUUCGCCG,0.00473978953741247,0.0
AGGGCGGUCUGGCC,0.0369098661649998,0.0
AGUCGUCUCCGCAG,0.00795335465531259,0.0169360881292205
CGGGGGCCUUGCCG,0.019214044909864,0.0
AGUCCUCCUCGGCG,0.0125547736006895,0.0
CGUCCGCCUCGGAC,0.00277549340751158,0.0
AAUGGUGCUCGCAC,0.00756481828764672,0.0479907412157631
AGGGCGCUUUGCCC,0.104751081501472,0.0497454956968263
AGGCGUGCUUAGAC,0.0107294597498047,0.0270019336687363
AAUGGGGUUUACCC,0.146572263283836,0.0125803854510465
AAUCGUCUCCACAC,0.0069735091636996,0.0276861314994354
AAUGGUGCCUGCCG,0.0159210257895117,0.110227147656479
AAUGCGGUUCACAG,0.0603383234494177,0.0719478777250028
AAUCGUGUCCGGAC,0.00713113131760021,0.0
AGUGCUCCCCGGCC,0.00190624274255729,0.070043085170248
AAUCGGCUUUGCAC,0.0113011452499873,0.0384439362288973
CGGCGUCCCUACCG,0.00496297927053186,0.0
CGGCCGGCCCGGAC,0.00295809891693045,0.0541058356635049
AAUCCUCCUUAGCG,0.011729782188546,0.0390384322313173
AAUCGGGCUCGGAG,0.0118295068992482,0.0
AGUGCUGCCCAGCC,0.00264380090700659,0.0142820359103895
CGGGGGGUCCGCCC,0.00462023459476881,0.0
AGUGGUCUUUGGAC,0.00422070211318126,0.0303243564364981
AGUGCGGCUCACCG,0.0322341274105849,0.101452805513917
CGGGGUCCUUAGAG,0.00491766905199384,0.0
AAGCCGGCUCGCAC,0.0312244212568156,0.0
AAGCCUCUCUAGAG,0.0191215163592944,0.0
CAUCGUCCCCGGCC,0.000949019442619615,0.170018160014644
CGUGGGGUUUGCAC,0.00262908587412901,0.0
CGGCCGGUCUACAG,0.00462361822522099,0.0
AAUGGGGUCCGGAC,0.00794611775389738,0.0581510470595244
AAUGCUCUCCGGCG,0.0164274662373318,0.0236822340200352
AGUCGUCUUUGGAC,0.00437892001631657,0.0375971677374319
CGUCCUGCUCACAG,0.0056253468543464,0.0
AGUCCUCUCCGGAG,0.0112677672485821,0.0
AGUGGUCUCCACCG,0.0120612352527438,0.0256608664637444
AGUGCUCUCCAGCC,0.0019320007681456,0.0326514528594585
CAGGGGCCCCGGAG,0.00629692350308849,0.0
CAUCGUCUCCACAC,0.00287921206172489,0.0375756234849797
AAGCGGGUCCAGCG,0.0203458118300381,0.0
CAGCCUCCCUACAC,0.00545839681100263,0.0205410240517337
CGGCCGCCCCACCC,0.000679058452142105,0.0445255574800364
CGUGGUCUUUGGAG,0.00352134158861343,0.0
CGUCGUGCCCACCG,0.00594107585470607,0.0339644398778872
AAGCGGGCUUAGCG,0.0162412897760538,0.0
CGUGGUCCCUAGAG,0.0034764265173301,0.0
CAUGCUCCUCAGCC,0.000388323663595787,0.042651676121031
CGGGGUGUCCGGAC,0.00268266368614484,0.0
AAGGGUGUCUACAC,0.0241377990356346,0.0201708549241608
CAUCGUGCCUAGAG,0.00446355997286828,0.0
AGUCGUCCCUACCC,0.00527370976955158,0.0363314680434301
CGUCGUGUUUAGAG,0.00323169080830686,0.0
CAUGGUGUUUGCCG,0.00299358950103425,0.0
AAUCCGCUCUGGCG,0.0117968827765255,0.050135441598613
CAGGCUCUCCGGCC,0.00103731642203361,0.0302212593568862
AGGGCGCCUCAGCG,0.123271198917054,0.0387522722014904
CGGGGUGUUCGGCC,0.00141980182089157,0.0
AGUCGUCCUUACCG,0.0092411523361792,0.0513240008527104
CAGGGGCUUUACAC,0.00958121274794889,0.0210734596604858
AGUCGUGCCCGGCC,0.00510547662448479,0.0
CGUGCUCUUCGCCG,0.00410122206652768,0.0
AAGGGUGUCUACCC,0.0199371584987967,0.0233203480814497
AGGGCGGUUCGGCG,0.165666745146842,0.0
CGUCCGCCUCGCAC,0.00521714802023565,0.0
CAGCGGGUCUACCG,0.00372780832898889,0.0462608083451452
CGGGCGCUCCACAG,0.00635761789325942,0.0
AAGGGUGCCCGCCG,0.0235267408007549,0.0
CGUCCGGCCCAGAC,0.00231060734041541,0.0
AGGGGUGCCCGCAC,0.0268875507961201,0.0
AGUGCGCCUCACAG,0.0360518305500899,0.040470258483275
CAUCGGCUUUACAC,0.00279127287584537,0.0483158359118849
CAUGCUGCUCGCAG,0.00354172711093802,0.0
AAGCCUGCUCGCCG,0.0310671131628071,0.0474503593017584
CGGCCUCUUUAGCC,0.0010777059666219,0.0318143618575005
CGGGCUCUCCAGAC,0.00233969022753645,0.0274047635052788
AAUGCUCUUUAGCC,0.00104718952254427,0.0297845061424077
AGGCCUCCUCACAG,0.0174843071294537,0.0281123777882642
CAUCCGCUUCGCCG,0.00471172438872463,0.0
CAUGGUGUUCGGCC,0.000548394042170382,0.0
AAUCGUGCUCAGAG,0.0114227589847422,0.0
CAGGCGCUUCGCAG,0.00565534506808912,0.032316760212436
AGGCGGCUCUGGAC,0.0101014372753793,0.0322284992859885
AAGGCGGCUCACAC,0.101040944358989,0.0371125560576819
CGUCGUCUUUGCCG,0.00730400722832991,0.0
AAUGGUCUUCGGAC,0.00729335610586789,0.0354418291584141
AGUCGUCCCCGCCC,0.0096768216207843,0.033782179726083
CAUGGGGUUCAGAC,0.00172721352796268,0.0441400947739927
AGUCGUCCCCGGAG,0.00618031380858685,0.0
AGGCCGCCUCGCCC,0.0130546735528973,0.0
AAGGCGGUUCAGAG,0.111969904079007,0.0
AAUCCGCCCCGGCG,0.0140859652220708,0.0194251679381768
CAGGGGGUUCACCG,0.00799805316405357,0.0
CGGGCUGCUUGCAC,0.00424283447970446,0.0791562437038567
CAUGGUGUUUGGAG,0.00253834317138388,0.0
AGGCGGGUUCAGAG,0.0249861258261439,0.0
AGUGCGGUCUAGAG,0.0334509484889763,0.0
CAUGCUCUCCAGAG,0.00406556452129851,0.0
AGGCCGGCCUACCG,0.0252888350739115,0.025344935061359
AGUGCGCCCCACCG,0.0211148936297944,0.0466329030922339
CAGGCGCUCCACAG,0.00681239135719232,0.0358003030539055
CGGGGUGCCUGCCC,0.00414628647917852,0.0
AGUGGUGUCCGGCG,0.00950817509013362,0.0
AGUGGUGCCUACAG,0.00943774416354003,0.0112312705374838
AAUCCUCCUUACAC,0.00979396405549467,0.0259346534057019
AGGGGUCUCCGGCC,0.0147402136825119,0.0319191967258324
CAGCGGGCUUACAG,0.00314723104236744,0.0301249130923402
CGUCGUCCCUGGAG,0.00522517440180524,0.0
CAUCCGGCCCGGCG,0.00342492390225854,0.0
AAGGGGGUUCAGCG,0.0528093978420294,0.0
CAGCGGGUCCAGCC,0.00104739324926668,0.115981727079309
AGGGCUGUCCGCCG,0.0253640078704404,0.0570148385991366
CAGGGUGCUUGGAC,0.00285659853362008,0.0791138978764892
CGUGCGCCCCGGCG,0.00337895661497505,0.043685370402057
CAGGCGGCUCAGCC,0.000640963202167918,0.0352179897227478
CGGGGUCUCUGGAC,0.00311726354380477,0.0
CAUCCGCCCCGGAC,0.00278700860039122,0.0254779176111112
CGGGGGGUCCAGAC,0.00263793882073829,0.0
CGUGCGGCUUGCCC,0.00339482026105475,0.215191910558634
CAGGCUCCCUAGCG,0.00585312072460284,0.0
CAUGCGCCCUAGAC,0.00139392947313236,0.0608594440919781
AGGCGGCCCUAGCC,0.00149151573247229,0.0228457316627082
AAUGCGCUCCAGCG,0.025804059540434,0.0439041681693062
CGUCGUGUUCGCAG,0.00421136427664767,0.0
AAGGGUGUCUACCG,0.0212592537233132,0.0399736460770968
AGUCCUGCUUACAC,0.00739547064621598,0.0227521248787118
AAGCGUCUCUGCAG,0.0169499695542431,0.0184577764400165
AAUGCGCUCUGCCG,0.719133766292285,0.0109625447261324
AAGCGGGUUUACCG,0.0200457134835034,0.0
AAGCCUGUUUACAC,0.0150696651699376,0.0340187708816008
AAGCCUCUUUGGAC,0.0091978831345915,0.016357533054567
CAUCGUGCCCGCAC,0.00205495434135512,0.0
AGUCGUGCUCAGCG,0.0108582308902244,0.0209331460735316
CAUGCGCCCCACCC,0.000466960658961281,0.0440825014473886
CAUCGGCUUUACAG,0.00314301021508521,0.0
AAUGCUGCCCAGAG,0.0164436508192365,0.0340924083981391
AGGCCUGCCUGCAC,0.0193134806518339,0.0348397774589715
CAGGGUGCUUGCAC,0.0045116290802684,0.0383545440806266
AGUGCUCCCCAGCC,0.00101452577776986,0.0372876713343316
CGUGGUCUUCGCCG,0.00491813704486136,0.0535644887550662
AGGGGUCCCUAGCC,0.00638898378822136,0.0194105994681414
CAUCCGCUUUAGAC,0.00193564677311861,0.0
AGUGCUCCUCGCAG,0.0116554911423684,0.0402578724018902
CGUCCUCCUCAGCC,0.000348015859088601,0.0172373493235189
AAUGCUGCCCGCAC,0.0118735920181274,0.0139730721142122
AGUCCUGUUUACCC,0.00237665520796086,0.0151887183385979
AAUGGUCUUUAGCC,0.00107472792307087,0.0318942780045597
AAGGCUGUCCGGAG,0.0362757549634445,0.0
AGUGCUGCCUGGCG,0.00980609790962447,0.0240178442877047
CAUGGUGCCUGCCG,0.00354237498784856,0.0
AGUCGGCCUUGCCG,0.0172695625851369,0.0
AAGCCUGCCCAGCC,0.00695285303466021,0.0400270468365187
CAGGGGGCCUGCAG,0.00887976121923398,0.0
AGUCGUCCCUGGCG,0.00587883508621676,0.0
CGGGCGGCCUGCCC,0.00381155241853614,0.0
CGGGGGCUUCAGCG,0.00728810590635242,0.0
AAUGGGGUCCGCCG,0.0405048258839692,0.0
AGGGCGGUUUAGCC,0.0304093316599494,0.0255190881237701
CGGCGUCCCCGGCC,0.00198652943847434,0.40846278333776
CAUGCGCUCUGCCC,0.0015068901403702,0.0
CGUGGUCCCCAGAC,0.00229196139395933,0.021220204368393
CAGGGGGUUUGCCG,0.00576599109516203,0.0
CGGCGUGCCUGCCG,0.00445793127176756,0.0
CAGGGGGCCUGCAC,0.00581563690683794,0.0
CGUCCUCCUUGGAG,0.00411035224590226,0.0
CGGCGGCCCCACCC,0.0015342231000239,0.0333928788142484
AGUCCUCUUCACCG,0.0141632191446782,0.0202551660320747
CAUGGGGUUUGGCC,0.000474883150576878,0.0
CGUCGUCCUCACAG,0.00370818828515211,0.020386870268159
CGUGCUGUUUGGAC,0.00251560511806801,0.0
CAGGCUGCUUGGAG,0.00706321578124211,0.0
CGGCCUGUUUACAG,0.00375726273723022,0.0316630312701082
CAGCCUCUCUACCC,0.00135558769858155,0.0294956051188181
AGUCGUGCUUGGAC,0.00579922207240053,0.0
CGGGGGCCUCAGAC,0.00191463024594034,0.0725007626719404
AAGGGUGCUCACAG,0.0193617643534634,0.0292947247734945
AAGCCUCCCCGCCC,0.0128526525999932,0.0267705445424049
AAUGCUGUUCGGAG,0.0192957889138322,0.0
AGUGGUCCUCGGCC,0.00211035105659063,0.0818888670829948
AGGCGGCCCCACAG,0.02103355417729,0.0
CAGGCGGCCUAGAC,0.00218789718785267,0.0369188316562564
CAGGCGGUCUAGAC,0.00181979136602792,0.0
AGUCCGCUUCAGCG,0.00791542864789599,0.0229060685399354
AGUCCUGCCUGCCC,0.00551005442371194,0.0
CAUGCUGUUUAGCG,0.00531200525696721,0.0
CGUGCGGUUCAGAC,0.00156234189853941,0.0236104341114486
AGGGGGGUUCACAG,0.0648371103191748,0.0596781703028358
AAUCGUCCCCGCCG,0.0102871021374198,0.0310973823705419
CGUCGUCCUUGCCG,0.00415536457437409,0.0429614067586194
CGUGGGCUUCGGAC,0.00194297490972295,0.0573933390304639
AAUCCUGCCCAGAC,0.00544245399380809,0.0304990161874251
CAUGCUGUUUGGAG,0.00629974016237597,0.0
CAGCGGCCCUGGAG,0.006010213428534,0.0
CGUGCGGCUUAGAG,0.00538605661230259,0.0
AGUCCUGCUUACCG,0.0116154833991171,0.0263802012035771
CAGCGGCCUCGCCC,0.0097004055865211,0.0
AGUCCUGUCUGCAG,0.00848763096379261,0.0338213940068244
CGGGGUCUUCGGCC,0.00223690462474971,0.0
AAUCCGCCUUACAC,0.00974708434113118,0.0272565827810896
CAUCGUCUUUGGAG,0.00420736747738412,0.0
AAUGGUCCUUAGCG,0.0120797042622379,0.0
AGGCGGGCCCGCAC,0.0133838583801847,0.0
CGUCCUCUUCACAG,0.00315417145409988,0.0
AGGGCUCCCCACCG,0.0247628735091527,0.0312039247992916
CAGCCGCUCUACAC,0.00503507993990302,0.0379072718935908
AGGGGGGUCUGCAC,0.0561933147826896,0.0249989709838246
CAUGCUCCUCAGAG,0.0048682918827416,0.0350103246633858
AAGGCUCCUUGCAC,0.0236212462192359,0.0257729796200896
CAGGGGCCCUAGAC,0.00180066773718699,0.0
CAGCCGCCUCGCAG,0.00540500562471395,0.0
AGUGCUGCUCAGAG,0.0154349375629835,0.0
CGGCGGGCCCAGCG,0.00728091763751328,0.0
AAUCGGCCCUGCCC,0.0130934165027555,0.0870930972019879
AGGCCUGCCUGGAC,0.0156205733623623,0.0249253653732102
CAGCCUGCCCAGCC,0.00124039982403918,0.0
CAGGCGCUUUGCAG,0.0138947480661137,0.0423230462882979
CGUGCUCUUCGGAG,0.00646911351926848,0.0
CGUCGGGCUUACCC,0.000495962974374932,0.0153567740484971
AGUGCGGUCUGGAC,0.0102229661351448,0.0
AGGCGUCCUUAGCC,0.00150618436109682,0.0240488059076757
CAGCGGGUUCGCAC,0.00478475907761562,0.0
AGUGGGCUUCGGAG,0.0180994904394329,0.0
AGGCCGGCCCAGAG,0.0229864303056212,0.0166476936420121
CGUCGUGCCUGCAC,0.00298109254296542,0.0
AAUCGGGCUCAGAG,0.0113749741218387,0.0351685788343606
CGGGCGCUCCGCCG,0.00690210228258239,0.0
AGUCGGGUUUACAG,0.0135811097558442,0.0
CAUGCUGCCUGGCC,0.000750466676756975,0.0
AGUCGUCUUUAGAG,0.0137554066089948,0.0
CAUCCUGUUCACAG,0.00292144144112798,0.0778370553027437
AAUGGGGCUCGCCC,0.246365620451186,0.0416661128028455
AGGGGUCUCUACCC,0.0212391315250846,0.026351202540182
CAGCGUGUUUACCC,0.00173184617713148,0.069161093662765
CAUGGGCCUUGGAG,0.00451306636254947,0.0
AAGGCGCCUCGGAG,0.122214313602235,0.0
CAUCCGGCUUACAG,0.00427414388988121,0.135193258634892
AGGCCGCCCUAGAC,0.0104860839068486,0.0326294853091899
CGGCGGGUCCGCCC,0.00674216051845838,0.0872983406431271
CGUGCUGUCUACAC,0.00400484334796428,0.0498093103240636
AAUGGUGCCCACAG,0.014958150812087,0.0343233275019403
AAUCGGCUCCGGCC,0.00168086919497195,0.034552233385417
CGGGGUGCCUACCC,0.00528677446276706,0.0
AAUCGGGCUCACAC,0.0106789095740208,0.0374018025267045
CAUGCGCUUUAGAC,0.00188193339396608,0.0283709333589732
AGGCCGCUCUAGAC,0.00803209322689003,0.0229144766978771
AAGCCUCCUUGGAG,0.0180861131368169,0.167658531767391
AGUCGGGCCCGGCG,0.0124292977706024,0.0
CGUCCGCCCCGCAG,0.00534445169513043,0.0407206519082159
CAGGGGGUUUACAC,0.00642979436599769,0.03630555104118
AGGCGGCUCCGGAC,0.0167294701370368,0.0
AAUCCUGCUUGCCC,0.00442813710737092,0.0329072972289877
CGGCGUCUUCAGAC,0.00230220115264432,0.0
CGUGGUGUCUGCAC,0.00388291967031634,0.0
CAGGCGGUUUAGAC,0.00342978066175308,0.0
CAGGGUGCCUGGCC,0.00150762200482194,0.0
AAUCCGCCUCAGCC,0.000824319389760994,0.0305835289918133
AAGCGUCUUCGGAC,0.0114459411735028,0.014767951028629
AAGCGGGUCUAGAC,0.0124772373116753,0.0511725869017875
AAGCGUGCUUAGCC,0.00336645328632436,0.0411783276031196
AAUGGUGUCCGGCC,0.00661610516688464,0.0223373872748523
AGUGCUGUCUAGCG,0.00817501826532652,0.107883257485624
CGGCGUGCCCAGCG,0.00456392404326413,0.0
CAUCCUCCUCGGAG,0.00567760885764916,0.0
AGUCCUCUUUAGCC,0.000901163434319896,0.0350859059024011
AGGCGGCUUUGGCG,0.0169958629736138,0.165074210928279
CGGGCGGUUUGCAC,0.00865243933202159,0.0
AAGGCUGCCUAGCG,0.0254422918453492,0.0259901003105016
AGGGGUCUUUACAG,0.0249412664055268,0.0522778296830335
AAGCCGCUCCACCC,0.0026055230463633,0.0379866781118707
AAGGGGGUCUACAC,0.12646340485046,0.015686079309519
CGUCCGGUUCAGAC,0.00328158255323195,0.035223646167248
CGUCCUCCCCACAG,0.00561504120414293,0.0437386778556833
AAUCGGGCUUGCCC,0.0121542349482413,0.0
CAUCGGGUCCGGCC,0.000760250691194141,0.0
CGGGGUCCCUGCAG,0.00304858528674687,0.0
AGUCGGGUCUGCAG,0.00907972028668932,0.0
AAGGGGCUCUGCAG,0.0344028627027345,0.027101843047444
AGGCGGGUCCAGCC,0.00454090425094065,0.0276146334845747
CGUGGUGCCUACCC,0.00223883513918366,0.0
AAUCGGGUCCGGAC,0.00679242156598682,0.0
CAGCGUGUUUAGAC,0.00227695771895305,0.0309012450411484
AAUGGUGUUCAGCG,0.0117820450478591,0.0205180537582218
AGUCGUCUCUGGAC,0.00564968080481929,0.0
CAGGCGGCUCACCC,0.000873330325101245,0.0258273342088708
CGGGGGCCCUACCC,0.00262264239109774,0.0212140384727682
AAUCCGCCUCGCAG,0.0151679566014131,0.0
AAGCGUCUCUGGCG,0.0162453962968568,0.0327196415669697
AAGCGGCUUCACAG,0.0168743399492877,0.0337388486665584
CAUCCGGUCUGGCC,0.00048325911762141,0.0348766973839188
CAUGCUCCUCACCG,0.00374481236698077,0.0215793791742373
AGUCGGGUCUACCG,0.0115668258435937,0.0
AAGGGGCCCUGCCC,2.00452608190979,0.0419375043565219
AAGGGUCCCUACAC,0.0178093495084896,0.0477545728461746
CAGGGGGUCCAGAG,0.00454314458776914,0.0
AAGCGUCCCUAGAC,0.0127624070999499,0.0229210762874583
AGUCGGCUCUGCCG,0.00670543851127723,0.0
CAGGGGCUCCACAC,0.00387049955689277,0.0232156313931723
CGGGCUGCCUGGCG,0.00625135189834072,0.0
AAUGGUCCUUGGCG,0.0111075743020306,0.0393481529487477
CAGCCUGCCCGCAC,0.00401628701507572,0.0292457340105208
AGGGCGGUCUGCCC,0.0856131932074114,0.0
AAUGGUCUCCGGCC,0.00643944646303493,0.0
CAUGGGGCCCACAG,0.00279344394626993,0.0475294129749751
AAGGGUGCUUAGCG,0.0214250878697677,0.022655321654686
CAUCGGGUCUGCAC,0.00317573048010462,0.0
AGUGGGGUCUGGAG,0.0167072219440919,0.0
AAGCCUCCUUGCCG,0.0195332735020688,0.0144165300940789
CAGGCUCCUUACCC,0.000937518605942103,0.0255999025082089
AAGCCUGCCCACCG,0.0204088720917886,0.0395343843331619
CAUCCUCUUUGGAG,0.00425722328857526,0.0
AAGGGGGCCUGGCG,0.0489865856795367,0.0
AGGCCGGUUCGGCC,0.00780320196695678,0.0
AGUCGGGUUCAGAC,0.0044016442607604,0.0341770160879473
AAGGCUGUCUGCCC,0.0179928402011458,0.0
CGUCGUCUCCAGAG,0.00623359237590225,0.0
CAGGCGCUUUGGAG,0.00759543239092683,0.0
CGGCGUGUUUACCC,0.00167969517034415,0.0
AAGGCGCUCUAGCC,0.015917759612129,0.0307563800824273
AGGGGGCCCUGGCG,0.127095162999165,0.0
AGUGGUCCCCGCCG,0.0106026716893978,0.0
CAGGGUGCUCGCAG,0.00470881052082807,0.0
AAUCGUCUCCAGCG,0.0132023045949968,0.0
CAGCGGCCUUAGAC,0.00296015030314192,0.0247348223503751
AGUGGGGCUCGCAC,0.0370455280644117,0.0
CAGCGUGUUUAGCG,0.00275427028426153,0.0312997434446077
AGUGGUGCUUACAC,0.00982625432876039,0.0116899287395771
CAUGCUGCCUAGCC,0.000405355876269078,0.0822104931372905
AGUCCUGCUCAGCC,0.00113050272316033,0.0310509183007793
AAUCCUGCUCACAG,0.0127677141554638,0.0500345356007263
AGUCGUGUCUAGAG,0.00706596625467718,0.0
AAUGGGCCUUGGCG,0.0192711050824712,0.0599216886598745
AGGCCUCUUCACCC,0.00711820967534861,0.0370028604644978
AAGGCGCCUCGGAC,0.0389126550551968,0.0320469602651578
CAUCCGCUUUACCG,0.00463989388443656,0.0195988565261275
CGGGGGGCCUAGCG,0.00419076073321985,0.0
CGUCCGGCUCAGCG,0.0045024005573868,0.0
CAUCGGCCUUAGAG,0.00554739010529783,0.0
AGUCCUGUCCAGAC,0.00479718408938469,0.080119747473333
CGUCGGCCCCACCG,0.00332437417576798,0.0
AGUGGGCCCCGCAC,0.0163850180041604,0.0
CGGGCGGUUUGGCG,0.0133906799186048,0.0
AAGCCGCUUCGCCG,0.0475322316551316,0.0
CGGCGUCCCUAGCC,0.000684770427610579,0.293840795907062
AGGCCGCCCUGGCC,0.00343350767143714,0.0555879862520345
CAUGGUCCCUGGCG,0.00360518305500899,0.0
CAUGCGGUCCGGCC,0.000424662876216642,0.0
AAUCGUCUUCGGAC,0.00806530952020584,0.022911935999653
CGGCGUGUCCGCCG,0.00393789906387834,0.0
CAUGGGCUCCACCG,0.00351540785442554,0.0258160576905564
AAUCGUCUCCACAG,0.0108224161803698,0.0219016262985762
CAGCCUGUCCAGCG,0.00522949629957349,0.0460404503747063
CGUGGGCUUCAGAG,0.00268523979269635,0.0
CAGCGUGCUCAGCG,0.00427610901350874,0.0
CGUGGUGUUCGCCG,0.00300286433637553,0.0
CGGCCUCCUCGCAG,0.00391577134437182,0.0421371127713832
CAGGCUGCCUGCAG,0.00322186851005019,0.0252922492420415
AAUCCUCUCCGCCC,0.00822566121515356,0.0304522144454676
AAUCCGGUUUGCAG,0.0109075181205119,0.0277926117846727
CGUCGUGUCUACAG,0.00256451165768681,0.0414805379070163
AAGGCGCUCCACAC,0.0826197282580503,0.027321518686631
CAUGGGGCUUGGCC,0.00106913910751223,0.0
CAGCGGCCCCAGAC,0.00153437352060759,0.0158359826862189
CAGGGGGCCUGGCC,0.00257640873410072,0.0
AAUCCUCCCUAGCG,0.0103730841258976,0.0337122249775129
CGUGCUGCCUAGAG,0.00328573645519807,0.0
CGGGGGCCCUAGCC,0.000538577821110674,0.0414458316438002
CAUCCGGCUCACAC,0.0029132792363709,0.0
CAGGGUCCUCGGAG,0.00555708888671254,0.0
AGUGCGCCCUAGCG,0.0217237188367221,0.020650189682482
CAGGCGCCCUACCC,0.000767513138494616,0.0246874998070467
AGUCCGGCCCGGCG,0.0153063846661263,0.0491191073566761
AAGCCGCUCCAGCG,0.0174563168169688,0.0
CGGGGGGUCUGCCC,0.00452547568497616,0.0
AGGGCUGUUUGGAG,0.0395540083749558,0.0
AAUGGGGCCUGGCG,0.0109473000407914,0.0
CAGGGUGUUCAGAG,0.00582965770597199,0.0
CGGCGGGUUCAGAC,0.00305894319818945,0.284221267042063
CAGGCGCCCUAGAC,0.00171503708188285,0.0415538737682192
AAGCGGCCUCAGAC,0.0130301616131039,0.0700811709957218
CGUGGGGUUCGCCC,0.00501517268073851,0.0
AAGGCGCCUUGCCC,0.0869371197560633,0.0588568683758679
CAGGGUCCUCGCAG,0.00658960611379127,0.0481719321640151
AGUCCGCUCCGCAG,0.00984699252338278,0.0
AGGGCGCCCCAGAG,0.100874087450498,0.0356458537586401
CAGCCGCCUCAGCG,0.00443938034137928,0.0681687565430021
CAUGCUCUCUGGAC,0.00168819535981247,0.0391281923605963
CAGGGUGCCCGCCG,0.00835361097204596,0.0
AAUCGGCUUUGGCC,0.00159640996218481,0.0153744365807838
CGUGGUGUUUGCAG,0.00448375707681791,0.0
AAUCGUCCCUAGAC,0.00416727425866202,0.0206566737937156
CAGCCGGCCUGCCC,0.00367236037901537,0.0
CGUCCGCUUCGGCG,0.00303497553100247,0.0
CGGCCUCCUCAGAC,0.00327193083984009,0.0375162574135773
AGGGGUGUUCGGCC,0.0166665839592219,0.0
AGUGCGCCUUGGCC,0.00337898282184535,0.0198191743880983
CGUGGGGUCCGCCC,0.00425754951258205,0.0
CGGCGGCUCCAGAG,0.00381338511593656,0.0
CGGGCUCUUCACAG,0.00620730207849334,0.0
CAGGCUCUUUAGAG,0.00647544115337892,0.0
AAGCCGCCCUGCAG,0.0429039175987406,0.0535100556263955
AGGGCUGUCUAGAC,0.0144253825690266,0.0273101948280492
CAGCCGCCCCGGCG,0.00436708124491054,0.0379009393133223
AGUGCGGCCCACCC,0.00554532304714302,0.026816581592419
AGUCGGGCCUGGAC,0.00450190371336148,0.0287135582333929
CGGGGUGUCUGCCG,0.00634512217681583,0.0
CAGCGGCUUCGCAG,0.00534750556487656,0.0328667297932306
CGUCCUGCCCAGAC,0.00191143726038768,0.0212810825216806
AAUCCUGCCCACAC,0.00853574809227904,0.0375465518080847
CGGCCUCUUUGCCG,0.00532337954100968,0.0276660401437061
CAGCGGCUUCACAC,0.00525233876225249,0.0193246748356483
AGUCCGCCUUGGAC,0.00529741183593158,0.0
CAGCGUGCCCGGCG,0.00452078510072556,0.139279832403255
CAGCCGCCUCGCCC,0.00524528478219548,0.0573698280318931
CGGCGGGCUUGCAC,0.00338445756184518,0.0
AGUGGUGUCUACCC,0.00839670220890765,0.0711429745619739
AGUGCGGCUCGGAC,0.0084816484586227,0.0423032523619884
AAGGCUCUUUAGAG,0.0240002186233456,0.0292191570179788
CGUCGUCCUUACCG,0.00327056154465707,0.0
CGUCCGGUCCGGAC,0.00374144557918935,0.0
AGGCCUCCUCGGCC,0.00535949088088391,0.0
AAUGGUGCUCACCG,0.0158022141301906,0.0269365753505202
CAGCCGGUUUAGCG,0.00571060995913425,0.0301780340862972
CAGGCGGCCUGCAC,0.00577102150338242,0.0216280675018393
CAGGCUCUUUGGAG,0.00988850209373896,0.0
AAUCGUGCCUGCAC,0.00993929919353556,0.0507395663302455
AGGGCGCCUCGCAC,0.198173105818817,0.0
CGUGCGGCUUGCAG,0.0043843251804505,0.0
AGGGGUCCUUGGCG,0.0275866734546922,0.0
CGUCGGGUUUAGAG,0.00412020920572456,0.0
CAUCGGGUUUAGCC,0.000276467432891694,0.0263233601299389
AAUGCUCCCCAGAG,0.0147933043290642,0.019361554260468
AAGCCUCUCCACAC,0.0191100067229109,0.033568396593453
AAUCGUCCCCGCAC,0.00764379527263041,0.0217132103213979
CAUCCUGCUCGGCG,0.00292520190940231,0.0
AAUCCUGCCUAGCG,0.0123310567377067,0.0340143306302561
AAGCCGGUUCGGCG,0.0409179396982301,0.0
AGGGGUGCUCGGAG,0.0258622362451634,0.0
AGUGGUGUCUACAG,0.0075537168771617,0.0
CAUCGGGCCCGGCG,0.00284539200098305,0.0
CGUGGGGUCCGCCG,0.00347928777372296,0.0
AGGCGUCCUCAGAG,0.0326869930320815,0.0421431227290954
AGUCCUCUCUAGAG,0.00999274835075127,0.0
AAUGGGCCUCGGAG,0.0211270301825451,0.0
CGUCCGGCCUACAG,0.00356725951421996,0.0
CGGCCUCCUCACCC,0.00124975874799678,0.0311092619265916
AGGCCUCCCCGCAG,0.0199929428627177,0.0486113820328073
AGGGGGCCUCAGAC,0.0414349734471344,0.0
CAGCCUCCCCGGCG,0.00668689690765134,0.0
AGUGGGCUUUAGAG,0.0208585591039806,0.0456470457247786
AGUGGUCCUCAGAC,0.00482326077654265,0.0295463592250673
CAGCGGGUUUAGAC,0.00239573962242973,0.0429493633171657
CGGGCUCUCUGGCC,0.00183770694687146,0.0
AGUCCUCCUCGCAC,0.012003384044423,0.0235307861042284
AAGGGUCUUCGGAG,0.021520735583472,0.0
AGUGCGGCUUAGCG,0.0253577659588198,0.0160276190017172
AAUCCUCCUUACCG,0.0103330167777635,0.0294259810873803
AAGCCGCCUCACAG,0.0279871066783498,0.0205965407087011
AGUGGUGCCCGGAC,0.00752624881579021,0.0
CGGCCUCCUUGGAG,0.0066016988409905,0.0
CGUGCUGUUCACCC,0.00125057454828449,0.0
CAGCCGCCUUGCCG,0.0416245109821228,0.0374797884573487
CGUCCUCCUCGGCG,0.00283084303819887,0.0
AGUGCGCUCCAGAC,0.00937061468663053,0.0279034056496789
CGGCCUCUUUGGAG,0.00830479668028858,0.0346666713533707
AAUCGGCCUCGCAG,0.0142263827291999,0.0
AGGCGGCCCCGCAC,0.0146107418678728,0.0354350241573331
CGGCCUCUUCGCCC,0.00233615861964583,0.0
CAGCCGGCUUGGAC,0.00261412751172603,0.0
AGUGCGGCUCACAG,0.0230045013986288,0.0
AAUCCUCUUCGCAC,0.00893391897082852,0.0187825981546045
AAUCGGCUUCACCG,0.0133876768506706,0.00997075100406568
CGGGGUGUUUGGAC,0.00213196871691562,0.0
AAGCGUGCCCGGCC,0.0111408288391631,0.0272970800903212
AGGGCGCUUUGCAG,0.942841206576638,0.0
CGUGCGGUUUACAG,0.00468104630785149,0.0
CAUCGGGCUUAGCG,0.00275608588761305,0.0885630008043685
CGUCCUCUCCGCAG,0.00650183302406246,0.0
CAUCCUCUCUGCAG,0.00478432187375254,0.0
CGGCGUCCCUGCCG,0.003979106150734,0.0
AGGCCGGCUUACCG,0.0227284193532112,0.0
AGGCCUCUUCACAG,0.0176756974925584,0.0280190008912132
CGGGCUGCUUAGAC,0.0026439845170425,0.0
CGUCGGCUUCACCC,0.000920136177252867,0.0663584621985904
CAUCGUCCCCAGAC,0.00182085040081837,0.205113571058219
AAGCCGGUCUGCAG,0.0202539631879232,0.0
AGGCGGGCUUGCAG,0.0287384592099288,0.0
CGUGGUGCUCGGCC,0.00138439029312345,0.0
CGUCCUCCUCAGCG,0.00430010566400268,0.01817337665193
CGUCCGCCCUGCAG,0.00398729923134635,0.0
CGGCCGCCCCAGCG,0.00500043571785663,0.0
AGGCCUGUUUGGCC,0.00862629903192485,0.0446075269526457
CGGGCUGUCUGGAC,0.00233098340877497,0.0
CGUCCGCUCCACCC,0.000507529571941305,0.0366357550818065
CGGGGGCUUCGCAC,0.00629371406195541,0.0
CGGGCUGUUCACAG,0.00568089451092326,0.0
AAGGCGGCCUGGCC,0.0272304626406336,0.0
AGUGGGGUCUGCAG,0.0111786003860232,0.0
CGGCGUGCCCAGAC,0.00230519743342789,0.0
CGUGCUGUCUGGCC,0.000795485935758703,0.0436407280576552
CGUCGGCCCUGCCC,0.00169840684816127,0.0
CAGCGUCUUUGGCC,0.00106181602878804,0.821569949855885
AAGCCGGUUCGCCC,0.0182494171895064,0.0
CGGGGGCUUUGCCC,0.0145139496228804,0.0
AGUGGUGCUCGCCG,0.0169808622119425,0.0
CAUCGUGCCCGCCG,0.00339220231599127,0.0619978306625085
CGUCCGCUUUACCC,0.000456782816990508,0.0260262980518071
AGUCCGCCCUGGAG,0.0103839280589617,0.0
CGUGGGCCCUGCAG,0.00298134856259295,0.0
AAUCCGGUUCGCAC,0.00700131490493049,0.0188517423283688
AGUCCUCCCUAGCC,0.000772357580358314,0.0291503522531718
AAGCGGCCCCACAC,0.0185409414257605,0.0452927258662817
AAGGCUGUCUGGAG,0.0294575704895261,0.0
AGGGCGCCCCGGAC,0.0560040774018373,0.0
AGUGCUCUCUAGAC,0.00534082118292047,0.0400780962192219
CAUCCUGUCCGGCC,0.000505256006935058,0.0
CAGCCUGCCCGCCG,0.00538874652275799,0.0190632967057862
CGGGGUCCCUAGCG,0.00729479662652874,0.0582798968982721
CGUGGGGUCCACCC,0.00707669520067197,0.0
AAGGGGGUUCAGAG,0.0551768222498578,0.0
AGUCCGCCUCGCAG,0.0145948255667567,0.0
CAUGGGCUUCGCCC,0.00578494019793651,0.0
AAGGCUGCUUAGAC,0.0127130139308212,0.0269218458211472
AAUGCGGUUCAGAC,0.0088104855248366,0.0455059993692599
CAUCGGGCUCGCAC,0.00332472326996586,0.0
CGGCGUGUCCGCAC,0.00280923354935766,0.0
CGGCGUGCCCACCC,0.00348888682742806,0.0338915539308398
CGUCCGGCUCGGCC,0.000805553722914098,0.0315843217100768
CGGCGUCCCUGCAC,0.00386598353132879,0.0
AGGCCGCUUCGGAC,0.0182280141443131,0.0261574155968336
AGGCGUCUCUACAG,0.0298504952659637,0.0369919700790059
CGUCCGGCCCACAG,0.00379083201631344,0.0753524359643596
AAUGGGGUUUACCG,0.0288454959559288,0.0
CAUGCUCCCUGCAC,0.00350930052695024,0.0237417970876921
CGGGCUCCCCAGCC,0.00168612968544866,0.0
AAGGCGCCCUAGCC,0.0132426575878806,0.0375563210184845
AGGCCUGCUUAGCG,0.0150205095094769,0.0332683943082965
AGUGGGCCCUGCAG,0.0236842898302221,0.0
CGGCGGCUUCAGAC,0.00211510739565715,0.0540513790032788
CGGCGUCUUCACCC,0.00443154334184845,0.0
AGGGCGGUCCACCG,0.333928880875136,0.0391565689227731
AAGGCGGCCUACCG,0.250386795149925,0.00736501031783672
AGUCCGGCCCGCCC,0.00450647881876124,0.0211449186072808
CAGCGGGUUCGCCG,0.00721036611001799,0.0
AGGCGUCUUUACAG,0.018481893841602,0.0218475840529548
CAGGGGGUCCGCCG,0.00816118361903135,0.0
CAUCGGCCCCAGCC,0.000386988031411824,0.0352981923291958
AGGGGGGUCUACCC,0.672578450855291,0.0991382194013474
AAUCGGGUUUGGCG,0.00607982090113015,0.0
AAUGCUCUUCAGAG,0.0127194845479948,0.0
CGGGGUGUCCGCAG,0.00549361227429942,0.0720246338303084
AGGCGGGUUCGCCG,0.0266526032995308,0.0
CGGGGUCCUCGGAC,0.00266877187188977,0.0
AAGGGUCCCUAGAG,0.0417063134635406,0.0205136666556651
CAGCCUCCUUACCG,0.00643836448952993,0.021360473538864
CGGGCGGCUCGCCG,0.0490098885020937,0.0246653096429048
AGGGGUCUUCGGCC,0.0118681723336209,0.0255000339524894
AGGCCUGUCCGGAG,0.0217219852978273,0.0
AGGGGUCCUCACAC,0.0202264815553751,0.0167392415146838
CGUGGGGCCUACAG,0.00267350653517521,0.128366656751794
CGGGGGGUUUACAC,0.00641353319759013,0.0
AAGCGUCUCCGCAG,0.0142525604157207,0.0267539295915525
CGUGGUCUCUACAC,0.00328404910220987,0.0391130653091371
AGUCCUGCCCGCCG,0.00901572659532204,0.0218205065909056
CGGGCUGCUUAGAG,0.00589117632046583,0.056620912347066
CAUCCGCUCUGCCG,0.00422669572595204,0.0
AGGGGGGCCCAGAG,0.039509863276323,0.0
CAUGCUGUUUACCG,0.0036773829826794,0.0298986004163046
CAUGGGGUCUGCAG,0.00330914440144807,0.0
CGUGCUGUUUAGCG,0.00379343399285675,0.0
CGUGCGGUUCACCG,0.010465720081522,0.0664779403026456
CGGCGUGUCCACCC,0.00484864398242725,0.0
AAUGCGGUCUGCCC,0.0205733138512766,0.0456678519459585
AAUGCUCUUUAGAC,0.00589278841797154,0.0256336517098115
AGGGCGCUCUGCAC,0.174931677944123,0.0374829603320016
CAUGGGGCUCGCCG,0.00411125222919038,0.0
CAGCGGGCUCACAG,0.00530189357183339,0.0
CGGCGGGCUUGGAC,0.00230981425169407,0.0
CAGCCGGUCUAGCG,0.00763450529296023,0.0
CAUGGUCUCUAGCG,0.00376193014435721,0.0402439619813301
CGUGCGGUUUACCC,0.0016038169718151,0.01435513952808
AGUGCUCCCUGCCC,0.0055611141264411,0.0640042660252172
CGUGCGCCUUAGAC,0.00145083962456897,0.0375617335732352
AAGGCUCUCCGCAG,0.0364594052017353,0.0222106708033033
AGUCGGGUUCACCG,0.00993976736957056,0.0
AGUGCUGUCCGGAG,0.02419749982684,0.0
AAGCGUGCUUGGAC,0.00853556233736064,0.0
AGUGGGCUUUGGAG,0.0202126656526734,0.0
CAGCGUCCUUGCAG,0.00352228966399672,0.0787819515966611
AAGGCUCUUCGGCG,0.0359126342931398,0.0
AGUCCGCCUCACAG,0.0116839509228028,0.0235700865861191
AAGGCGCCUCAGAG,0.0980280866698124,0.0761045867076365
AGGCGGGCCUAGCG,0.0123257105900065,0.0
AAGGGGGCUUACCC,0.069867888662965,0.0132868029606409
CAGGGUGUCUGCCC,0.00387495865776477,0.0
AAGCCGGUCUAGCC,0.00832103120025679,0.0283872410410036
AGGCGUGUUCGGCG,0.0125027037966814,0.093851338219951
CAGCGGGCCCGCCC,0.00789909930564946,0.0340395373961695
AAUGCUCUCCGCAG,0.0167849113030255,0.0679012388625835
CGUGCGCUUUGCAC,0.00404434133083162,0.0
AGGCGUGCUUACAC,0.0247521568033903,0.0322328992520449
AAUGCGGUCCACAC,0.0233796212758997,0.0430045919571603
CGUCGGCUUCACAG,0.00316506979894296,0.0208057673414612
AGGCGGGUUUGCCC,0.0163352463916005,0.0
AAGGCUCCCUGCCC,0.024463024852373,0.0153274491210904
CGUCGUCUCCGCCC,0.00393067958226123,0.0337582255390232
AGUCGUGUUUGCAG,0.006675600281052,0.0
CAGGCGCCCCGCAG,0.0101161978656342,0.0254988796855823
AGGCCGGCCUGCCC,0.0152173059998094,0.0
AAUGGGCUCCACAC,0.0187290379329784,0.0360605752671798
CGUCCUCUUUGCCC,0.00163850180041604,0.0427646145669786
CAUGCGCCUUAGAC,0.0015690659714951,0.0397572405090839
AGUCCUGCCCAGAC,0.00465774643322638,0.0419726687711779
CAUGGUCCUUGCAG,0.00441710663378413,0.0294082950109843
CAGCCGGUCCGGCG,0.00798579874143245,0.0
AAUGCUGCUCGCAC,0.0101275064168054,0.018153704813869
AGUGCGCCCUACAC,0.0197802655667964,0.013922012238913
AAUCGUCUCUACAG,0.0117163899586814,0.0512821792127169
CAUCCUGCUCAGAG,0.00386269613036678,0.0
AGUCGGCUUUAGAC,0.00428615083385296,0.0203683900142758
AAGGCUGUCUACCG,0.0277267503056465,0.0264904824511157
AAGCCUGUUUACCG,0.0143388452169933,0.0257514912225013
AAGCGGCCUUACCC,0.00395875413511591,0.0203578270773007
CAUCGUGUUCGCAC,0.00260986858779034,0.0
AAUGGGCUUCGGCC,0.00265966608038496,0.0269739984197177
CGGCGUCCCCACAG,0.00595845638981706,0.0209110437233544
CGUCCGCUCUGCAG,0.0033679238170389,0.0
AGUCGUCUCUGCAG,0.00566389944722245,0.0
AGUCGUGCUCGGCG,0.0163016972922145,0.0
AGGGGUGCCCAGCG,0.0221163295794884,0.0
CGGGCGGUCCACCC,0.00125710212787426,0.0411450346215132
CGGGGGGCUUACCG,0.00618031380858685,0.0376026230554863
CGUGGUGCUCGGAG,0.0134843210369167,0.0
AAGGCUCUCCGCCC,0.0182982589463657,0.0153965365120626
CGGCGUGCCUGGAG,0.0150799656929519,0.0
AGUGGGGUUUAGAC,0.00614395902147751,0.0
AAGCGUGCUUAGAC,0.0122106200004604,0.0369079694938178
AAUGGGGCCUGCAC,0.0505228092238543,0.0302186882413648
AAGCGGGUCUGCAG,0.0534253793675619,0.0313130207128924
CAGGCGCCCUAGAG,0.00736983027383787,0.0255318446432183
AAUCCGCUCUAGAC,0.0045906987269991,0.0313028932508332
CAUGGGGCUCGGAG,0.00255336908523776,0.0
AGGGCGCUCUGCCG,7.5581529690732,0.0453387183433253
AGGCGGGUUCGGCG,0.0171147151622405,0.0
AGUGCUCUUUGGAC,0.0059010284907061,0.0583029481812494
CAGCCGGUCUAGCC,0.00235268168408869,0.0
CAUGCGGUUCGCAG,0.00453430058318432,0.0
AGUGCGCUCUACCC,0.00361267201025413,0.0271610670220582
AAGCGUGCUUAGCG,0.0173160143645992,0.0358063138218293
AGUGGUGCUCACAG,0.00827656059746426,0.0
AAGCCUGUUUAGCG,0.0151451646078556,0.0
CGGGCGCUCUACAG,0.00958945465138799,0.0321006181418507
CGGCCGGUCUGCAG,0.00362970810980497,0.0
AAGGCUGUCCGGAC,0.019611275102108,0.03528866523664
CAGGCUGUCCGCAC,0.00474179249107094,0.0
AGGCCGGCUCGGCC,0.0071339527345409,0.0520023903422628
CGGCGGCCUUAGCC,0.000406469146859257,0.0592089101035131
AAGCGUCCCCACCC,0.0181536193069662,0.032402608470955
AGGGGUCUUUGGAG,0.0587760456081933,0.0
AGGCCGCUCUACAG,0.0301864914121886,0.0395448633475145
AGUGCGGCCUGCAG,0.0824041841144913,0.037746834857926
AGGGCGCCUUAGCC,0.0104803176139761,0.0300424537534323
CGUGCUCCUUGGCC,0.000617765102797134,0.0175529754488248
AAGGGGCCUUAGAG,0.0451920179679275,0.0353730640014851
AGUCCGCCCUACCC,0.00107241839110363,0.0326011253354213
CAUGGUGCCUGGAC,0.00187142212521695,0.0
CAUGGGCUCUACCG,0.00369940631171184,0.0708748500832592
CAUGCUGUCUACCC,0.00103540322247753,0.0316248279842271
CGGCGUCUUUGCAC,0.00414309925686748,0.036764882504647
CAUCGGCUUUGCAC,0.0026866942817744,0.0
CAUGGGGUUCGCAC,0.00319837251572782,0.0
CGUGGUCCCCACAC,0.00279179692732716,0.0266023428190978
CGGCGUCCUCACCC,0.00221661431650729,0.0314943643273021
AGGGCUGCUUGCCC,0.0155598488827951,0.0352657197087512
CGGGGGGCCCACCG,0.00489609275745192,0.0
AGGCGGCUUCGGCC,0.00319254162100194,0.0
CGGCGUGUCCGGCG,0.00331315791800532,0.0
AAUGGGGUUUAGAG,0.0212581483588461,0.0
CGGGCGGUCUACAG,0.00711319136459996,0.0331017893150702
CGGCGUCCCCACCG,0.00494425104686948,0.0
AAUGCUCUUCGGCG,0.012408352048128,0.0
AGUCCUGUUCGGCC,0.00332786128154676,0.0349076678256377
CAUGGUCUCCACCG,0.0026866312604338,0.0141856411657605
CAGCGGCCUCGGCC,0.0043921011837673,0.0606362624145084
CAUCGUCUUUGCAC,0.00265265331873772,0.0393204352837119
AAUGCGGCCUACAG,0.0305827433305865,0.043244174320745
AAGCCGGCCCACAC,0.022608496200741,0.0287688519808172
CAGGCUCCUUGCCC,0.00490421662543734,0.0241100637726864
CGUGCGCCUUGGAG,0.006020821839333,0.0
AAUGCUGCCUACCG,0.0142386235258603,0.0
AAGGGGCCCCAGAG,0.0359134653155693,0.0
AAUCCUGCCCACAG,0.0118899824774416,0.0627141295350681
CGUGGUCCCCACCC,0.00313089343598844,0.0146868726231671
CGGCCUGUCUACAG,0.00693770520669798,0.0351413165931224
CGUCCUCUCCACCC,0.0020416659123566,0.0251915250162094
CAUGGUGCUCAGCG,0.0036153614374342,0.0
AAGGGUCUUUACCG,0.0248843720210843,0.0327405274238638
CAGGGGCCCCAGCG,0.00321850207923213,0.0239661063193692
AGGGGUCUUCGCAG,0.0156428281708864,0.0289731816081673
CGUCCUCUCUACAC,0.00401463597815406,0.0282605763011113
CAGGGGCUCCAGCC,0.000821348893951629,0.0343693972336001
CAGGGGGCUCGGCG,0.00497858612358385,0.0
AAUGGGCUCCGCCG,0.0169208591652572,0.0
AGGCCGCUCCGCAC,0.0259271701238277,0.0
AGGGGGGUUCAGCC,0.00941323504079845,0.0228810521259323
AGGCCUCCCUGGCG,0.0234425696187777,0.0
CGUCGGCCCUGCAC,0.00324640079271275,0.0242628393893894
CGUGGGCCUCGGCC,0.00119553611379221,0.0
CAUCGUGUCCGCAG,0.00478974320165481,0.0
CAGCCUGCCCGGCG,0.00701549135028777,0.0
AAGCGUCUUCAGAC,0.00979036478562529,0.0587667401777683
AAUCCUCUUCAGAC,0.00477742049007327,0.0300530251606154
AGGCGGGUCUGGCC,0.00931900720875923,0.0
CGUGCUCUCUGGAC,0.00166393064077338,0.0
AAGGCUGUUCGGAG,0.0331354174074837,0.0
CGUGCUGCCUGCCC,0.00207583059219711,0.0
AAGGGGGUCCGGCG,0.0337761336050676,0.0
CAUCGUCUUCGGAG,0.00438055209509727,0.0
CGUCGGCCCCAGAC,0.00158583591731125,0.0725075025113551
AAGCCUCCUUGCAC,0.0232839729532807,0.062234474503021
AAUCGGGUCUACCC,0.00384493108912084,0.054180189204526
AGUGGGGUUCACAG,0.0149462691085212,0.0
AAUGCUGUUCGCAC,0.0167959116445125,0.0201832139492883
CAUGCGGCCCACAC,0.00342139488996395,0.0205674072628898
CAGGCGGCCCGCAC,0.00550515347655635,0.0
AAGGCUGUCUGGCC,0.00830306917754691,0.0
AGUCCGGCUUAGAG,0.00815019485219969,0.0
AGGCGUCUUUAGCG,0.0210588470514811,0.0
CAGGGUCUCUAGCG,0.00660445299152908,0.0
AGUGCGGUUCGCCG,0.0918806652876578,0.012979964559431
AGGCGUCCUCGGCC,0.00853754888301581,0.0407383712247356
AAUGGUCCUCGCCG,0.0148377574432874,0.0159409110567558
AGUGCUCCUUGGCG,0.0144207322200359,0.0
AAUGGUCUCCGCAG,0.0104960583664475,0.0
AAGCGGCCUCACAG,0.0210500431856569,0.0493647589155546
AAUCGUGUCUACCG,0.0116543060390494,0.0
CAUCCUCCUUAGAC,0.00171121592011947,0.0515179690946554
AGGCCUCCUCAGAC,0.0121905272371208,0.0257933656846898
CAUCGUGCCUGCCG,0.00291633557842692,0.0
CAGGCGGCCCAGAC,0.00154507845214671,0.0
AAUCCGGCCUACAC,0.0120296990919671,0.0268014761289347
AGGGCUGCUCACCC,0.0108354999628308,0.023005689095309
AGGCGGCUCCACAC,0.0200574073139786,0.0163478744775248
AGGCGGGUCUACCG,0.0274495018705704,0.0
AAUCGGCCUCGGCG,0.00854943410187848,0.0
AAUGCUCUUCGGAC,0.00645053909499897,0.0332748738229765
CGGGGUCUUCGCCG,0.00596346069249608,0.0
AGGGCUGUUUACAG,0.051436160084368,0.0
AGUGGGCUCUACCC,0.187037561443738,0.0349584840427627
CGGCGGGUUUGGAG,0.0117812231976186,0.0
AGGGCGCCCCGCAG,0.462362766045446,0.0267111127678077
CGGGGGCUCUACCC,0.00703233237890644,0.0
CAGGGGCUCUACAG,0.00604511944402401,0.0
CGUGGUCCCUGGCG,0.00247212552343474,0.229501694297109
AAGCGGCUCCGGCG,0.0147236887792804,0.0
AGGCCGCCUUACAC,0.0159649450820134,0.0390150283480932
AAGGCGCUCCAGAC,0.0376862160140296,0.0265840897330371
CGGCCGGUCUAGCG,0.00327781825475659,0.0
AAGCCUGUCUGGAC,0.0136066586269694,0.0339745337109361
AAUGCUCUCCGGAG,0.0169958629736138,0.0
CGGCGGCCUUACCC,0.000615907561680476,0.0445826889987599
CGUCCUCCUCGGAG,0.00613240439921796,0.0
AGUCGGGUCCACAG,0.00791588138497083,0.030907366102124
AGUCGUGCUCGCAG,0.00762462627472399,0.0
CGGGGUCUCCACAC,0.00341977364075139,0.0
AAGCGGCCUCACCC,0.0112669918403455,0.03663037634088
AAUCCGGUCUAGAG,0.00915911370732015,0.0
CGGGGUCCUCAGCC,0.00108664858172955,0.0
AGUGCGGUUCACAG,0.0435309059561334,0.0210029122995346
CGGCGGGUCUACCG,0.00453223012629702,0.0
CAUGCGGUCUAGCG,0.00331971141718379,0.0
AGUCCUCCCCAGAC,0.00453446937043057,0.0346410858897145
AGGCGUCUCUGGAG,0.0291504801305013,0.0
CAGGCGCCCCGCAC,0.00637145753462562,0.0204620962335789
AGUCCGCUUCACCC,0.00121848963443391,0.0464581537491194
AAUCCUGUUCAGCC,0.00124686235693491,0.0262230066493546
AGGCCUGUUUGCAG,0.0216723004221112,0.0
AAUCGGGUUCACCG,0.0112876564698496,0.023468651009299
CAGGGUCCUUACCG,0.00575603597275709,0.0248447719520061
CGGGCUCUUUGCCC,0.00264261693884403,0.0407748156080494
AAGCGUGUCCGCAC,0.0168770107849871,0.0
AAGGCUGCCCAGCC,0.00715197811859997,0.0200004097381088
CAGCGGGCUUAGAC,0.00301515309593678,0.0449590953891886
AAGGCGGUUCGCCG,0.80965111044822,0.0500123986131219
AAGGCGGUCCGCAG,0.0635445524739233,0.0355266923218915
AGUGCGGUCUACAC,0.0187441625761396,0.0
CGGCCUGUCCGGCG,0.0032373072330693,0.0
AAUCGGCCCCAGCC,0.000902252350213459,0.0280026288814577
CAGGGGGUUCACAC,0.00373003787942489,0.0393874467531264
CGGGCUCUUCAGCC,0.00113363760929831,0.0297002597697538
CGUCCGGUCUGCAG,0.00344566168089355,0.055670554132823
AGGCCGCUCUAGAG,0.0279123976583889,0.0
AGGCCGCCUUGGAG,0.0245186219947216,0.0
AGUCGGGCUCGGAG,0.0152201757972661,0.0
CGGGGUCUCUGGAG,0.00412020920572456,0.0
AGGCGGGUCUAGAG,0.0131225841141227,0.0
CGUGGGGCCCAGAC,0.00114561914500634,0.0
AGGGGUCCCCGCCG,0.023057324593574,0.0318415454709456
CAUCCUCCCUGCAG,0.00388923906941812,0.0
CGUGGUGUCCGCAG,0.00384811991855407,0.0
AGGGCGCCUCGGCG,0.150985066343776,0.0
CGGGCUGUUCGGCG,0.00545321806640016,0.0825680470521413
AAGGCGGCCUGGAG,0.137105382648387,0.0
CGGCCUGCUCAGAC,0.00501796121155904,0.0257592882168921
AGGCGUCUCCACAC,0.0141704391374452,0.0255547507644009
CGGGGUGUUUAGAG,0.00573886282225922,0.0
AGGGGUGCCCAGCC,0.0114616728813792,0.0
AAGGGGGUCUACAG,0.0470123870779397,0.0162808068124977
AAUGCUCCUCACCG,0.016624261826895,0.0228390198664385
AAGGCUCUUUACCC,0.00537017675872236,0.0199387488010175
CAUGCGCUUUGGAC,0.00226814472285576,0.0
CGUCCGGUUCACAC,0.004261743109738,0.0
AGGCCUCCCUAGCG,0.0208585591039806,0.0
AAUCCUCCUUGCAC,0.00688440019184358,0.0318278868128378
AGUCGGCCCUGCCC,0.00450541219655562,0.0
CGGCCUGCCUAGAG,0.00715886349494643,0.034030422226745
CGGGCUGUUCGCAG,0.00796573779773416,0.0
CGGCCGCUCCACAG,0.00565609076232278,0.0105207790241162
CAUGCUCCUUGGCG,0.00351783943880577,0.0
AGUGCUGUUCGGAC,0.00814096508579371,0.0
AAUGGUGCCCGCAC,0.00818891579637758,0.0189847205599303
CGUGGGCUUUAGAG,0.00385462080744615,0.0
CAUGGGCCUUGCAG,0.00267887702854214,0.0
AGUCCGCCCCGCCC,0.00423424403401367,0.0
AAGGGGGCUCGGCC,0.0207515921342166,0.0
CGUCGGGCUUGCCC,0.00255851700678057,0.0
AGUGGGCCUUGGAC,0.00560474259893219,0.0316340808919266
AGGGGGGUUUAGAG,0.0637173945752538,0.0
CGUCCUGCCUGGCC,0.000692860292442472,0.0
AGUCGUGUCUGCCC,0.0147091468644367,0.0316612343143968
CGUCCGCUCUAGCC,0.000284253827505351,0.0158338826197462
AAUGGUCCUUACAG,0.0143207271422271,0.0244886730788713
CAGCCUGUCCGCCG,0.00474303152752014,0.0
AGUCGUGUUCACCC,0.0073987604739377,0.0161169692613435
CAGGGUCUCCAGCG,0.0051647692860491,0.0
CGUCGGGUCCACAG,0.00301354144385639,0.0
CAGGGGCCUCACAG,0.00391419874543833,0.0
CAUGCGCCUCGCAC,0.00357237884158762,0.0390442739336673
AAGGCUGCCCGCCC,0.0178195798771242,0.0
AGUGCGGUCCACAG,0.0274126822155062,0.0153877726431773
CGUGCGGUCCACCC,0.000660957001628665,0.0361316609034009
AAGGGUCUCCAGCC,0.00787366821789368,0.0174858695614014
AGGGCUCCCUGCAC,0.0239535143885602,0.0215292830817748
AAGCGGCUCCACCC,0.038022064817928,0.0
CAUCGUCCUUGGCG,0.00384648901373587,0.0
AAGGGUGUCCGGAC,0.0231622571565056,0.0186294010012456
CGGCGGGUUCGCCG,0.0041937843701125,0.0
AGUGCGGCUUGCAG,0.0797672502228276,0.0
AAUGCGGCUCGCAC,0.0176507727702027,0.0255572332085231
AGUGGUGCUUGCAG,0.0137784643144377,0.0
CAUCCUGCUCGCCC,0.00171797355425194,0.0
CGGGGUCCUCGCAC,0.00437517264667287,0.0435199166090143
CAUGCUCCCUGGAC,0.00192768481279421,0.0324947269526129
AAUGCUGUUUACAG,0.0184758854909333,0.0437399111080934
AGGCGUGUUUGGCG,0.0109815493293072,0.0
AGUGGUCCUUAGAC,0.00436412278306516,0.0232545304690254
CGGCCGGCUCAGAG,0.00690740955077354,0.0331694485919525
CAUCCUGUUUGCAC,0.00300849768150959,0.0
CGUCGGGCUCGGAC,0.00467699423352518,0.0
CGUCGGCCCUGGCG,0.00266058352297909,0.0
AAUCCGGUUUAGCG,0.00790213555230754,0.0
AAUGCGCCCCGGAG,0.0306289081396142,0.0
CGUGCUCCCUACAC,0.00374491883233492,0.0124578882734716
CGUGGUCCCUAGCC,0.000460502141502931,0.0860602453414372
CGUGGUGCCUGCCC,0.00225323940938062,0.0
AAUGCUCCCCGCAC,0.0143529656212576,0.0286399716177134
AAGGCGGCCCGCCG,6.78844179502936,0.0787763094771522
AGGCGGGCUUACAG,0.0246399353158133,0.0581860840085746
AAGGGUGCUCAGCC,0.0101858452232972,0.0358044834116967
AAGCCGGCCUACCC,0.0038700156234648,0.0239159878458493
AAUGCGCCUCGCAC,0.0304033738121767,0.02930073785842
AGUCCGGUUCACCC,0.00170049229735587,0.0322432623257003
CGGCGGCUCCGGAC,0.00240182811518541,0.0
CAUGCUCCCUGGCC,0.000694840563647421,0.0
AGGGGUCUCUGGAC,0.0168836505720612,0.0
AGUCCGCUUUGGCG,0.00978124044912712,0.0
CGUCGGGCUUGCAC,0.00376193014435721,0.03147618779355
CGUGGGCUUUGCAG,0.00529164123480312,0.0
AGUCGUGCCCGGAG,0.00908237420566241,0.0
AAUCCUCCCUGCAC,0.00696579211529395,0.0299751206449695
AGGGGUGCUUACCG,0.0335390278020127,0.0322330413986202
CGGGCUCUUUGCCG,0.00750716084093883,0.0314872957297765
AGGGCGGUUCGGCC,0.0293491679440949,0.0
AAUCCGGCUUGGAG,0.00831145650120301,0.0
AAGGCUGCCUACAG,0.0247036975246639,0.0205134423880491
CAUCGUCCUUACCG,0.00329018027062153,0.0
CAGGCUGUUUACCG,0.00905587648341545,0.026537756567779
AGGGCUGUCUGCCC,0.0196125280941848,0.0
CGUGCGGUUUGGAC,0.00274680613714971,0.0
CAUGCUCUCUGGCG,0.00298526907203281,0.0
CGGCCUGUUCACCG,0.00536281198205419,0.0
AGUGGGGUCUGCCG,0.0156697720186217,0.0
AAUCGGGCUUAGAG,0.0148627789566825,0.0193069798690701
AAGCCGGCCCAGCC,0.00211391055492273,0.0258326364545683
CGUCCUGCUUACAG,0.00390140050041053,0.0206202971782952
AGUGGGGCCUGCCC,0.192864267489753,0.0343103060915729
AGGGGUCCCUACAG,0.0350893226618674,0.0
AGUGGUCCCUAGCC,0.000997338194003715,0.039543916837684
AAUGCGCUUUGGAG,0.0246700371641105,0.0
AGUGGGGUUUACAG,0.0163016972922145,0.0713205588128182
AGUGCUCUCCGCAC,0.0097583902240845,0.0
CGUCGGCUCCGGCG,0.00361774466844108,0.0
CGUCCUCCUUGGCG,0.00424183899777547,0.0
CGUCGUGCUCGGAG,0.00239237953880781,0.0
AAUCCGCUUCGGCC,0.00173167023014609,0.0346767195268986
CGUCCGCUCUGGAC,0.00213381138650673,0.0
CGUCGGGUCCAGAC,0.00307700730044536,0.0
CAGGCGGUUUACAG,0.0112083657206575,0.0
AAGGCUCUUUGCAC,0.0242141525628736,0.0298692844973444
CGGCGUCUCCGGCG,0.0023428640581571,0.0
AAGCCGCCCCAGAC,0.0133656506103457,0.0345821889733776
AGUCGGCCCCACCC,0.00115024598045319,0.0300427090658367
AAGGCUCCUUGGCC,0.00968827253922607,0.0769012407959111
AAUCCGCCUUACCG,0.014613091384761,0.0192975481929055
AGGGGGCUCUGGCC,0.0170909447245151,0.0
AAGGGGGCCUACCC,0.0487209509885044,0.0224059712548748
AGUCCGGUUCGCCC,0.00397614594678315,0.0227982149061121
AGUCGUCUCUGGCG,0.0107409591707854,0.0
CGGGCGCUUCGCAC,0.00528970090167259,0.0607453254122558
AGUGGGGUUCACAC,0.0156247611836391,0.027030876473715
CGUCCUCUCCAGAC,0.00244214967899937,0.0315655873472972
AAGCGGGCUUAGAG,0.0187735338809224,0.0
AGGGCGCCUUACAG,0.137507555082168,0.127362090301863
AAUCGGGCUUACAC,0.00939262918493873,0.0228759701620045
CAUGGUGCUCGGAG,0.00913210547835967,0.0
CGUCCGGUUUGGCG,0.00412020920572456,0.0
AGUCCUGCCCACAC,0.00803648188197116,0.0457863772663129
CAUGGGGUUUGGAC,0.00194380837528134,0.0
CAUCGGCUUUGGCG,0.00373026083446849,0.0
CGUGGGGCCUGGCG,0.00458934193706944,0.0
AAGCGUCUUCGCCC,0.0146125638227316,0.0
CAGGGGCCUUGCCC,0.0223921071199172,0.0539330455804471
AGUCGGCUCUGCCC,0.00418868089050178,0.039568495488567
CGGCGUGCUCAGCC,0.00204307894498738,0.124574756397845
CGUGCGGUCUGGAG,0.00421176941029622,0.0
AGGCCGCUCUGCCG,0.0638086703813702,0.0
CAUCCUCUCUGCAC,0.00389130869429542,0.0
CGGCCGGCCUACCG,0.00661935249444274,0.0
CAGCGGCUUUGGCC,0.00123606276171737,0.0
CGUGCUCUUUGCAC,0.00439815982674567,0.024021449784211
CAGCGGGCCUGGAC,0.00218128722656006,0.0714703741261895
CAGCCUGUUCGCCC,0.00139759369080543,0.0
AGUCGUGUCCACAG,0.00648762223000829,0.0167652522623218
AAGGGGCCCUAGCC,0.00476122022696743,0.0432123690645567
CAUGGUGUUCACAG,0.00333353441704207,0.0
AAUCCUGCUCAGCG,0.0107651661720222,0.0238531083740953
AGGGGUCCUCGCAG,0.0197130699066994,0.0306979531006259
CGUCCGCUUCAGCC,0.000304718379942967,0.0266747690464911
CGGGCUGCUUGCAG,0.0139498511679531,0.0
AGGGGGGCUUACCC,0.0966892208217639,0.0332901698851799
CAUGGUGCCUGGCG,0.00268061803745935,0.0
AGGCGUGCUUAGCC,0.00258551001582299,0.0243178886888867
AAUCGGGUUUAGAG,0.009790054617142,0.0
CAGCGUCUCUGCCG,0.00898954735794451,0.0223312422610892
CGGGCUGCUUGGCC,0.00200327413105918,0.0
AGUCCUCCCUACAC,0.00981417315261119,0.019495085799938
CGGCCGGUUCACAC,0.00639465995223726,0.0734155516233026
CGGCCGGUCCAGAG,0.00537602639514061,0.0308276042913119
CGGCCGCUUUACCC,0.00182650345593057,0.0245397873821298
CAGGCGCUUCGCCG,0.0276199864897023,0.049290468084409
CAUCCGCUCUGGAG,0.00520985130971784,0.0
AAGGGGCUCCACCG,0.0486450506224255,0.0
CGGGGUCUCUGCAC,0.00632293643493885,0.0
CGGCCGGCCUGCCG,0.0210130669491952,0.0627897486272665
CAGCGUGCCUGGCC,0.00218128722656006,0.879119819609606
AAUGGGCUCCGCAG,0.00875018919327985,0.0490247093149097
CAGCGUCUUCGGCC,0.00139159383769505,1.22972746838282
AAUCCUCUUUGCAC,0.0113984749765662,0.0259521293579016
CAUCGGCUUCGGCC,0.000501325062536918,0.069318874544217
CAGGCGCCCUACAC,0.00462124370163415,0.0252104441608363
AGGGCUGUUCGCCC,0.0260946583029222,0.0166346661787945
AGGCGGCUUCACCG,0.0194238433984158,0.0815855656403968
CAGGGUCCUCACAC,0.00460714302094656,0.0312985591221204
CAGCGUCUUUGGAC,0.00185729637771003,0.0859501464337052
AGGCCUGCCUGGCC,0.00661049806440496,0.0
AAUCCGGUUUACAC,0.00590112884074846,0.0437120212444945
CAGCGUGCCCGGAG,0.00562567026166239,0.0
CAUGCGGUCUGGAG,0.00504595241333989,0.0
AGUCCUGCCUGCAC,0.00910278778008916,0.011817772692534
CAUCGGCCUCACCC,0.000970563521364312,0.0344926097007176
CAUCCUGUCUGCAG,0.00352458214548056,0.0
CGUCGGCUCCGGAG,0.00892711994573656,0.0
CGGGGUCCCCGGAC,0.00309015690429342,0.0481134985199134
AGUGGUCUCCGCAG,0.00862369368640026,0.0
CGUCCGGUCUGCCG,0.00466234199595148,0.0746684737065423
AAUCGUCUCUAGCG,0.0100716225028822,0.0305087888094069
AAGGGGCCUUAGCC,0.00458317248474403,0.0281450220849629
AGGCCGGUCCACAG,0.0365668567008055,0.0178152564274575
AGGCGGCCCCGCCC,0.0289999340249075,0.0549774078296954
CGUGCGCUUCAGCG,0.00400954242953775,0.0488470689086913
CAGGCUCCCCACCC,0.00134024117215824,0.0493076198966684
CAGCGGGCCUGCCG,0.0071839545125454,0.0384111899694419
AGGCCGGUCCACAC,0.026336564525228,0.0
CGUCGUCCCUGGAC,0.00183278271564989,0.897405057331952
CAGGCGGUUCAGAG,0.00557383441615543,0.0
AGGGCGGUUUGCCC,0.117101631026256,0.110540274870558
CGGGCGGUUUGGCC,0.00160913643109143,0.0
CAGCCGGUCUGCCG,0.00524194155492706,0.0
AGUGGGGCUCGCCG,0.0314680978087213,0.0
CGGCCUGCCUACCG,0.00446950029755935,0.022989159857172
CAUCGUGUCUACCG,0.00277766912745476,0.0
CAUCGGCCCCAGAG,0.00498257857436459,0.0
AAUCCUCCCCACCG,0.0112602750103036,0.0187510381406433
AAGCGUGUCUAGCG,0.0117141512773633,0.0
CAGCGGGCCUAGAG,0.00467989080303397,0.0154247384087667
CGUCCGCCUCACCC,0.000389898991951116,0.0531731039986802
CAUCCUGCCCGCAG,0.00460236134681999,0.0
AAUCCGGUUUAGAC,0.00531290134422378,0.0306734344395026
CAUGCGGUCCACAC,0.0029358468924273,0.0375126064564116
CAGCCUGCCCGCAG,0.00411101231017607,0.0264886331951789
AGGCGUCCUUACAC,0.0224889010827508,0.0694081077846321
AAUGCGGUCUACCG,0.793456090024588,0.0252455189245615
AAGGCGCUCUGCCC,0.0948456690795589,0.0
CGGGGUGUUUGGCC,0.00112825201373796,0.0
AGUCCUGUUUAGCC,0.00102217161325637,0.0237262096453357
AAGGGUGCUUGCAG,0.0243993638901501,0.0
CGUGGUCUCCAGCC,0.00080020592012006,0.0
AAGGGGCUCCACAC,0.0389795003307773,0.0267294688703343
AGGCGUGUCCACCG,0.0108749752593403,0.0
AAGGCGGUUUAGCC,0.0207377114445375,0.0312743552775771
AGGCCUGCCUGGAG,0.0158993556849935,0.030057862832331
AGUGGGCUCUGGCC,0.00289684176648982,0.0
AAGCCGCCUCACCC,0.00339314872179324,0.0271766592749369
AAUCCGGUUUGGCG,0.0107239437232001,0.0389176507321261
AGUGCGCUUCGGCG,0.0332318512986309,0.0260509471644485
CAUGCUGUUUGCCG,0.00377685843858085,0.0
AAUCCUGUCCAGAG,0.0109344013536536,0.051891721393936
CGUCGUCCUCAGCG,0.00460304622202041,0.0
CGGCGGCCCCGGCC,0.0017594673282819,0.0
AAGGGGCCUCGCCC,2.29790406186652,0.0
AGUGCUGUCCACCG,0.0190243179247561,0.0190429339238169
AAUCCGCUCUGCCC,0.00492607365331481,0.0475624764247048
CAGCGGCCCUGCAG,0.00498412403918294,0.0461392404759006
CAGCCGCUUUAGCC,0.000828565024903693,0.086357267933902
AAGGCUCUUCGGAG,0.0339345008193704,0.0
AAGGCGCCUCGCCC,0.0620538386460052,0.0370245821334461
AGGGCGGUUCGCCC,0.109528894718844,0.0423554684841391
CGGCCUGUCCAGCC,0.0015903739116559,0.0
CAUCGUGUUCGCCG,0.00293032120234721,0.0
AGUGGGGCCCAGAC,0.0093437964699313,0.0
AAUGCGCCUCGCCC,0.0205579157598437,0.0358221721390392
CAUGGUCCUCGGCG,0.00254937944604207,0.0
CGGGGUCUCCAGAG,0.00414731584523591,0.0
CGUCGGCUUUAGAG,0.00313799215048991,0.0
AGUGGGGCUUGGAG,0.0117720263020701,0.0
AGUCGUGCCCGCAG,0.00793746185220468,0.0
CGGGCGCCCCACCC,0.000974422299089042,0.0477389016588525
CGUCCUCCCCGGCC,0.000891790247547767,0.0306989001341507
CAUGCGGCCCACAG,0.00390901859846789,0.027726255683143
CAUGCUGUUUACAG,0.00376082282582963,0.0236040766932073
AAUCGGCUCUACCC,0.00118589047249637,0.0651185934692124
CAUGCGGCCUAGCG,0.00367810711174748,0.0
AGUGCGCUCUGGAC,0.0173213229579906,0.0
AAUGGGCUCUAGCC,0.00188295595829644,0.0282164674139725
CAGGCUGCCUAGAC,0.00213878915366605,0.0410404145153406
AAGCGGGCUUGCCC,0.0285378700775449,0.0355693555998266
CAGGGUGCCCACCC,0.00269517444284238,0.0295961164891088
CAUGGUCUUUACCG,0.00355246384273102,0.0282271361029089
CAUCCGGCUUGCCG,0.00551177024756183,0.0
CAGCCGCCCUGCAG,0.00724053500587581,0.0
CAUCGGCCUUGGCC,0.000736747455578547,0.0
CGGCCUGUCCGGAG,0.00482365955792144,0.0
AGGCGGGCUUGGAG,0.0270102603486388,0.0
AAGCCGGCUUAGAG,0.0249983993513244,0.0491947002202789
CGUCCGCCUCACAC,0.00274680613714971,0.0177204467906017
CGGGGGCUCCACCC,0.00557665525053883,0.0246760544588712
CAUCCUGCUCAGCC,0.000496336131503432,0.0
AAUCGUGCCCGGAC,0.00484339583101778,0.0398485732171304
CAUGCGCCUCACAG,0.00493259007741931,0.0464124770470634
AAGCGGCUUCGGCC,0.00266088387620931,0.0
AAGCCGGUUUGCAC,0.0259860636416861,0.0
AAUCGUGUCCAGAC,0.00487530730717209,0.0555531079344932
CGGCGUCCUCGGAG,0.0110039733665082,0.0
CAUGGGCUCCACAG,0.00458888300287573,0.0
CAGGGUGUCUAGCC,0.000976269002149542,0.0326364731583951
AGGCGUCCUCGGCG,0.0201219519349339,0.0
CAGGCGCCCUGCCC,0.00369201885949011,0.0273201139135899
CGGGCGCUCCAGAG,0.00606146161996018,0.0
AGGCGUCCCCACCG,0.0185726353427276,0.0530560540979496
CAGCCUGUUCGGCC,0.00179312779746233,0.0868840949412264
CGGGGUCCUUACAG,0.00555506805363254,0.0
AGUCGUCCCUGCCG,0.01144226773397,0.0150755726057616
AGUGCGGUCCGCCG,0.0265367224156197,0.0
CAGGGUCUCCAGCC,0.0010029630491164,0.027785734948356
CGGGGGGCUUGCAG,0.00310413951472009,0.0
AGGGGUCCCCGCAC,0.0315547729414028,0.0
CAGGCUCCUCAGAG,0.00577237230306956,0.0431526564544803
CGUCCGCCUCGCCC,0.00166802017844655,0.00981820641592968
CAGCCGGCUUACCC,0.00094939943666584,0.0
CGGGCGCUUCGGAC,0.00279179692732716,0.0
AGGGGGCUCUACCC,2.01478230159931,0.0
CAGCGUGCUCGCAG,0.00588318333702017,0.0394934798712873
AGGGGGCCUUGGAC,0.0165805193036819,0.0
AAGGGGCUCUACAG,0.0521426475695337,0.0214626772248273
CAUCGGCCCUACCC,0.00095408974232855,0.0439497659704439
AGGCCGCUCCGGCC,0.00543569768707036,0.0479016069639278
AAUCGGGCCCAGAC,0.00523453851363644,0.0482502738490718
CAUGGGCUCCACCC,0.00252208373153544,0.0
AAGCCUGCCUGGAG,0.0309015690429342,0.0
CGUGGGCUUCAGCG,0.00307764614759588,0.0
CAGCCGCCUCGCAC,0.00546122069249341,0.0
CAUGCGGUCCACCC,0.000473004003824109,0.027239089292985
AGUCGUGUUUGGAC,0.00493192124376008,0.0367258660296035
AAGGGUGCCCAGCG,0.0262916628414473,0.0
AGUGCGCCUCACCC,0.00230925718156425,0.0318149729545357
CAGGCUCCUUAGAG,0.00774655771898215,0.0337356238993076
CGGCGUGUUCGCAC,0.00350217782486588,0.0
CGGGGGGCCCGGAG,0.00375512737736922,0.0
CGGCCGCCUUAGCC,0.000508264598575881,0.0326305709988554
CAUCGGCUUCGCCC,0.00158276329244297,0.0
AGUGGGGCUCACCG,0.0123892401811023,0.0443611224654871
AAGCCGGCCUGCCG,0.335143244614146,0.0172410394452501
CAUCCUCCUCACCG,0.00298631617402168,0.0549260084150517
AGGCCGGCUCACAG,0.0193689260508343,0.0251513597244135
CAGCGUGCCUAGAC,0.00187442993908499,0.0692024414360084
CGUCGGCCUUACCC,0.000420502858574471,0.0295615007087493
AAGGGGGCCCGCAC,0.0423982818266495,0.0
AAGGGGGUCCGCCG,0.0372672922657787,0.0
CAUCCGGCCCACAC,0.00252147174858606,0.0281614369468687
AAUGCGGUCCGGCG,0.0336909142131814,0.0
CAUCCGGUCCGCCG,0.00696689920240699,0.0
AAGGGGCUCUAGCC,0.00727825833173951,0.0110469484431904
CAGCGUCCUCACAG,0.00504346678694044,0.0505536039586303
CGGGCUCUUCACAC,0.00630730655807836,0.0456023867980654
CAGGGUCUCUGCCC,0.00350327948508131,0.0226259992922177
AGUGGGGCCCAGCC,0.00199844890232118,0.0246046608634519
AAGCGUCCCCGGCC,0.0128449059379958,0.0284348425691226
AGUCCUCUUUGGAG,0.0153257492710043,0.116090295429173
AAGCGGGUUCAGAG,0.047307492971183,0.0
AAGGGGGCCCGCCC,0.625545575345384,0.0
CGUCCUCUUUACAC,0.00403134194834619,0.0253869306086629
AAUGCUGUUUGCAC,0.00938216313110775,0.0183029008107934
CGGGCGGCCCACCG,0.00474106264768306,0.0230202401088785
AAGGGGCUCCGCCC,0.0623452708760954,0.0140380750950742
AGUCGGCCCCGCCG,0.0106152612175264,0.029785102561307
CAGGGUCCUCGGAC,0.00459035755907488,0.0501264245781191
AGUCGGGCUCACAC,0.011663937696933,0.0
CAGGGGCCCUGGAG,0.00696689920240699,0.0
AGUGGGGUUUACCG,0.0305098590128125,0.0
CGUCCUGUUCAGCG,0.00213560581867399,0.0
CGUGCGCCCUACCG,0.00529262645938603,0.0
CAGCCGCCCUAGAC,0.00381338511593656,0.037800275738296
AAGGCGGUUCAGAC,0.0464138492241883,0.0297435654467602
AGGGCUGUCUGCCG,0.0572392140426043,0.0260733272551952
AAUCGGCCUUGGAG,0.00801567972750052,0.0
AAUGGUGUCCGGAC,0.0071497747981691,0.0
CGGGGUCUCCGCCG,0.00519583904261726,0.0
CAGCGUCUUCGGAG,0.00403780502161007,0.0
CGUGGGGCUUGGAG,0.00345206717236382,0.0
AAUCGGCCUUAGCG,0.00930942227049742,0.0230621873411675
AAGGGGGCUCAGAC,0.0225856494156734,0.0338572866344032
CAUCCGGUUCACAG,0.00307172654502328,0.0210057713711962
CGUCGGCCUUAGAG,0.00517421621184015,0.0343957794511145
AAGCGUGCUUGGCG,0.0136969116838951,0.0
AGUCCGCUCUAGAC,0.00468302128794983,0.0315347532439764
AGUCCGGCCUAGAC,0.00593172975803342,0.0418836281501939
CGUGGUGUUUGGCC,0.000376739013005294,0.0
AGGGCUGCUUGGCG,0.0332386624999629,0.0
AGUCGUCUUCACCG,0.0108462460879173,0.0293185901514559
CGUCCGGUUUACCC,0.000764974212108674,0.038317835764298
CGUCGGCUUCAGAG,0.00369356032347498,0.0
CGGCGGGUUCACCG,0.00483885034625792,0.0
AAUGCUGCUCGCCG,0.0171006140551153,0.0416358273676834
CGGCCUCCUCGCCG,0.00565760070039791,0.0289016668770875
AGGGCUCUCCGGCG,0.0411753374520137,0.0314424131341064
AGGCCUGUUCGGCG,0.0123606276171737,0.0
AAUCCUCUUUGGCG,0.00793101106615233,0.0282124458227598
CAGCGUGCUCACCG,0.00381977728447381,0.0
AAGCCGCCUUGGAC,0.0133412202047574,0.0315314830717131
AAGCCUGCCUGCCC,0.00993750898737533,0.0433938573277911
CGGCGUGUUCGGAG,0.0181546718127238,0.0
CGUCCGGUCCGCCC,0.00220373739389849,0.0
CAGCGUCUCCGGAG,0.00682777525520071,0.0847978802792963
CGUCGGGUUCGGAG,0.00640505249253546,0.0
CGGGGUGCCUGGCC,0.00165639534351175,0.0
CAGGGGGUUCGCAC,0.00984272199145313,0.0
AAGCGUGCCUAGAG,0.0240345537000599,0.0
AAUCCGGCUUGCCC,0.00657375553645445,0.0265206243887679
CGGCGUGUUUAGCG,0.00504183494911032,0.0
CGUGGGCCCCACAC,0.00362723707153838,0.0321151440595026
AAGGCUCUUUAGCG,0.0277021641672769,0.0223831911885543
AAGGCGGCUCGCCC,0.0452977176758239,0.0
AAGCGGCUCUGCCC,0.0124534649490623,0.0857311160034164
CGGGGGGCCUAGCC,0.000514114600006339,0.030136525640516
CGGGCGGUCUAGCC,0.000494195246432793,0.0184195220953506
AGGGCUCUCUGGAG,0.0312532942190327,0.0
AGUGCUGCUUACAC,0.0152232148269649,0.0268377675179382
AGUGGGGCUCAGAC,0.00715089426813397,0.0
AAGGGGGCUCACCC,0.0434869353440565,0.0198896810341468
CAUCGUCCUCACAC,0.00280491165158941,0.0313094175106537
AAUCGGGCUUGGCG,0.00557918906124709,0.0
CGUGGUCCUCGGAG,0.00842770064807298,0.0
AGGGCUGUUUAGCG,0.0253691913594411,0.0204729387209584
AGUGCGGUUUGCCC,0.0124979679240311,0.0
CGUCCUGUUUGGCG,0.00275859500469112,0.0
CGUGCGGUUUACCG,0.0141956787760258,0.045203013142282
AAGCGGCUUCAGCG,0.0185786262660568,0.0
CAGCGGGUCUAGCG,0.00452487260985823,0.0456136317987065
AAUCGGCCUCACCG,0.0104992625171757,0.0390226826161829
AAGGCGCUCUAGAG,0.125451980748057,0.0209566023351847
AGUCGGGCCUGCAG,0.0118736938019517,0.0489448124801046
CAGCGUGUUUGGAC,0.00204569827696814,0.205261966796714
CGUGCGGCCUACCG,0.00417588770850463,0.0
CAUCCGCCUCACAC,0.00359625196569023,0.0366069361181724
AGGGGUGCCUAGAG,0.0296093216102297,0.0
AAUCCGCUUUGGAC,0.00594886480968228,0.0203985862373296
AAGCGUCUUCGGCC,0.0199671676892806,0.0373034770925796
CGUGGUCCCCGCCG,0.00453986014334466,0.0414198344498168
AGUGGGCCCUAGAC,0.00524639972195595,0.0466994302679108
CAGGCGCCUUGGAC,0.00330549884884349,0.0207030634855534
AGGGCUGCCUGGAC,0.0212840753621921,0.0
CAUGCUGCUUACAG,0.00301886943308104,0.0478186607453552
AAGCCUGCUUGCCG,0.0291695065742857,0.0
AGUCCGCCUUGCCG,0.0201118573102174,0.0734547562031987
AGUGCUCCUCAGCG,0.0130587361536918,0.0294482272903772
CGUCGUCUUUAGCC,0.000406225229873867,0.0325709963768743
CGUGCGCUUUGGCC,0.000840689151067033,0.0265757091908637
AGGCGGGUCCACCC,0.0282975042359454,0.0
AGGGCUGCUCGGAG,0.0518094391613451,0.0
AAGCGGGCCCAGAC,0.010123581514679,0.0
AAUCGUGUUCACCG,0.0157291770353674,0.0177122634187628
AGUCCGGUCCACAG,0.0142490568364641,0.0148763362429879
AGUGCGGCCCAGCG,0.0211638063103803,0.0220859528699483
CAUCCGCUCCACAG,0.0035478178411594,0.0296067993516449
AGGCGGCCUCAGCG,0.013726045784187,0.0
AAGGGGCCCCGGAG,0.0600252395929873,0.0
CAUGCGGUUUACAC,0.0033972532426083,0.0
AGUGGUGUCUAGAC,0.00467994823769197,0.0230230590101531
CAUGGGGCUUGGCG,0.00224059715114931,0.0
AAGCGUGCCUACCC,0.0156512271314753,0.0387001977114104
CGUGGGGCUUACCC,0.00158565627008187,0.0507858612172202
CGGCGGGCCUACCC,0.00192918206735327,0.0365986327351994
CAGGCUCUCCGCCG,0.00482754125820947,0.0223835199674613
AAUGCGCUCCACCG,0.102199419316153,0.0320673034920394
CGGCGGGCCUACCG,0.00366956132384844,0.0
CAUGCGCCUUACCC,0.000395816597879908,0.0415544637046195
CGUGGGGCUCAGAC,0.00177789849288114,0.0
CGUCGGGUUUACAG,0.00374011610556547,0.033778980307934
AAUCGGCCCCACAG,0.0111600368552407,0.0361883339041563
CAUGGUCCUUACCC,0.000632648531034204,0.0210100359022297
AGUGCUGCCUGCAC,0.00773135781460285,0.0255212021692236
CAGCGUCCCUGCCG,0.00775348459622714,0.0451629812370862
AAGCGGCUCCAGAG,0.0145518297856726,0.0
AGUGCGGCCCGCAC,0.017350658766329,0.0
AAGCCGCUCUACAG,0.0237423402812142,0.0801530332064903
CAUGCUCUCUGGAG,0.00534101193334666,0.0
CAUCCGGUUUGGCC,0.000507810714298881,0.0281516077742487
CAGGCGCCUUACCG,0.0151911778438706,0.0383142558270934
AGGCGUGCUCGCCG,0.0233306846274153,0.0225313449905101
CAUGGGGCCUGGCC,0.000976200846295142,0.0
AGGGGUGCUCACCG,0.0318605832546115,0.0
CGUCCUGUCCACAC,0.00436635157385876,0.0227093674700132
CAUGCUGUCCACAC,0.00335761389334678,0.0187124296477441
AAGCGGGUCCGGCG,0.0247212552343474,0.0
AGUCCGGUCUAGAG,0.0155014428313735,0.0
CGGGCUCUCCACCC,0.0029322656756069,0.0
CAGGCUGCCUGGAC,0.00270186493726179,0.0
AAUGCGCUCCGCCC,0.0154670058175526,0.0263987550314674
AAGCCGCCCCGCAG,0.0374391264242718,0.0345445595904694
AAUGCUGCCCGGAG,0.0155098321056256,0.0282716565804919
CAGGGUGUCUAGAG,0.00679362739264509,0.0461262461260173
CAUGGUCUCCGGCC,0.000590901921566632,0.0
CGGCGUGUCCAGCG,0.00604143035221411,0.0
AAGCCUCUCUGGCG,0.013382569270562,0.0
CAUCGGCUCCAGAC,0.00236952742858863,0.0343170331150605
AGGCCUGUCCGGCG,0.063568942031179,0.0388604436253449
CGUGCUCUCUAGAG,0.00569836273177044,0.0364281922824297
AAGGCGCUCUGGCC,0.0326879255074918,0.0418072917597125
AAGCGGCCUCACAC,0.0217948875652638,0.0439164653644382
CGGGCUGCUCAGCG,0.00548451688973932,0.0454925865147208
CAUGGUCCCCGCCC,0.00217715600075218,0.0
CAUGGGCCUUACAG,0.00264294159605509,0.0513313068234726
AGUCGGGUCCGGCC,0.00403365018879758,0.0
CGUGCGGCCCGCCC,0.00203259068496095,0.0
CAGGCUGUCCACAC,0.00464697012949441,0.0454043745854998
AGUCGGCCUCGGAG,0.00971192169920791,0.0
AAGCCUCUUCACAC,0.0153103228439992,0.0241391281327779
CGGCCUCCUUACCC,0.000552875321468427,0.023831761697774
CGGGCUCUUUAGCC,0.00107706713676617,0.0327708730895606
AAUCCUGUUCAGCG,0.00946906691495569,0.0201342477506838
CGUGCUCCUUGGAC,0.00251402595603533,0.0
AAUGCUGUUUGGCG,0.0113049156498706,0.0431563465402192
AGUCCGGCCUAGAG,0.00920223380963089,0.0619542052551872
CAUGCUCUCCGCAG,0.00386487229720079,0.0214873242465739
AGGGGUCUUCGGCG,0.0158197584801887,0.0
AGUGGGGCUCGGCG,0.0147091468644367,0.0
CGGCGGCCUCAGAG,0.00415512623289172,0.0
CGGGCGGCUCAGAC,0.00456229173852763,0.0337324069878834
CAUGGGGUCUGGCG,0.00367566031773849,0.0
AAUGCGGUCUAGCG,0.0330099035194421,0.0309044120448537
CGUCGGCUUCGCAG,0.00594260943133351,0.0
AAUCGGCUCCGCAC,0.00857972975780292,0.0626805260413956
AGGCCGGCUCACAC,0.0176891674072694,0.0508550744940657
CAUGGUCUUCGCAC,0.00332210572761811,0.0639985565452612
CAGGGUCUCCGGAC,0.00261754467187207,0.0
AAUGGUCCUCGGCC,0.00449294752498567,0.0
AAUCGUGCUCACAG,0.0098139656457962,0.0429037440763736
CAUCGUCUCCGCCC,0.00360518305500899,0.0214216502144941
CAUCGGGUCUACCC,0.00115494614297966,0.0
CGUGCUCUUUACCC,0.0013714822251223,0.0432864038207393
CGGGGGCCCCACCG,0.00718845010360456,0.0
CGGGCGGUUUGCCC,0.00321055262783732,0.0
AAGCCUGCUUACCG,0.0179641121369591,0.0501421511090756
AAGCGUGCUCAGAG,0.0177779397209967,0.0268759005925965
AAGGCUGCUUACCG,0.0304087865465685,0.0
AAGCCUCCUCGGCC,0.00902651095727816,0.0323492867707634
CGGCGGCCCUAGAC,0.002013016497654,0.0722249294285943
CAUCCGGUUCAGCC,0.000333315057374286,0.0510091500965643
AGUGCUCUUCGCCG,0.0147307479612434,0.0
AAUCGGGCCCGCCC,0.0117515532128492,0.0414416278581741
AGUCCGGUUCGGAC,0.00468386978713725,0.0259497459914461
AAUGCGCUCCGGCG,0.0404295528311723,0.0282374549810336
AGGGCUCCUUGCCG,0.0565340243900861,0.0261850817463273
AAGGCGGCUCAGAG,0.0871591282519086,0.0
CAGGGGGCUCGCAC,0.00687850825558202,0.0301902719241476
CGGCGUGCCCGGCC,0.0028017422598927,0.499628326397146
AAGCGGGUCUGCAC,0.0130654002444686,0.0
AAGGCUGUUCAGAC,0.013880167582508,0.0201550736837083
AAUCGUCCUCGCCG,0.00823510886350361,0.0
AAUCGGCUUCAGCC,0.000846001161227262,0.0641341042248465
CGUCCUCUUUGCAC,0.0037761591498494,0.0
CGGCCGCCUUGGAC,0.00416985028049233,0.022610745106927
AGGGGUGUCUGCCC,0.0161718211324689,0.0
AAUCGUGUUUGCCC,0.00449128394785504,0.03279979715398
AAGGCUGUCUGCAC,0.0244914088530363,0.0305749912853761
AGUCGGGUUUGGAG,0.0251876940123539,0.0
AGUGGUCUCCACCC,0.0129450125904784,0.0247836039685607
AGUCCGGUCUGCAC,0.006546942593842,0.0416489188686417
CGUGGUGUCUGGAC,0.00222295872166562,0.0
CAUGCUGCCCGCAC,0.00358031972359514,0.0533982623085387
CAUCGUGUCCAGAC,0.00165273928591211,0.248441820526656
AGUCCGGCUUGCAC,0.00710125823607825,0.0
AAGCGUGUUCACCC,0.016622913002406,0.0217540092088837
AGUGGGGCCUGCCG,0.0378064713670106,0.0
AGGCCUGCUCACCG,0.0157721608395136,0.0350569088723827
AAGGCGCUCUACCC,0.0270693224472806,0.0425102952521159
CGUCCUGCUCAGCC,0.000430529672863797,0.0222212651597301
CGGGGGCUUCAGCC,0.000978782729866696,0.0424907608237799
AGUGCGGUUCACCG,0.549736078267466,0.0255293908986624
CAUGCUGCCUGCCC,0.00186390416449444,0.0299435303207716
AAUCGUCCUCACCG,0.0128511287130932,0.0498632794861802
AGUCCUCCCCGGAC,0.00461449604835763,0.023014309726439
AAUCCUCCUCGCCG,0.0120663269596219,0.0211086878329016
AGGGCGCCUCAGCC,0.00978930162360785,0.0386270285824683
AAUGCUCUUCGCAG,0.0164024245369761,0.0394361225410909
AGUGCUCCUCAGAC,0.00543577707045218,0.0222509111242025
CGUCCGGCCUGCCG,0.00484834962570175,0.0507247136919693
CGGGCUCCUCGCAC,0.00762112316273593,0.0
AGGGCGGCUUAGCC,0.015861631593263,0.0342583744305172
CGUGCUCUUUACCG,0.00479805007505344,0.0
AGGGGUCUUUGGAC,0.0133710971752316,0.0
AGUGCGCCCCACCC,0.00230904171956848,0.017550543763157
AGUGCUCCCUGCCG,0.0150848448880639,0.0214400614453183
AAUGGGCCCCACAG,0.0181176322607888,0.0179263370832552
CGUCGUCCCUAGAG,0.00364425400437362,0.0
CGUGGGCUCCACAC,0.0022495395088726,0.0187689324533523
CGGGCGGCCCGCCC,0.00483552330394064,0.0
CAUCGUGCUCAGCC,0.000511758872964787,0.0690478293745492
AGUCGUCUCCACCG,0.00884741351764963,0.0272348821237202
CAUGCGCCUUACCG,0.00599880679511881,0.0291368877882945
CAGGGUGUCCGCAC,0.00296402805105696,0.0394938075566106
AAUCCUGUCUGGCC,0.00285098067331096,0.0283648182409728
AGGCCGGUUCGGCG,0.0613453370630102,0.0
AGGCCUCCUUAGAG,0.0179962358019529,0.0
CGUGCGGCCUACAG,0.00493217225766703,0.0383489342557399
AGUGGUGUUUAGCC,0.00180271527237492,0.0628389005662473
AAUGCGGUUUGCCC,0.0174426975085552,0.0169958328437849
AGGGCUGUCCAGAG,0.0374893760696697,0.0260459165618668
AGUGGUCCCUAGAC,0.00434093469888838,0.0402749649181862
CAGGCUCCCCGGCC,0.00086904835087552,0.0518034020469495
CAUGCGGCCCGCAC,0.00351566383693879,0.065025193040547
AAGGCUCUUCACAG,0.0361833265885705,0.0265766654314102
CAUGCUCUCUGCCG,0.00549991228837545,0.0230508355247551
AAGGCGGCCCGGAC,0.0465111363302346,0.0
CGUCGUCUCUACCC,0.00250429072541251,0.123128354628377
AAUCCGGCCUGGCG,0.0147150328775877,0.0264999015491108
CAGGCGCCUCGGCC,0.00171715635713374,0.172608073592795
CAGGCGCUUCGGAC,0.00258769236700994,0.0
AAGGGUCUCCGCAC,0.0216310983300539,0.0313855457768924
AGGGGUGUCCGGAG,0.0152447740611809,0.0
AGGCGGGCUCACAG,0.0199474956028872,0.0
AAGGCUGCCUAGCC,0.0043290972047732,0.0251250009114958
CAGGCUGCUUACAG,0.00751001768861614,0.0
CAUCGUGUUUGCCC,0.00108691638747229,0.0
AAGGCUCCCUAGAC,0.017176818107649,0.0533312431397765
AAUGGGGCCCACCG,0.0205921662674036,0.107170764890636
CAUGCGCCUUAGAG,0.00426155428996897,0.10237163181913
CAUGCGCUCCACAC,0.00402210898654065,0.00903124764749423
AAGCGGCCCUGGAG,0.0315788637068889,0.0
AAGCCGGCUUACCC,0.00350107616465044,0.0217951222196958
CGGCCGCUUUACAG,0.00773164763908233,0.0314725372213556
AGUGCUGUUCAGAG,0.016951717874981,0.0280152036358009
CAUGCUGCCCACAC,0.00403397226886056,0.0348523109681861
CAGCCUGCUCAGCG,0.00534101193334666,0.0161444275344344
CAUCCGCCUCGCAG,0.00460844208848383,0.0585942921231031
AAUGGUGCUUGGAC,0.00599397268872996,0.046579479710387
AGUGCGCUCCGCCG,0.064234061517246,0.0118705944135714
AGUCCUGUCUAGAC,0.00548108122440366,0.0181319337280182
CGGGGUCUCCAGCG,0.00809326808267326,0.0
AGUCCGGUCCGCAC,0.00778535052902582,0.0397514570213241
AAGGGGCCUCACCG,0.0674744848749247,0.0381156104141595
CAGGGUCUCUACCC,0.00310672611021457,0.0197557949891016
AAUCGGCCUUAGAG,0.0111847272022655,0.0
CAUGGUGCCCAGCC,0.000706240540770135,0.0
CAGCCGCCCUGCCG,0.0463165602411856,0.0
AAUGCUCUCUACCG,0.0112654704298733,0.0430237302256981
AAGGGGGUCUGGAC,0.0413086491918765,0.016834928289996
AAUCGGCCCCACAC,0.00742088774826669,0.033457242047324
AGUGCUCUUCGGAC,0.00688744353496978,0.0222707377561985
CAGCCGCUUCGGAC,0.00379754221973409,0.0539605948568211
AAUCCUCUUCACAC,0.00944806593726495,0.0203064311178432
CGUCGUGUUUACCG,0.00624536974341408,0.0
CAUCCGCUCCGGAC,0.0016973619319264,0.0275983445199954
AAUCGUGCCCACCC,0.00824379010474351,0.0360896952366766
AGUGCUGUUUAGAC,0.00561736651750107,0.0481003375817144
AGGGCUCCCUGCCC,0.0239553950217559,0.0218040403398855
AAUCGUCUUUGCAC,0.00731742210763864,0.0483937364015101
CGUCGUGCCCACAC,0.00306894301250193,0.0201017300490563
AGGGCUGUUUAGCC,0.00557686575567357,0.0194486163249752
AAUGCGCUCUAGCC,0.00219240266731241,0.0310206308850445
AAUGGGCUCUAGAG,0.0156355221624846,0.0
CGGGCUCCUCGCAG,0.00588775457504427,0.0217216679832277
CGGGCGCUUUGCCG,0.0615862849697777,0.0372570731829297
AAUCGUCUUCGCAG,0.0194238433984158,0.0
CAGGGUGCCUAGCG,0.00383997438842344,0.0470649137124672
CAUCCUCUUUGCAG,0.0035173256528281,0.0
CGUGCUGCUCACAC,0.00313806631366231,0.0325105302317074
CAUGCUCCUUGCAG,0.00515824640871719,0.0
AGGCCUCCUUGGAC,0.0104385204518237,0.0
CAGGCUGUCUACAC,0.00631727367138102,0.0
CGGGCGGCCCGCCG,0.0311564273443192,0.0218901780578201
CAUGGUCCUCAGCC,0.000569766736793882,0.0213610787303055
CGUCCGGCCUAGAG,0.00476843177472864,0.0
AAGGGGCCUUACCG,0.0811667836225123,0.0517707416753669
AAGGGUCUCCGGCG,0.0197667887927529,0.0
AAGGGGGCUCACCG,0.0539657836184576,0.0
AAGGGGCCUUGCCG,0.530288969488601,0.0557111575527925
CGUCGUCCCUACCC,0.00149683152409034,0.0322125539939794
CAUGGUCCCUAGCG,0.00457565649581751,0.0
CGUCCGCUCUAGAG,0.00467189823496565,0.0
CGUGGGCCUUGGAC,0.00209280467592359,0.0489462008429235
AGGCGUCUUUACAC,0.0141587792640685,0.0322372807249266
CGGGCGGUCCAGCG,0.00603546270369809,0.0241458805487851
CAUCGUGUCUACCC,0.000995540239785253,0.0
CAUGGUGUUUGGCC,0.000408814532085511,0.0578821555661021
CGGGGUCCUCACCG,0.00769297802747174,0.0
AGGGCGCCCUGGCC,0.0305466770735336,0.0557452306691929
AAGGCGGCCUGCCG,4.18688792470387,0.238420158018987
AAGGCUCUCUGCCG,0.0376999142323798,0.0214887180238124
AAUGCGCUUUAGAG,0.0231921998180007,0.0
CAGGCGCCUCGCAC,0.00573189987294805,0.0
CGGCGUGUCCGCAG,0.00573246498187766,0.0
CAUCGUGCUCGGAC,0.00168992955703546,0.752975804661788
AAUGGUCUCCAGAC,0.00618756769803355,0.0345302605200666
AAGCGGGCCCGCCC,0.0653711543052588,0.0
CGGGCGCCUUGGCC,0.0016654485486741,0.0
CAGGCGGCCUGGCC,0.00168467972117681,0.0
CAGGCUCCCUACCC,0.00119800616396421,0.0253437972672338
CAGCGGGUUUACCC,0.0047716952767152,0.0613131786247352
CGUCCUGUCUACCG,0.00403612330356692,0.0
CGUCGGCCUUGCAG,0.00366743896333725,0.0
AGUCGUGCUCACAC,0.00745946372539676,0.0238582140039442
CGUCCGCCCCGGAC,0.00292418939792472,0.0903849775035258
CAUGCUCCCUAGCG,0.00311548605924665,0.017865603107534
CAGCCGCUUCGGAG,0.00874152493646969,0.0
CAUCCUCCCCAGCG,0.00362055696995573,0.0
CAGCGUGUCCACCG,0.0045390686478003,0.0241805506597811
AGGGCGGCCCACCG,0.116002406935329,0.0
AAUCCGGCUCGCAC,0.00667214058314406,0.0
CAGCCUGCUUAGCC,0.000603890689775781,0.0311265001793402
AAGGGUCUCUGGCG,0.0213933939528006,0.0
AAGCCGGUCUACAC,0.0242137807867215,0.0197876365465975
CAGGCUCCCCGGAG,0.00536830177534186,0.0
AGUCCUGCUUGCAC,0.00800763823033475,0.0175488375618064
CGUGGUGCUUAGCG,0.0037513695170025,0.0
CAGCGGCCCCGGCC,0.00308022070845968,0.21376740982722
AGUCCGCUUCACCG,0.0181264081825016,0.0206781206295055
CGUGCUGUUCAGAC,0.00169431898445633,0.0
CGGGCGGCUCGGCG,0.00713113131760021,0.0
CAGCCUCUUCAGCG,0.00981786993592654,0.100877030483804
AGUCCUGCUCGCAC,0.0100190180375227,0.023460019364516
CGGCGUGUCUACCG,0.00764682894960746,0.0514340643710581
AAGGCGGCUCGGAC,0.0524356669320463,0.0458319257705065
CGUGCGCCUCACAG,0.00422531658342162,0.0191447501992293
CGUCGGGUCUACCG,0.00323388513240009,0.0
AAGGGGGCUUGCAC,0.702216333358701,0.0448209736368492
CAGGGUCCCUGGAC,0.00284095070233427,0.0
AGGGGUGCUUAGCC,0.00458567217038801,0.0
AAGCCUCCUUACCG,0.0139982257371136,0.014631636425069
CAGGGUGUUCACCC,0.00300225309738792,0.0327630371163729
AGGGGUCCCUGGCC,0.00977253281861216,0.0493421481307622
AAGCCGGUCCAGAG,0.0324324724634099,0.0175076264563227
CGUCCUCUCUGCCC,0.00217698997040056,0.0307566045435804
AAUCCUCUUUAGCC,0.000769978568601143,0.0215471600906761
AGUCCUCCCUGCCG,0.0239043172021778,0.0227037771532392
AGGGCUGCCUACCG,0.0323505421368134,0.0306743851174118
CGGGCGGCUUACCG,0.00924359978327772,0.0711117026149945
CAUCCGCUCUAGAG,0.00388648583100761,0.0567267054535724
AGGCCGGCCCACCG,0.0357455987847996,0.0
CGGCCUGUUCGGAG,0.0095992108090817,0.0291467932222036
AAUGCUCUUCAGCC,0.00100227447520965,0.0270004350931925
AGUCGUGUCUACAG,0.00858572003522435,0.0
AGGCCUCUCCACAC,0.0252110159512542,0.0227816873558718
AGGCGGCCUUGCCG,0.0370818828515211,0.0
AAUGCUCCCCGGAC,0.00598298578149276,0.0367035850289656
CGGGCGCUUCAGAG,0.0105248908423459,0.0
CAGGGUCUUCGCAG,0.00868440647241083,0.0
CGUGCUCCCUAGAC,0.00157564044350785,0.0380799621047594
AGUGCUGCUCGCAG,0.0139488646853021,0.0
CGGGGGCCUUGGCC,0.00226022904999747,0.0
AGGGGGGUCCGCCC,0.059316804944483,0.0
AGGCGGGUUUACCG,0.0290900977542105,0.0580760577043795
AAGCCGCCUCACCG,0.0595387989749638,0.0331361329846927
AGUGCGCUCUACAG,0.0743755909747075,0.0322703047490919
CAGCCGCCUUAGCG,0.00433186378821042,0.0
CAGCGGGCCCGGAC,0.00341644676375298,0.0
AGGCGUCCCCGCAC,0.0132435295898289,0.0361881216411557
CAGGCGCUCCACCC,0.000878545996225266,0.0213276113078295
AGGCCUCCCCACCG,0.0199218906650418,0.0408750210135483
AAUGGUGUCUACAC,0.00830351082937967,0.0186400510468017
AAGGCGCCCCGGCG,0.0856208386698377,0.0554678908903819
AAGGCUCUUUACCG,0.0355401853150246,0.0303984895195216
AAUCCUGCUUGGAC,0.0051560288772645,0.0408789104246077
AGUCCGGCCUAGCG,0.00797407243377037,0.0189551607260676
AAUGCUCCUUGCCC,0.00717453820388125,0.0194443968580522
AGGCGUCCUCGCCG,0.0231167506878873,0.0
CGGGCUCUUCACCC,0.00216644853794401,0.0338486404361511
CGUCCGCUCCGGAG,0.00600703398217787,0.0
AAGCGUCUCUAGAC,0.0102393317884838,0.0229597883821896
CGGGCUGCCCACAC,0.00444486752422722,0.0
AAGCCUCUUCAGCC,0.00349084522587174,0.0141086746313657
AGGCCUGUUCGCAG,0.021172164136347,0.0
AAGCCUGCCCGGCG,0.014611262125503,0.0
CGGGGUCCCUGGCG,0.00641500926967242,0.0
AAGGCGCCUUGGCG,0.0980725853193594,0.0280069340824735
CGUCGGGUUCAGAG,0.00525615473440564,0.0
AAUGCGGUCCACAG,0.0244222077919964,0.0245682041893412
AGUGGGGCUCGCAG,0.0147560980856182,0.0
CAGCCUCCCCGGAG,0.00768508586632973,0.0349143759691713
AGGGGUCCUUACAC,0.0241579453820022,0.0154047447366186
CGGGCGCCUUACAG,0.00662757336052406,0.0294838823713895
CGGGGUCUCUAGAG,0.00808700636655513,0.0
AAUCCGGUUCAGAG,0.0105428882617069,0.0
AGUCCGCUCCACCC,0.00109024773538047,0.0448762841435058
AGUGGUCCCUACAG,0.0104589925991469,0.0227447293736792
CGGGCUCCUCGGAC,0.00324089626547847,0.0445418472952953
AGUCGUGCCCGCCC,0.00873768503972624,0.050888167021426
AGUCGGGUUUACCC,0.0045519022126904,0.0286622154655424
CAUGGGGCUCAGCC,0.000497577177303349,0.0211843265250168
AGGGCGGUUUGGCG,0.692871118384541,0.0
CAGGGUCCCCAGCG,0.00380504394931653,0.0
CGUGCGCUUCGCCC,0.00176701174554672,0.0218894423002747
AAUCGUGUCUGGCG,0.00988131568233363,0.0
CAGCGGGUCCAGAG,0.00648179253095694,0.0363270489363333
CAGCCUCUCUAGCC,0.00126530809021768,0.0314264419661324
AAUCCUGUUUAGCG,0.00921887254564718,0.040387723926699
CAGGGUCUCUAGAG,0.00882262188617108,0.0
CGUGGGGUCCACAG,0.00396414067520469,0.0
AGUGGGGCCCGGCG,0.0108545007226441,0.0
AAUCGUGUUCGGCG,0.0118071666790913,0.0
CGUGGUCUUUACCG,0.00377603898567597,0.0246220859183887
CAGCGUCCCUAGAC,0.00208264404053036,0.0530361693540003
CGUCCGCUCCGGAC,0.00252976575584643,0.0
AGGCGUCUCCACAG,0.0202633239625798,0.0171851548204772
CGGGGGGCCUAGAG,0.00649245086962659,0.0
CAGCCUGUCUGCAC,0.0050277150918729,0.0698993419324567
CGGCGGGCCUACAG,0.00536172919817799,0.0
CGGGCUCCCUGCCG,0.00759411108506096,0.0162040098622626
AAUCGGCUCUGCCG,0.0138875286757657,0.0
CGUCGUGCUUACCG,0.0034234974449898,0.0
CGGGCUGCUCGCAC,0.00709969933383117,0.0
CAGCCGCCCUACAG,0.00538149773808923,0.0321328602170225
CAGGGUCUCUGGAC,0.00291256167990874,0.0
CGUGCUGCUCAGAC,0.00184006672805723,0.0259885307728926
CGUCCUGUUUACCG,0.0057486007116635,0.0
CGGGGGGUUUGGCG,0.00266039998382877,0.0
AAUGCUGUCCGGAC,0.00740771257898377,0.0253938360603634
AAGGGGGCCCGGCC,0.016201864324594,0.0
CAUCCGCUCCGCAG,0.00360930326421472,0.0
CGUGCGCUUUACCC,0.0010447057651335,0.0305289893688259
AGGGCUCCCCGCCC,0.032624399883381,0.0332768100580597
AAGCGGGCUCACAC,0.0152570123063464,0.0161910333427821
CAGGCGGUUUGCAC,0.00589418816930042,0.0
AGUGGUGCCCACCC,0.00783103865062393,0.0249274506528231
CGUGCUGUUCAGCG,0.00328680325274846,0.0231897062212434
CAGGGUCUUCACCC,0.00254294161915813,0.0643652633408783
CGGCCGGUCCGGAC,0.00280270044808008,0.0
AGGCCGCCCCGGAG,0.0160688159023258,0.0
CGUGGUGUCUAGAC,0.00189692800065537,0.0
AGUGGUCCUCAGCC,0.00101926206781421,0.0421779093599038
CGGCGUGUCUAGCC,0.00135054614341044,0.0913742613832992
CAGCGGCCUCGCAC,0.00493609221675913,0.0308083118874283
AGGCCUGCUUGCAC,0.0190746958001385,0.00961681658127366
AGGGGUCUUCGGAG,0.0309015690429342,0.0
AAGGCUGCUCGGAC,0.0147893825173902,0.0228392457727403
CGGCGGGUCCGCAC,0.00506785732304121,0.0
AGUGCGCCCUGCAG,0.076385901005006,0.0191413099585229
AAGGGUCCCCGCCG,0.0212616230480188,0.0
CAUCCGCUUCACAC,0.00297409467314625,0.0257826976962142
CGGGGGGCUUACAG,0.00492633709380111,0.0
AGGCGUGUUCAGCC,0.0107956554510508,0.0260490694317792
CAUGCUGUCCACCG,0.00406959238501542,0.0401285597928435
AAGGCGGUUCGCAC,0.0928077123589459,0.0192871054417614
CGGGGUGUUUAGCG,0.00409345460049259,0.0
CAGGGUGCUUGCAG,0.00729620380180392,0.0
AAGGGGGCUCGGAG,0.0625302338280552,0.0535388252930896
AGUCGGGUCCACCC,0.0073457444124918,0.0311686675987622
AGGGGGCCUUAGAG,0.0370039797362868,0.0187488040798922
CAUCCUGUUCAGCC,0.000353369266505471,0.0330823743986259
AGUCCGGCUCGCAG,0.0122217441608009,0.0
AGUCCGGCCCGGAG,0.00970121985711512,0.0
CAGGCUGUUCACAC,0.0045258492713324,0.0224225034611074
AAGGGUCUCCGCCC,0.0222235118298408,0.00875974065602286
CAUCGUCUCCACCC,0.00256742610460282,0.035246415704973
CGGCCUGUUCACCC,0.0017190737733344,0.0233181110706436
CAUCGUCUCUGGAC,0.0015217858121646,0.881809309003894
AGGCGGCCCCACCC,0.00243977131653081,0.0363403059082102
AAUCCGCUUCGCCG,0.0180077378814903,0.0
AAGGCGCCCUAGCG,0.12277041405828,0.0275610942935829
AGGGCUCCCUGGAG,0.0544493469718537,0.0
CAUCCGGUCCAGCC,0.000243326333208772,0.0206464586279875
CAGCGUCUUUACAC,0.0061178863963789,0.0213687845937565
CAGGGGGUCCACAG,0.00639342807784846,0.0
CAGGCUGUUUAGAC,0.00279437362378171,0.0292004028166913
CGUGGUCCCCGGAG,0.00896145502245093,0.0
AAGCGUCCCCAGAG,0.0338980848289157,0.0330840192980304
CAGGGGCUUCACCC,0.00877671135115296,0.0331710379647888
AGGGCGCCCCACCG,0.135348872408052,0.0425850714959436
AAUGGGCUUCAGAC,0.00839505096033226,0.0181818964263266
CAGCGGCCUUACAC,0.00397157749779994,0.0447855638444801
AAUGGUCUUUAGCG,0.0102260614021597,0.0489076585459793
CAUGCGCUUUGGCC,0.000731004859080165,0.0217922297114562
CAGGGUGUUUGCCG,0.00510062043238794,0.0
CGUCGGCCCUGGAG,0.0050838065199666,0.0354333710279748
CGGGCUCCCUAGAG,0.00587000516547788,0.0
CGGCCUCCUCACAC,0.00537703694752383,0.0221549286086656
CGUCCUCUUCGGAG,0.00598565825556049,0.0
AAUGCGGUCUAGAG,0.0301599313859038,0.0293660449783945
CAUGCGCUUCGCCG,0.00907354894937138,0.038238595812077
AGGGGUCUCUACCG,0.0349242585041446,0.0
AGUGCUGCCCGGCG,0.0226611506314851,0.0
CGUCGUGUUCACCC,0.00235380587007279,0.0170554169244569
CAUCCUCUCCAGAC,0.00269048361383276,0.0613071999256887
CGGGCGCUCUGCCG,0.035006052259324,0.0405857859112424
AGUCCUGCUCACAG,0.00815440151780144,0.0291054106789389
AAGCCUGUCUAGCC,0.00646589702959975,0.0323526649435756
AAUGCUGCUUGGCG,0.0134207544383546,0.0228840708626067
CAUGGUGCCCACAG,0.00342826567499219,0.0237996251282225
AAUGGUCUUUGCCG,0.0155082223821417,0.0272651132696355
CGGCCUCUCUGGCC,0.00173790814838619,0.0
CGUCCUGUUUGCAC,0.00367478118348407,0.0426612871987511
CGUCCGGCCCACCG,0.00343727041957022,0.0357295327934522
CGGGGGCCCUGGAC,0.0019256170620226,0.0
AGUCGGGCCUGGCG,0.0197770041874779,0.0
CAUCCUCCCCAGCC,0.000408362338357919,0.0430248627944394
CAUCGGGCUCGGCG,0.00315807244065152,0.0
CAUGGUCCUCAGCG,0.00290417523875724,0.0
CGUCGUGUUCACCG,0.00381725264648011,0.0
CGGCCUGCUUGGCC,0.00245542197260072,0.0
AAUCCUGCCCAGCC,0.00206391819894311,0.0186259371700954
CAUCCGGUCCACCC,0.000515820069027618,0.0341905444592572
CGUCCUGCCUGCCC,0.00194485399570914,0.0632914696764568
CAUCGUGUUCGGAG,0.00351154193669707,0.0
CAUGCUCUUCAGCG,0.00328694830783706,0.0294659709675083
CGUCCGCCUCAGAC,0.00175638404065562,0.030138296588312
AAGGCUCUCUAGAC,0.0129699543306963,0.0194674729173783
CGUCGGCUCCAGAC,0.00270388729125674,0.0418558348267154
CAGGCUGCUCGGCC,0.00126875459798445,0.0
AGUGCGGCCCAGCC,0.00158983930859302,0.0341306043319825
CAGCCGGCCCACCG,0.00419694662646155,0.0297011235848855
CAUCGGGUCCACAG,0.00427542256621419,0.0
CGUCGGCUCUAGAG,0.00390046471475259,0.0
CAUCGUCUCCACCG,0.00295149601756231,0.0
AGGCGUGCCCGGCC,0.00836719407931758,0.0
AAUCGGCUUCGGCC,0.00149697310719861,0.0193455427833105
AAUGGUCCUCGCAC,0.0126461312442008,0.018925728398243
AAUCCGGCUUAGAG,0.0159567751256789,0.0
CGGCGUGCUCGGAG,0.00934970550529806,0.0
AAGCCUCUUCAGAC,0.00892373300845278,0.0297129599304488
AGUCCGCUUCGGCG,0.00879171400939819,0.0
CAUCGGCUCCGGAG,0.00361774466844108,0.0
CGGGCUCCUCACAC,0.00509155386303269,0.0425844616796108
AGGCGUCCUCACCG,0.019770358688759,0.0
CGUCGUGUUUGGAG,0.00430198314127124,0.0
AAUGGUGUCUGCAC,0.0112901811078433,0.0
CGGCGUGCUUGGCC,0.00301622970562611,0.413256120559514
CGGCGUCCCCGGAG,0.00975116178688148,0.0
CAUCCGGUCCGCAC,0.00301628861176051,0.0
CAGGCGGCCUGCCC,0.00368584980150661,0.0358487188114989
CAUGCGGCCUAGCC,0.000270682098452031,0.0668486982156202
CGUGGUCCUUGGAC,0.00193863617108974,0.0228075617844415
AGUGGUCUUCAGAG,0.0151035758805352,0.0336560560992708
CGUGCUCUUCAGCC,0.000608807031890645,0.0670071617911261
AAGGGGCUUCAGAG,0.0297800449155073,0.0287301695324305
AGGCCUGUUCGGAC,0.0146673644612237,0.0
CAGGGGCCCCGGCC,0.00131352718547622,0.0
CGGCGUCCUCGCCC,0.00466438778006554,0.0382820466171525
AAUCGGCUUUACCC,0.00129623271534756,0.0239806394145976
AGUCGUGCCUACCG,0.00870466733603782,0.0
CGUCGGCUUUAGCC,0.000364858543904857,0.0324799386927688
AAGGGGGUCUAGCG,0.0563560818477919,0.0287854769670209
CGGGCGCCUUGGCG,0.0079269242327527,0.0672425966918313
AAUCCGCCUUGGCG,0.0123968757920041,0.0425784641109975
AAUGCGGUUUGGCG,0.0771083131196988,0.0
CGGCGGCCCCACAC,0.00366300583433215,0.0
AGGGCUCUUUGCCC,0.016142421282387,0.0
AGGGCGGCUCGCCG,7.98590484839311,0.0
AAUGCGGCCUAGCG,0.027163476013547,0.0
AAGCGGCCCCGCAC,0.0191613590281669,0.0335318439628271
CGUGCGCUCUGCCC,0.00194628666900248,0.0713641534327943
CAGCGGGUCCAGCG,0.00423792946874527,0.0
AAGGCUGCCCGCAG,0.033809952011681,0.0
CAGCCGCCUUGCAC,0.00480396983408357,0.0
AGUCCGGCUUAGCC,0.000859963455841727,0.0273585856085798
AAGGCGCUCUGGCG,0.193207006446009,0.0
CAGCCGCUCUACCG,0.0117601705883773,0.0245952970656543
CGUGGUGUCUGGAG,0.00890384192762512,0.0
AGGGGUGUCUGGAG,0.0164340162637423,0.0417303843539592
CGUGCGGUCCACAC,0.00430179897315011,0.0445798087118446
AAUGGGCCCUGCAG,0.0223039550753436,0.0
AAGCCUCUCUGGAC,0.00908730653690877,0.029605264193376
CAGGCUCUUCACCG,0.00696076299260635,0.0584109771732311
AAUCCGCUUUAGCC,0.000905501023148,0.0335679886294829
CAUCCUCUUUACAG,0.00360662570529111,0.0316580859359249
CGUGCUCCUCGCAG,0.00569024487222313,0.0
AAGCGGGUUUGCCG,0.0140988408758387,0.0
CAGCCGCCCUGCCC,0.00394982461451039,0.0240535923797135
CGGGCGCCCUACAC,0.00488126695710044,0.0481175259156006
AGUGGGCUUUGCAG,0.0283015749579425,0.0
CGGCGGCUCUGCAG,0.00484982958590496,0.0
AGGCCUGCCCGGAG,0.0219195129744547,0.0277817429552893
CAUGCGGCUUAGAG,0.00568304718030975,0.0
CGGGGUGCCCGCAC,0.0047540875450668,0.0
AAGCCGGUUUACCG,0.460077192429879,0.0360496932268984
CGUGGUGUUCAGAG,0.00618031380858685,0.0
AAUGCUCUUUAGAG,0.0113886254454431,0.127065951253688
AGUCGUCCCCAGCC,0.00258679314267367,0.0
CGGGCUCUUCAGCG,0.00672886237147917,0.0216928014740791
CGGGGGGCUCACAG,0.00532457805047482,0.0
CAUCCGCUUCGCAC,0.00311758433243804,0.0
AAGGGGCCCCACCG,0.0431565502702175,0.0270942563801618
AGUGGGCCUUAGCG,0.0135746178295746,0.0
AAUGGGGUUUGCAG,0.0184649539609008,0.0
CAGGCUCCCUAGAG,0.0079269242327527,0.0474255025486998
CAUCGUCUCCGGAG,0.00695285303466021,0.0
AAUGCGGCCCAGAG,0.0398286889886708,0.0
CAGCGUGCCCGGAC,0.00279962933209489,0.143215272212356
CGUCGUCUUCACCG,0.00446989485787093,0.0
AGUGGGCUUUGGCC,0.00288910001943133,0.061048742939963
AAGCGGCUCUGCAC,0.0134466252512704,0.0
AAGGCUGUCUACAC,0.0271525969610757,0.0480084609938304
AGGCGUCUCUAGCG,0.0238578290405007,0.152781618003268
CAGGGGGCCCGGAG,0.003654446425947,0.0
CGUGGGCUUUGCCG,0.00395435332668057,0.0
AAGGGGCUUCACAG,0.0476670748655007,0.0249750905011903
CGGGCGGUUUACAC,0.00730609587780899,0.0
CAGCCGCCCUAGAG,0.00437633031851285,0.0225732404404902
AGUGCUCCUUGGCC,0.00170233388295544,0.0634454435187886
AGGCCGGUCCACCC,0.00746919976524941,0.0365480827139409
CAGCCUGUCCGGAC,0.00232856016017578,0.0289555411772068
AAGCCGGUCCGCCC,0.0113884434225645,0.0317104865871718
AAUCGGGUCUGCCG,0.0136047167604606,0.0
AGGCGUCUCCGCCG,0.02063991592679,0.0374303058083193
AAGCGUGUUCGGAC,0.012048139840335,0.0
AGGGCUCCUCGCAG,0.0444420747508381,0.0
CGGGCGGCUUACAG,0.0125965174571961,0.0437017531653997
CAGCCGGUUCACCG,0.00907322665515942,0.0
AGGGCUCUUCGCCG,0.0316334483097405,0.0119522231594429
AGUCGGCUUCAGCC,0.000788063937793491,0.0237379566255856
CGGCGGCUCUGGAG,0.00729479662652874,0.0
CAUGCGCUUCGCCC,0.00178568166326899,0.0274733901009053
CGUCCUCCCUAGCC,0.000312179199016255,0.0366337758616325
CGGCGUCCUCACCG,0.00581869970276528,0.0444702758901553
AGGCCUGCUUGCCG,0.026935098986677,0.0
AGGGCUCCCCAGCC,0.00596687954792995,0.0209493169634893
CGGGCGCUCUGGAG,0.00749363049291156,0.0
AAGGCUCUCUGGAG,0.047613642096766,0.0403027596598517
CGGCGGCCCCACAG,0.00578960431494055,0.0686205464912388
AAGGGGGCUCAGCC,0.00612707696293731,0.0310867957955311
CAGCCUCUUUAGAC,0.00176309565705085,0.0515339124424099
CGUGGGCCUCAGAG,0.00479147924485947,0.0
AAGGGUGUCCAGAC,0.0121141733855429,0.0451331501752885
CGUGGGGUUUGGCC,0.000660746292710689,0.0
AAUGGUCUCUACCG,0.0127726485377461,0.0472142309951154
AGUCGGGCCUGGCC,0.00205101924628957,0.0
CGGGGUGUUUGGCG,0.00741637657030422,0.1002283889484
CGUCGGGUUUAGCC,0.000353920651733043,0.0390056333596278
CGUCGGGUUCGCAC,0.00296402805105696,0.0
AGGGCUGCCCACAG,0.0242798042480197,0.0242915104176971
AAUGGGCUUCACCC,0.238737141011546,0.0271774940658498
AGUCCGGUCUACCG,0.019621908859962,0.0191688627722833
AGUCGUCCUUGGAC,0.00350405308263181,0.021553886222153
CGGCCGGUCCAGCG,0.00569663707574092,0.0
CAUGCUGUCCGGCC,0.000667326341784472,0.0
AGUCCGGUUUACCC,0.00186856595176971,0.0331438526059663
AAUCCGCUUUAGAG,0.00920162055904936,0.135644069166056
CAUGGUGUCCGCCC,0.00292401943632066,0.0325479669815282
CGUCCUCCCCGCAC,0.00312279940680356,0.0318036174201457
AAGCCUGCUUAGCC,0.00208130636549894,0.0369168135903096
AAUCGUCUUCAGCC,0.00108542181578445,0.0
CAGCCUGUCCGCCC,0.00177469968307028,0.0
CAGCGUGCCCAGAC,0.00202557771007688,0.0257764102071831
CAUCCGCCCCACAC,0.00308741497270132,0.0295574156943216
AGGCGGCCUUGGAG,0.0346330792669866,0.0
CGGGGUGUUUAGCC,0.000944589446727248,0.033286782072798
CGGGCGCUCUAGAC,0.00212069591471117,0.0
CGUCGGCUCCACAC,0.0039196200733406,0.0273412151997776
AAUGGGCUCCGGAC,0.00718007045409354,0.0
CAUGGUGCUCAGCC,0.000636476201388726,0.0512850807167801
CGGCGUCUCCACCG,0.00436416896132668,0.0
CGGGGGGCUUGCAC,0.00555332545119398,0.0
AGUCGGGUCUACCC,0.0046506861409616,0.0282038754130749
CGGCCGCUCUGGCC,0.00152490771517351,0.0
AGUCGGGUUUAGAG,0.011383129004591,0.0
AGGCGGGCCUGGCC,0.00960985210699343,0.0
AGGGGUCCCCACAC,0.0256591238667788,0.0257477263671718
CGUGGGCCUUACCG,0.00352431118010324,0.0403384070870603
AAGGGGCUUUAGCC,0.00919502592548098,0.0525110998561683
AGUCCGCUCUGGAC,0.00604982733662052,0.0
CGGGCUCUUCGGAG,0.00984272199145313,0.0893862572785364
CGUCCUGUCUACAC,0.00325331718884011,0.028626371391844
AAUGCGCCCCGCAC,0.0324850822824478,0.0427758457981455
AAGGGGCUUUACAC,0.872848516859638,0.024497915772788
AAGCGGCUCUGCCG,0.0226321350736983,0.0
AAGCCGCUCCGCCG,0.0384966534824024,0.0173687590597096
AAUCCGGUUUGGCC,0.00161916678245889,0.019253149828512
AAGGCGCUCCGGCG,0.127981105047478,0.0
AGGCGGCCUUACCC,0.00229778185420243,0.0260542118265416
AAUCCGGCUUACAG,0.0112254679380455,0.0144079873084497
CGGGCGCCCCAGCG,0.00772539226073356,0.0
CGUCCGGCUCGGCG,0.00624150503441444,0.0
AGGGCUCUUCAGCG,0.0351204658943049,0.0
CAGGCGCUUCACAC,0.00638129962350024,0.0518808510161349
CAGGGUCUCCGGAG,0.00759295696483527,0.0
AGGGGUCCUUGCAC,0.0218914412194266,0.0505698892723498
CGGGCUCCCUGCAG,0.00671617916771288,0.0
AAUGCUCCUUGCAC,0.00700563521780807,0.0228261207448352
CGGGCGCUCCGGAC,0.00325402886133929,0.0
CGGGGUCUUCACCG,0.00568017280673589,0.0
AAUGCUGUCUACCC,0.00632283676853329,0.0389701591092509
CGUCCUCCCCGCAG,0.00281547629057845,0.0
CAUGGUGUCCACCG,0.00353886461916343,0.0529320636523114
CGGCGGCCCUGGCG,0.00382590854817281,0.0
CAGGGGCUCCGCCC,0.0055709870950642,0.0251299790523697
CGGCCUGCCCAGAC,0.00299047442350976,0.0454044112128917
CGGGCGGUCUGGAG,0.0046534127499948,0.0
AAUCGUGCCCGCAC,0.00654173566873813,0.0378373642438816
CAGGCGCUUCGGAG,0.00812596815573456,0.0
CGGGCGCUCCACCC,0.000884255424836136,0.0223743549271643
AGUGCUGCCCGCAC,0.0115821911450997,0.0361160964018005
AGUCGGCUUCAGAG,0.00747292846136318,0.0
CAGCCUGCUCAGAG,0.00436841457956339,0.0407454697246622
AAGCGUCCCCGCAC,0.017979094715889,0.0383602593944903
AAUGCUCCCUGGAG,0.01309250688398,0.0314950315861248
CAGCGGCCCUAGAG,0.00531339196213349,0.0230811593530514
AGGCGUGUCUACCC,0.0199499248847129,0.0718911400878871
CGUGCGGCUCGGCG,0.00732481636573256,0.0
CGUCGUGUCUGGCG,0.00382055762712641,0.0
AGUCCUCUUCGGCG,0.0134884221077917,0.0
AGGGGUGUUUACCG,0.020638846113079,0.0
AAUGCUCUCUACAC,0.0119504795189674,0.0245736334935874
CAGGGUCCUCAGCG,0.004417958699107,0.0398549988019828
CGGGCGGUUUAGCC,0.000991233503042413,0.0504401375850284
AGGGCGGUUCAGAC,0.0822224101789446,0.0428887902328261
AAGGGGGCCUAGAG,0.0389999112748756,0.0484843944449959
CGGCGGCUCUGGCG,0.00459930329941347,0.0
AGGCGGGUCUAGCG,0.0256970942567558,0.0943328463363836
CGUCGGGUUUAGAC,0.00334589402740736,0.0
AAUCGUCCUCACAG,0.010641842120111,0.0223656885833194
CAGGGGGUUUGCAC,0.0049484986852259,0.0
AAGCCUGCUUACAC,0.0151884127088384,0.0412054813326915
CGGGCGGUCCAGAC,0.00156218264165387,0.0
CAGGCUGCCUGCCC,0.00300311023093304,0.0336459084575839
AAUCCGGCUCACCC,0.00137457117664934,0.0354605390629689
AAUCGGCCUCAGAG,0.00917682959456835,0.0
CGGGCGGCUUGGAG,0.0136219161495383,0.0
CAGCGGGCCUACCG,0.00576632149604993,0.0557541181698331
CGUCCUCCUUACCG,0.00348653828730488,0.0223252289428776
CAGGGUGUUUACAG,0.00626860400585238,0.0
CGGCGUGUCCACAG,0.00600863842501499,0.0
AGGCCUGUCUAGCG,0.0205862251321993,0.0603247819699858
CAGGCGGUUCGGCC,0.000894430616476661,0.0281006095580172
AGUCCUCCCUAGAC,0.00439856148949281,0.0503482635106453
CGGGCGGUCUGCAC,0.00767710855910398,0.0
AGGCGUCUUUGCAC,0.0179387570033854,0.0
CAGCGUGUCCACAG,0.00582437950547452,0.0
CGGCCGGUUUGGAG,0.00847812278870247,0.0457408368707001
CAUCCUGUUUAGCG,0.00302934880778675,0.0
CGUGCUCCCCGCAG,0.00426860657118498,0.0
CAGGGUCCCCGGCC,0.0010760367791736,0.0
CGUGCGCCCCAGCG,0.00477672605718617,0.0
AAUGGUGUCUGGAC,0.0051991093482545,0.0269181367076739
AAUGCUGCUCAGAG,0.0188128752333383,0.0
AGGGGUGCCCACCG,0.0177855697380443,0.0
AGUGCUCUUCAGCC,0.00106964650696908,0.0216423513534199
AAGGCGCCUUACCG,1.2698560372212,0.028139871780257
AAUGGGGCUUACCG,0.0153271782452953,0.0
CAGCCGGCUUAGAG,0.00434753109293695,0.0299555788325987
CGGCCUCUCCGCAC,0.00445084327778888,0.0271407281977597
CAGGGGGUCCAGCG,0.00307447082863711,0.0305051347109514
CAUGGGCCCUACAG,0.00322781366347086,0.0
AAUGCGCCCUGCCG,4.4360876594749,0.0667534796887782
CAUGCGCCCCGGCC,0.000604526012494447,0.0477590192709506
CAUGCGCUUCGCAG,0.00615378885661866,0.0511032658331264
AAGGGGCUUCGCAG,0.0417757920732326,0.0140664587950268
AGUCCGGCCUGGCG,0.010513637283573,0.0
CAGGGUGCCCGCCC,0.00346097573280863,0.0
CAGGGGGUUUAGAG,0.00448836478114102,0.0
AGGGCGCUCCGCCG,0.554037751802684,0.0
AGUCGUCCCUGGAG,0.0180093015282477,0.0
AAUGCUGUUUACAC,0.00710004917611627,0.0457567971722237
AAGCCGGUCUAGAG,0.0226611506314851,0.0
CAGCCUGUUCGCCG,0.00521714802023565,0.0
CAUCGUCUCUGGAG,0.00550247293925797,0.0
CAGCCUCCUUGGCG,0.00959420143618721,0.0460529643986009
CGUCGUGUUUGCAC,0.00279384048881323,0.0
CAGCGGCUCCACCC,0.00578655420305361,0.016435795475917
CAUGCUGUCUAGCC,0.000388154448233299,0.0
AGGGCGCUUCGGCC,0.0357792176589029,0.0400447293830341
AGGCGUGUCCGGCG,0.016646974290871,0.0
AGGGCUGUUCAGCG,0.0336086486450425,0.0
AAGGGUGUUCGCCC,0.0160431980212539,0.0
CGUCGUGUUUACAG,0.00319615173214518,0.0524550008093536
CGGGGGCCCCGCCG,0.00750466676756975,0.0606493821856954
CGGGCGCCUCGCAG,0.0132372678737108,0.0
CAGCCGGCUCACAC,0.00427761045628033,0.0247061769626909
AAUCGUGUUCGGCC,0.00210826857869965,0.0964070546474352
AGGGGGGCUUAGCG,0.060927593629652,0.040147127731752
CAUGGGCCUCGGCG,0.00291357650976237,0.0
CGGGGUGCCCGCAG,0.00786585393820145,0.0
CGGGGGGCCCACAG,0.00415454428243894,0.0
AAGCGGCUUUGCCG,0.022734725795873,0.0
AGGCGGCCUCGGCG,0.0195207472734633,0.0
CAUCGUCCUCGCCG,0.00311501071317514,0.0
AGGGGGCUUUGGCC,0.0175429351959294,0.0229928360961859
CGUGCGCUUUACCG,0.0266433623996973,0.0493336689277754
AAUCCUGCUCACAC,0.00722612216816608,0.0274258319626328
CGGGGGGCUCAGAG,0.00433108605483645,0.0
CAGGGGCCCUACAG,0.00438332039141621,0.0
CAGGCUGUUCGGCG,0.0045812116343371,0.0
AGUCCUCCUCAGCG,0.0086751193826953,0.0195732234417555
CAUGGGCUUUGCCC,0.00669866270866188,0.118727836940362
CGGCCGGCCUGGCC,0.00295696048600491,0.0394220023436566
CAGCGGCCUUGGCC,0.00353716073321637,0.0
CAUCCGGCUCGGCG,0.00355434356373664,0.0
AGGGGUCCUCGGAG,0.0480828414308057,0.0
AAUGGUCUUUGCAC,0.00950736519447006,0.0444770984808155
AAUCCGCUUUGCCC,0.00579137617826903,0.0135063223724701
CAUGCUCCUUGGAG,0.00480469557377236,0.0
AAUCCUCCCCAGAG,0.0139313151044388,0.0416656581583535
AAUCCGCUUCAGCC,0.000838491033896126,0.0357602360285558
CGGCCUCCUUAGCC,0.000435971660887074,0.0282948444932092
AAUGCUCUUUAGCG,0.0122737169542404,0.0501154181731217
AAUGCGCCUUACCC,0.00387030697556344,0.033548124960429
CAGGCUGUCCAGCG,0.00528416830634175,0.0290657925695638
CAUCCGCUUCAGAG,0.00413471698461796,0.0
CGGCCGGCUUGCCG,0.0201131265174186,0.0
CAUCCGCUCUGCAC,0.00245600296567321,0.0290679490284172
CAUGCGGUCUGCCG,0.00684096804329786,0.0
AAGCCUCCUUGGAC,0.00794869556987593,0.0287333204490729
CAUGGGCUUUACAC,0.0032373072330693,0.0438463055024027
CAGGGUGUUUACAC,0.00373151022405243,0.0
CGUCCGGCCCGGAG,0.00453223012629702,0.0
CGGGCUCCUUGGCC,0.00174485727929261,0.0
CAUGCUCUUUGCCG,0.00337204729315324,0.0
AAGCGUGCUCGGCG,0.02464400131174,0.0
CAGCGGGUUUGCAG,0.00643782688394463,0.0
CAGCCUGUUCAGAC,0.00190350425297235,0.0
AAGGCGGUCCGGAC,0.0726719658182109,0.0
CAGCGGGUUUGGAG,0.00309015690429342,0.0
AGUCCUGUCUACCC,0.00402020412791571,0.0391318599609117
CGGCCGGCCCGCCG,0.007198660970229,0.0311148306791271
AGGCGUCCCCGGCC,0.00788586034923545,0.0570834657513873
AGUCCGCUCUACCC,0.00108721550690552,0.0327663342976821
CAUCCGCCUCACCG,0.00402539267588571,0.0115226973007963
CGUGCGCUUCGCCG,0.0121511254541707,0.0256079777594017
AAGGGUCCUCGCAC,0.0283236841388178,0.0244003643707221
AAGCCGCUCCACCG,0.112796692560579,0.0263146202842563
CAUCGGCCCUGCAC,0.00385597839796614,0.0
CAUCCUGCUUGGCC,0.000608853805119748,0.0
CAGGCGGUUUACAC,0.00535482373925012,0.0434757200303653
AGGCGUGUUUACCC,0.00992291683420441,0.0
CGUGCGCCCCGGAG,0.00431063904296393,0.0
AGGCGGCUUUACAC,0.0182749532365302,0.0394041271768457
AGGGGUGCCUAGCG,0.0290900977542105,0.0234453202623307
CGUGCUCUUCACAC,0.00289362459779573,0.0283977023108645
AGGGGUGUCUACCG,0.0276113300369239,0.0
AGUGGGGCCCGCAC,0.0113847885947652,0.0241238109300088
AGGGGGCCUUAGAC,0.0235958846602465,0.0304386232374978
AAGCCUGUCUGCAC,0.0354141791253945,0.0
CAUCGGCUUUGCCG,0.0040584622012791,0.0
CGUCGUCCCCAGCG,0.00303095849616519,0.0
CAUCGGCUUCGCAG,0.0035655656588001,0.0
CGGCGUGCCUGCAC,0.00503581125144114,0.0
AGGCGUCCCUACCG,0.0249643012829997,0.0471529255004079
AGGGCUCUCUGCAC,0.0370181682761748,0.0323961496719882
AAGGCGGUUCGGCG,0.0888102628110631,0.0
AGUGCUCCUCACAC,0.0122873018601226,0.0301796346070695
CGGGGGGCCUGCCC,0.0115608223007683,0.0
AAUCCGGCUUAGCG,0.00952031318599336,0.0
AGUGGGCUCCACAC,0.0126648041357171,0.0236801503461212
CAUCGGGCCUGGAC,0.00201105449327032,0.0
AGGCGGGUCCGGAC,0.0217782486588298,0.0682013137634328
AAGGGGCCCCACCC,0.0450360027381011,0.0529378431654251
CAGGGUGUCUGGCC,0.00102012408647758,0.0
CGUGGUCUUUACAC,0.0033436082592197,0.0226667470305321
CAUGCUCUCUGCAC,0.00269844687417172,0.0
AAUGCUGUUUAGCG,0.0101242573798419,0.0329102549890312
CGGGGGCCUUGGAG,0.0044421005499218,0.0
CGGCCGCUCUGGAG,0.00866587479682286,0.0
AAUCCUCCCUACAG,0.0115198689367692,0.0360578969215864
AGGGGUCCUCGCCC,0.0208547534920295,0.0234985673182775
CAUGCGGUUCGGCG,0.00470325767823276,0.0
CGUCGGCCCCGCAC,0.00386598353132879,0.0
CAGGCUGCUCACAC,0.0037751155412857,0.0304255396178987
AAGCGUCCUUAGAC,0.0108530056123517,0.0293242390656348
AGUGCGCUCCACAG,0.0372891494731505,0.0330321968454875
AGUGGUCUCUGGAG,0.0163460636245801,0.0
CGUCCUGUCCGCAG,0.00710380897538718,0.0939668926863771
AAGGCUGCCCGGAC,0.019196429253944,0.0353265752958392
AAGCCGCUCCACAC,0.0211512603014369,0.0253073810970514
CGGGCUCCCUGGCG,0.00648179253095694,0.0419317382082537
CAUGCGCCUCACCC,0.000477549933978069,0.0455487380681683
AGGCGGGUUUGGCC,0.00756968668028467,0.0
AGGGCUGCUUGGCC,0.00818630684589553,0.052985135865362
AAGCGUCCCCGGAG,0.0179114650193304,0.0409273058047884
CAUGGUCUCUACCG,0.00377324421997934,0.0351687475982611
CAGGGUGCUUGGAG,0.00637195144606241,0.0
CGGCGGGCUCGGCG,0.0119486066966012,0.0
AGUCCGCUCUGGCG,0.00971577716633741,0.0
AGGCCGGCUCGGAC,0.0198819529125294,0.0233512813399965
CAUGGGGUUCAGCC,0.000447226305854404,0.0326826363091847
AGGCGUGCUUGCAG,0.0206010460286228,0.0314725188299967
AAUGCGCUUCACAG,0.0516301453564961,0.0380695677549546
AAGCGGCCCUACAG,0.0212025364236191,0.0387564914813786
CGUCGGGUCCACAC,0.003359334334981,0.0
CAGGCUCCCUACAC,0.00392640145562951,0.0288984642444856
CAUGCGCCCCAGCG,0.00322286302901768,0.0438791030061772
AAUCCUCUCUGGCC,0.00152903640354833,0.0292091164498771
AAGGCUCUCCAGCG,0.0284588735852547,0.0249904738250667
CGUCCGGUCCACCG,0.00325472147316112,0.0
AGGGCUCCCUGCCG,0.0613419206374665,0.0391654780333379
CAGCCUGUCUAGCC,0.00106920238890362,0.0789536105075352
CAUCGGGCUUGCCC,0.00239699580419866,0.0
CAGGGGCUCCACCC,0.00432472322198934,0.043192786890316
AGUGGUCCUUACAG,0.0110958798546569,0.0340795684192242
AAGCGGCUCUAGCG,0.0183692660421887,0.0221893798733671
CAGCGUGUCCGCCG,0.00501517268073851,0.0
CAUGGGCUUCAGAG,0.00331408131764802,0.0
CGUGGGCUCUACAG,0.0037436309449863,0.0
AAGGGUGCUUAGCC,0.00575219832080453,0.0281236625373559
AGUGGUGCCCGCCC,0.010799942311975,0.0
CGUGCUGUCCAGAC,0.00137101038030207,0.0446683390663914
AAUCGGGCCCGGAC,0.00689767166136925,0.0275713106267551
CGUCCGCCCUGCAC,0.00348464501973514,0.0
AAUGCUGUUUGCAG,0.0187381854834814,0.031527523671167
AAGCCGCUCUGGAC,0.0111164506578958,0.017761222511863
CAUCGGGCUUGCAG,0.00319114242404157,0.0
CGGGCUCCCUAGAC,0.00187320851517993,0.0925942554453976
AAGGGGGCCUGCAG,0.0754725380389782,0.0
AGGGGUCCCUGCCG,0.0174889731179159,0.0
CGUGCUGUUUGGAG,0.00339577681790486,0.0
CAGCGGGUCCAGAC,0.00192009749392989,0.0
AAGCCGCUCCGGAG,0.0277263619486144,0.0582057126013611
CGGGCUCCUCACCC,0.00146196074617271,0.0239972858157796
CGUGGGGCUCGGCC,0.00153054793378796,0.0
AGGCGGGCUUACCC,0.00304261602884275,0.0306410648613497
AGUGCGCCUCGCAC,0.0330055056586234,0.0
AGGGCUCCUUACCC,0.00337565249190885,0.0358962687843798
CGGGCUCCCCGGAG,0.00482999314452585,0.0
CAGCGUGUUCGCCC,0.00381065980943956,0.0630298416347109
CGUCCGGUUCACAG,0.00843590278982293,0.0
CAUGGGCUCCAGCG,0.0026857660007686,0.0523301373339238
CAUGCUCCUUACAG,0.00472390286224098,0.039737438566821
CGGCGGCCUUACCG,0.00533111038450621,0.0
AGUGCUGCUUAGCC,0.0011385425399139,0.0244562967598998
AGUGGUCCUCGCAC,0.0105020549863305,0.0
AGUCCGGCCCACAC,0.00704501161685747,0.0218594126929057
CAUGGGGUCCGCCC,0.00408991354980012,0.0
AAGCCUGCCUAGCG,0.0222847853675006,0.0
AGGGGUCUCUGGAG,0.0453611711611374,0.0
CAUCCGGCUUAGCC,0.000443192858464454,0.0252003392121225
AGGCCUCCCUAGCC,0.00177726448015278,0.0264913248818453
AGGCGGCUCCACCC,0.0505193833292819,0.0
CGGCGGGUUUGCAG,0.00584624279190648,0.0
AGGGCGCCCUACCC,0.0157032396969673,0.0224893532913763
AAGGCUCUCUGCAC,0.0255614791660284,0.0177195021650558
AGUGGGGUCCGCCG,0.0134421825336764,0.0
AAUCCUCCUCACAC,0.00854116360894728,0.015137704207534
AAUCCUCUUCGGAC,0.00562935560084461,0.0288981464945503
AAGGGGGCUCAGCG,0.0410723216885614,0.0262802664318662
CAGGGUCUUUAGAC,0.00252645795252121,0.0
CGGGCGGUUCGCCG,0.0105683366126835,0.0
CGUGCUCUUCAGCG,0.00458979187255347,0.0342284420915373
AAGCGGGUUCGCAG,0.0394166680680983,0.031397387648458
AGUCGUCUCUAGCC,0.00147765478665149,0.065505744610459
AAUGGGCCCUGGAC,0.00763802918185612,0.0314888026022161
AAUGGUCUUUGCCC,0.00783329521355807,0.0334325634417094
AGGGCGCUCUGGCG,0.326379429224896,0.0
AGGCCUCUCCACCC,0.0101500130889881,0.0576855903821847
AAGCCGGCCCAGAC,0.0146687077740842,0.0237130825032265
CAUCGGGUUCGCCG,0.00379424328755015,0.0
CAGCCUCUCCGGAC,0.00268829793467679,0.0
CGGCCUCUUCGCAG,0.00520644617814286,0.0
AGUCGGCUUCGGAC,0.00588126636623587,0.0414377087570435
CAUGGGGUCCACCC,0.00294107038698102,0.0723064601146621
AGGGCUCCUCGGAC,0.0157822546392287,0.0
AGGCCGCCUUGGAC,0.0123231711698489,0.0266082108874045
AAUGCGCUUCGGAG,0.0317341501777697,0.0
AAGCGUGCCCACAC,0.016925876841635,0.114102806925841
AGGCCUGUCCGCAC,0.0158489028956399,0.0367193753114647
AGGGGUGCUCGCCC,0.0207124030341829,0.0362424064034726
CGGGGGGUCCAGAG,0.00525326673729882,0.0
AGGCGUGCCCACAC,0.0133427705092359,0.029633815373302
AGUGCGGUCUGGCG,0.02276351607759,0.0
CAUCCGCCCCAGCC,0.000284281432717823,0.0341812748068819
AGGCCGGCUUACAG,0.0211605806121163,0.0384795845347707
AAGCCUGUUCGGAC,0.0102931125660996,0.0
CGGGCGGCUCAGCG,0.00843978337301645,0.0
CGUCGGCCCCGGAC,0.00273900271062371,0.0
CGUGCGGCCCAGAC,0.00146536529380324,0.0
AAUCGUGCCUACCG,0.00895770179544167,0.0
AGGGCUCUCUGCCC,0.0227971952750703,0.0478914323646041
CAUCGUCCCUAGAG,0.00384456140675003,0.0997394929092541
CAUCCGGCUCACCC,0.000481979063058599,0.0258906282634872
CGUGCGGUCCGCCG,0.00524836172633962,0.0
AAGGGUGCUCGCCC,0.0227228304100139,0.0
CGGCGUGUUCACAG,0.00344423738291038,0.0
CGGGCUCUUCGCAC,0.00625302338280552,0.0339379838610065
AAUGGUCUUUAGAC,0.0045760337535786,0.0250487267816304
AAUGCGGCUUGGCC,0.00637938687416358,0.0260121014753694
CAGGCUGUUUAGCC,0.00118163190431733,0.027472088464573
AGGGGGGCCCGCCG,0.0921957401092721,0.0
AAGCCGGCUUGCAG,0.0204031320493085,0.0
AAGGGGGCCCAGCG,0.0350499988596569,0.0
CAUCGGGUUCAGCG,0.00354375791776769,0.0
AGUCGGCCCUACAG,0.0112626023212318,0.0
CGGCCGGCUUGGCC,0.0055860528654535,0.0
AAUCGGGUCUAGAG,0.00939490656137531,0.0
CGGCGGGUCUAGCC,0.00126896177058437,0.0297614163509327
AAGGGGGCUUACAG,0.0391674995856882,0.0
CAGGGGCCUCACCC,0.00332109389714097,0.019748529016374
CGUCCUCCCCAGAG,0.00487794882976586,0.0
CGGCCUCCUUGCCG,0.00497439891910649,0.0177204286619798
AGUCCGGUCUAGCG,0.0108155491650269,0.127489262972677
AGGGGUGUUUAGAG,0.0237643034188242,0.0
AAGGGUGUCCACCC,0.0173048786640431,0.0220665107874609
CGGGGUCCUCACCC,0.00236244077324821,0.105870170944902
CGGGCUGUCUAGAC,0.00215512787790205,0.0414586168748621
AAGCGGGUCCGGAC,0.0104010159217681,0.0325577700388583
AGGCCUGUUUAGAG,0.0233353666833309,0.0
CGUGCGGUUUAGAC,0.00271008412996856,0.0338749865805044
AAUCGUCUCCGCCG,0.0122710578518318,0.0
AAUCGUCUCCGCAG,0.0137823899487265,0.0240565103038519
AAUGGUCCUUAGAG,0.0139644674422208,0.0319767252061809
AAGCGUCUUCACAC,0.0244353332432028,0.0387854319386316
AAUGGUCCCCGCCC,0.0152204622677309,0.0153256996454167
CAUCCGGUUCACCG,0.00513941885135117,0.0281976053246201
CGUGCUGCUCACAG,0.00353651290158025,0.0323114098688588
AGGGGUGCCCGCAG,0.0229934255674306,0.0
CAUCCGCUCUGCCC,0.00124535646669268,0.0411813183584237
AAGGCUGUUUGGAG,0.0310627946205495,0.0209678420291107
AGUCCUCCCCGCAC,0.00869918120116216,0.0258785040843758
AAGGCGCUUCGCAG,0.288337196859258,0.0
AAGGCGGCCUACAG,0.118587675485065,0.0140201762646192
AGUGGGCUUCAGCC,0.00198927006064352,0.0332554365476425
CGGCGUCCCCACCC,0.00392996207881116,0.0
CGUGGGCUCUAGAG,0.00697027873148893,0.0
CAUGCUGCCUACAG,0.00419700402884585,0.0801733935882373
CGGCCUGCCCGGAC,0.00287406201588129,0.021646106610335
CAGGGGGCCCAGCG,0.00444846763145537,0.0
CAUCGGGCUUGGCC,0.00107980816799564,0.0
CGUGGGGUUCGCAG,0.00719348000671584,0.0
CGUCCGCUUUAGAC,0.00276796044981733,0.0308374795006961
CGGCGUGUUUAGCC,0.000763001704763809,0.0151752111150543
AAUGGGGUCCAGAG,0.0152852404015942,0.0
CAGGGGGCUUGGAG,0.00500818532764796,0.0
CGUGCGCUCUACAG,0.00711431621695849,0.0
CAGGGUCCUUAGAC,0.00286261565955923,0.0
CGGCGUGCUCGCCG,0.00641500926967242,0.0
CAGCGGCUUUACAG,0.00472269262731636,0.0581813681933817
AGUCCUCUUCGCCG,0.0168980731981615,0.0509484982683858
CGUGCGCCCUGGCG,0.0037697349786816,0.0
AGGGCUCUCUGCCG,0.0330889834808048,0.0195879964614504
AGGCCUGCCCGGCG,0.0266636395741889,0.0
CAUCCGCCCCACAG,0.00434427902454238,0.0422543295779032
AAGGGUCCUUAGCG,0.0263110465677459,0.0130742211136187
CAGCGGGCCCAGAG,0.00659853053247618,0.0451309662278131
AAUGGGCCCUACAG,0.0166451396439854,0.0254258830738663
AAUCGGCCCCGGCG,0.0100836698982206,0.0
AGGGGGGUUCAGCG,0.109299994207415,0.0
AAGGGGCUCUGGAG,0.06929676857878,0.0
AGUCGUGCCUACAG,0.00633847144542076,0.030264621911622
CGGGCUCCUUACCC,0.000590946340263284,0.0296676469875514
CAGCGGCCCUGCCG,0.00633612003905542,0.0
AGUGCGCUUUAGAC,0.0112360131372505,0.0438818868449636
CGUGGUCCCUGCCC,0.00281310835425332,0.0650173711657703
AGUCGUCCCUAGAC,0.00413662438184299,0.0509205386735071
AAUCCUCCUCAGAG,0.013256112515805,0.0167001117032272
CAGGGUGUCCGGAC,0.00274983125404084,0.0724228105919657
CAGGGUCUCUGGAG,0.00560418286032875,0.0
AAGCCGCCUCACAC,0.0275350566431349,0.0361426806397564
CAUGCGGCUUGGAC,0.00223205554884757,0.0
CAUGGGCCCUGGAG,0.0027421187546631,0.0
AGUGGUGCCCGGCG,0.0100884534228403,0.0
AAGGGGCCUCGCAG,0.121520420261339,0.0
AGGCGUGUCUAGCG,0.0151781236181471,0.0
CAGCCUCUCCACAG,0.00715406100029346,0.0344853121875487
CAUGGUCUCCACCC,0.00256368572800639,0.0244033700733719
AAUCGGGCUCAGCG,0.00794931667408816,0.0
CGGGCGGCUUGGCC,0.00309015690429342,0.0
CGGGCUGUUUGGCC,0.00173100075551706,0.0
AGUGCUCCUCACCG,0.012420053711487,0.0272980384903799
AAGCCUCUUUACCC,0.00508131063771908,0.0232204165593274
CAUCGGCUCUAGAG,0.00361954633411261,0.0
CAGGGGGUUUGGCC,0.00131238591417281,0.0350755156183483
CGUGGUGCUUACCC,0.00104765401539954,0.02377747784099
AAGCGGCCCCGCCG,0.0444713884922227,0.0317021481156086
CAGGCGGCCUAGCC,0.000463589199836625,0.0356648860498151
CAUGCGCCUCAGAC,0.00126219921000536,0.0285789430481429
AGGCGGCCCCGGAG,0.0153246556682306,0.0
CGUCGGCCCCAGCC,0.000233583288882096,0.0355000170566861
CAGCGUGUUCAGAG,0.00560642752636093,0.0
AAUGGGCUCUGCAC,0.0204734289293304,0.0260980032636905
AAUCCGCCCCACCC,0.0012388432078197,0.0244652223014556
AAGGCGGUCCAGAG,0.106389687704959,0.0
AAUGCGGUCUGCCG,0.250537633456865,0.0
CGGCCGCCCUAGAC,0.0027687805862469,0.0427433062540654
CAUCGGGCUCAGAG,0.00541513209895229,0.0
CAGCGGGCCUGCAG,0.00448849606210218,0.0
CGGGCGCUUCACAC,0.00545546218906123,0.0418415844582549
CGUGGGCCCCGGAG,0.00503581125144113,0.0
CAGGGUCUCCAGAC,0.00178104660884906,0.0
AAGCGGGUUUAGAC,0.00746120786217998,0.0120725285333525
CAUCGUCUCCAGCC,0.000624739998289987,0.0
AAUGGUGCCCGCAG,0.00940140956475711,0.0
AAGGGUCUCCAGCG,0.0334056617067582,0.0194545577901496
CAGCCGCCCUGGAC,0.00233219389003277,0.0455494735677972
CAGGGGCUCCGGCC,0.0015247101862992,0.0
AAUGGGCCUUGGAC,0.00603594607779672,0.0436968164162314
AAUCGGGCUCGCAC,0.00673722120672325,0.0387682638889175
CGUGGGGCUUGCAC,0.0045024005573868,0.0
CAGGCUCCCCGCAG,0.00571127213561374,0.0193026401713159
AGUCGGGUUUGCAC,0.00650649703737338,0.0
CGUCCUCUUCGCAG,0.00452680879839475,0.0
AAGGCGGCUUACCG,0.780779644484805,0.0338339957181575
CAUGCGGUCUACCG,0.0145829451808912,0.0677230172788274
AGUCCUGCCUGGCG,0.0118912366950025,0.0
CAUCGUCCCUGGCG,0.00275057922250294,0.0
CAUGGGGCUCAGAG,0.00368611573583573,0.0
CAUGGGCCCCAGAC,0.00113750932244482,0.0337348019684706
CGGCCUGUCCGCCC,0.00270641192925045,0.0
CGGGGUGUUCAGAC,0.00434753109293695,0.0
AAGCGGGCUUAGCC,0.00229814807337846,0.029853868518184
CGUGGUGCUUGGAC,0.00181359635978474,0.0
AAUCCUGCCUAGAC,0.00516993401100275,0.0224944786362333
CAUCCGCUCUACCG,0.00312314790327164,0.0256895478957038
AGGCGUCCUUACAG,0.0175577096834853,0.0224611353974714
CAUCCUCUUCGCAG,0.00360940458083453,0.0577871398984484
AGUGCGCCUCAGAG,0.0240980303124731,0.0211507617924313
AGUCGUGUCCGCAG,0.0062071847381894,0.0
AGGCCGGUCCGCAG,0.0182768254510346,0.0302139765477583
CAUCCUCUUUACAC,0.00318042251927278,0.0222898638755469
CAGCGUGCCCAGAG,0.00379647848241763,0.0
AGGCCUCUCUACAG,0.0276606727774557,0.033721702735413
CAUCGGGUUCACCC,0.00157571740162271,0.050796451944952
CAUGCGGUCUGCAC,0.00367436567226929,0.0358801672926888
AGUCGUCUUCGCAC,0.00909104224746969,0.0425536091071246
AAUCGGGCCUACAC,0.00916129466249817,0.0201388331405879
CGUCGGCCCCGCCG,0.00497677901428309,0.0296533116854271
AGGCCGGCUUGGCC,0.0106867926273481,0.0
AAGCGGCCCUAGCG,0.0183172196589338,0.0449649951142949
CGGCGUCCUCAGAC,0.00201308976752725,0.0996999760769733
AGGCCUCUCUAGCC,0.0051458633333665,0.0369429152452805
CGGCCGGCUUACCC,0.000796136041743591,0.0221926586284563
CAGGCGGCUCGCCC,0.00348186693441512,0.0232265598438131
CAUCGGGCUUAGAC,0.00196120028352112,0.049618312738591
CAUCCUCUCUACAC,0.00334542171237139,0.0153397060379019
AGUGGGCCUUACAC,0.01411261222726,0.0218190977643208
CGUGGGGUUCAGCG,0.0023770437725334,0.0
CGGGCUGCCCACCG,0.00554899143029034,0.0
CGUGGGGCCCAGAG,0.00305862469098431,0.0
CAGGCUGUUUGGCG,0.00648762223000829,0.0561991639324224
AGUGGUCCCCAGAC,0.00552652854619088,0.0673850356164277
CAUGCGCUCUAGAC,0.00152853585629931,0.0225182126460805
CGUCGUCCUCGGAG,0.00413682295252184,0.0
CGGCGUCUUUGCAG,0.0130473291514611,0.0581411761546912
AAGCCUCCUUGGCG,0.0234244929620099,0.0
AAUCGUGUCUGGAG,0.00792632174554188,0.0
CGGGGGGUUUAGAC,0.0019509599881411,0.0
AGUGGUCCUUGGCC,0.00215134799011708,0.0
AGUGCUCUCCGCCG,0.0134575664316847,0.0250196244235192
CGUCGGGUCCGGCG,0.00326843518723343,0.154288413689549
CGGCGGGUCCAGCC,0.00110175373497728,0.0696732843485187
CGGCCUCUUUAGAC,0.00242907856158388,0.0550501213574508
CAGGCGGUUUACCC,0.00284321132014902,0.0258312996133588
AAUCCGGCCUGGCC,0.00376223936103848,0.0234145681726454
CGUCCGCUCUACCG,0.00632441438961607,0.0
AGUCGGCCCCAGCG,0.00742738009637292,0.0269398177420754
CAUGGGCUCCAGAC,0.00112538445573966,0.0
AAUGGGCUUUACCC,0.280141829776788,0.0288794851435457
CGUCGUCUUCGCAG,0.00506874657682662,0.0
CGGCCGCCUUGGCC,0.00248148963526593,0.0
AAGCCGGCUCACCG,0.0181614484726017,0.0188700361248443
AAUCGGGUCUGGAC,0.00822663844755039,0.0328165719722383
AGGGCUGUCUACCG,0.0385665392412933,0.0262621304395506
AAUCCGGUCUGCCC,0.00401604661344501,0.0
CAGGGGCCUCACCG,0.00705035798552383,0.0293238021604611
CGUGCGGCUCGGCC,0.00122766844754611,0.0
CAUGGGCUCCGGAG,0.0035189346565638,0.0
CAGCGUCUUUAGAG,0.00421989168650822,0.0
AGUCGUGCUCACCC,0.00793592258100298,0.0191858770132945
AAUCGGGUUUACCG,0.00975616735615191,0.0277740882274024
CAGCGUCCCCAGCC,0.00209347890423413,0.129598777018212
AGUCGGCCCUACCC,0.00111038342431004,0.0518790005880464
AAGCCGCUCCGGCC,0.00428729275418794,0.0288811361519198
CGUGCGGUUCGCAG,0.00301328732955975,0.0
AAUGGUGUUUGGAC,0.00516844862644261,0.0
CGUCCGCUCCGGCG,0.0039033560896338,0.0243856386258081
CGGCGGGUUUAGCG,0.0045744054961194,0.0
CAUGCGCUCUGGCC,0.000666271142122768,0.0756078566277996
CAUCCGGUUUAGAG,0.00399902658202678,0.0
CGUCCUCUUUACCG,0.00334766997965121,0.0139082266557055
CAUCCGCUUCACCC,0.000349173655432322,0.0370171117513728
CAUGGUCUUUACAG,0.00320712255024348,0.0205566169652397
AGGGGGGCCUACCG,0.0413627424161844,0.0
CAGCGUGUCCGGAG,0.00330327117355504,0.0
CGUGCUGUUCGCCG,0.00370206916256935,0.0
CAUCGGGUCUGCAG,0.00298599431201387,0.0
CAUCGUCUUUAGCG,0.00337506498766799,0.0235197287371727
AGUGCUGCUUGCAC,0.00955258694830409,0.0450884447086701
AAGCCUGUUUGGCG,0.0213129939428473,0.0415008467418606
AAUGCUGCUUGGAG,0.0129579813681895,0.049495813336561
AGGGGGGUUCAGAG,0.0621284177600046,0.0
CGUCCUCCUUACAC,0.00380540670461302,0.0227212021219601
AAGCGUGCUCACCC,0.0160522244558598,0.0212816294696533
CGGCGUGCUCGGAC,0.00368092219482011,0.0330760100573422
AAUGCUCUCUGCCC,0.0075037994768304,0.0284427352243079
AGUGCUGCCCGGAC,0.00885470414757534,0.0196884978817778
AGGGGGGCUUGCCG,0.631937086928005,0.0
AAGGCGGCUCGCAC,0.0785550413038802,0.0
CAGGCGCUCUGGCC,0.000992731565872042,0.0
CGGCCUGUUUAGCG,0.00655362135407196,0.0
AAUCCUGCUCACCC,0.00376544799012592,0.0276848983017048
AAUCCUCCUCACAG,0.0149436213654189,0.0261607423085491
CAUCGUGCUUAGAG,0.00184788277191415,0.0
AGUCGGGCCCACAC,0.0130273834637432,0.0304546980569838
AGUCCGCCUUAGCG,0.00902349910844357,0.0296169170912927
CAGGGUGCCCGCAG,0.00540128265624397,0.0
CAGCGGCCUCAGCC,0.000803717939233267,0.0433202614063805
AGUGGUGUUUAGCG,0.00935813473853399,0.0483273676193355
CAGGCUCCUCGCAC,0.00507922341740183,0.0195519533007981
CAUGGGCUUCGCAC,0.00381455570381621,0.0
CGUCGUCUUCGCCG,0.00395817850662304,0.0
CGGGCUGCCCAGAG,0.00768038997571958,0.0489090252624959
AAGCCUGUUCGCCG,0.0269631337727563,0.0666383786343249
AGUGGUCCUCACCC,0.00711507492794727,0.0345940350138721
AGGCGUGUUCACCG,0.0302911676791232,0.0
AGGGCUCUCCAGCC,0.0103629504265193,0.0268747586029112
CAUGCUGUCUGCCG,0.00492982229867822,0.0
AGUCCUGUCCACCC,0.00696108404620132,0.0271264795983254
AAUCGUCCUUGGCG,0.0097466588260009,0.0
CGGCGGGCCCACCC,0.00372147928258993,0.0
AAGCGGGCUUAGAC,0.0113464222742261,0.0356267917920166
CAGCCGGUUUGCAC,0.00460388593857049,0.0228536836776092
AGUCGGCUCCGGAG,0.0105491563284499,0.0646364507567108
CGGCGGCCCUGCCG,0.0065309699112017,0.0
AAUGCUCUUUGGAG,0.0135579533692646,0.0879137043802361
CGUGGGGCUUGCCC,0.00559481039514178,0.0
CAGGGGGUCUACAC,0.00579299168979258,0.0238069064829863
AGUGCGCUUCAGAG,0.0236306116210673,0.0
AAGGCGCCUCGCAC,0.0951652082375505,0.0249326244590299
CGGCCUGUCCAGAC,0.00213593667413328,0.0
AGUGGGCUCCGGAG,0.0205749687551688,0.0
CAUGGUGCCCACCG,0.00392374146430718,0.0536439512571756
AAGCCGCCUCAGCG,0.0199446059178802,0.0
CAUCCGCCCCGCAG,0.00564823381182109,0.0313824739677665
CGGCCGGUCCGCCG,0.00469512211815125,0.0283546217953453
AAGGGUCCUUGGCG,0.0515952040424722,0.0432224789575568
AAGCGGCCCUGCAG,0.0600088534317626,0.0
CAGGCGCCCCACCC,0.000877885484174268,0.0500663863919453
CAGGCGGUCUAGCG,0.00684917893938629,0.0
CGUGCGCCUUGCAG,0.00606875579760153,0.0640145224424376
CGUCGGCCCCACAC,0.00350842056608667,0.0443200814194634
AAGGGGCCUCAGAC,0.0223232934766157,0.0284906963131758
AAGGGUCCCCAGAC,0.0157642787001635,0.0273562162969893
CAGGGGCCUCGGAC,0.00274083481946025,0.0
CAGGGUCCUCGGCG,0.0050189125559665,0.0
CGGCCGCUCUACCC,0.00137821864735667,0.021197970218531
CGUGCGGCCUGCAG,0.0037594535609837,0.0
CGUGCUGCCUAGAC,0.00242963009216493,0.070831697115609
AGUGCGGUUUACAC,0.0220692549060358,0.013987375684556
CGUGCUGUUUAGAC,0.00267621065231642,0.015064592699387
AGUGGGGCCCAGCG,0.0112078229689398,0.0446866715595317
AAGGGUCCCUACAG,0.0247019417536955,0.0365660687790776
AGUCCGGCCUACCG,0.0146679447723794,0.0
AGGGCGCUCCGCAC,0.103273939439139,0.0309130003473251
AAUCCUCUUUGGCC,0.00145836101827805,0.0325268991835806
AGUCCUCUCCGGCG,0.00876621916782821,0.0411605482263791
CGGCGGGCUUAGAC,0.00453223012629702,0.0
AGGGGUGUCCGGAC,0.0123145058723335,0.0
CGGGCGGUCCAGAG,0.0119486066966012,0.0
AAGCCUCCCCGGAG,0.0202935677296881,0.0685055837218662
AAGCGGCCUCACCG,0.0424112838893605,0.0276559607716854
CGUGCUCUCCACAG,0.0044352840273388,0.0268011531922498
CGGCGUGCUUAGAG,0.00637344861510519,0.0593044198370579
AAUGCUGCCUACAC,0.0127110577815781,0.0151404534725748
CAGCGGCCCCGCAG,0.00450053620932991,0.0312903999211371
CGUCCUCUUCAGCC,0.000479151237545497,0.0251404167993195
CGGGGGGCCCAGCG,0.00324142332618191,0.0
AGGCGGCUCUAGAC,0.00785389975288503,0.0
CGUGGUGCUUAGAG,0.00366333116879946,0.0
CGUCCUGUCUACAG,0.00311287864623676,0.0
CAUCCGGUUCGGCC,0.000650372298430933,0.0384573574751229
AGUGCGCUUCACAG,0.0776846717515705,0.0139071516241136
CGGCGUGUCUAGCG,0.00334281124238031,0.0
CGGGCUGCCCACAG,0.00951967691483942,0.0
AGUCGUGCUUGGCG,0.0082921798336316,0.0
AAGGCUGUUUAGAG,0.0241203913918459,0.0284058927309667
CGUCGGGUUCACCC,0.00231421442171754,0.0474065346892112
CAUGGGCCUUAGAC,0.00128799817187356,0.0
AAGCCUCCUUGGCC,0.0106980200063293,0.0283061203793076
AAGGCUGCCUAGAC,0.0174455247550919,0.0481524090380107
CAGCCUCUCUAGAC,0.00179874804876781,0.0577493619893469
CAUGCUGCUUGGAC,0.00276814786673451,0.046959074139772
CGGCCGCCCCGGAC,0.0029575759150003,0.0
AGUGCUCCUUACCC,0.00154666500769387,0.0293714567193014
AGGCCGCUCUGGAC,0.0106926451972425,0.0
AAGCCGCCUCAGAG,0.0380292302236402,0.0753883691982204
CAUGGGCCCCGCAC,0.00403307487206876,0.0
CAGGCGGUUCGCCC,0.00233911691456719,0.134612735200535
CGUCGUCUCCACCC,0.00341675885352769,0.038281367525862
AAUGGUCCCCGCCG,0.0172398227292159,0.0653348466600832
CGGGGGCUCUGCAC,0.00570490505408017,0.0566860517260264
CAGCCUCCUCACCG,0.00703604956669887,0.0200507592923909
AAUCGUGCUUACAC,0.00871394956423975,0.0429763434543852
CGGCGUCCUCACAG,0.00605482520333635,0.0241397096785354
AAUCGUCUCCGCAC,0.00814173076580303,0.0233437588359147
CAGCCUCCCCGCAG,0.00669533995930242,0.0285165814752258
AGUCCUCCUCGGAC,0.00525424155020238,0.0429214939596922
AAGCGGGCCUAGCG,0.0302297958028704,0.0
AGGCGUGCCCAGCC,0.00893539345819786,0.0164283962603665
CGUGCGGCUUAGAC,0.00163072581645639,0.0313738923523181
AAUCGGCUCUAGAC,0.00403745658954194,0.0
AGGGCGCCUCACAG,0.153023358074373,0.0
CAGCGGCUUCGCCG,0.00356772660768422,0.0
CGGCCUCUUUACAC,0.00398154831899345,0.0419582553189557
CAUGCUGCCCACAG,0.00436423070765814,0.0180478505802279
AAGGGGGUCUGCCG,0.080344079511629,0.0
AGGGGGGCUUAGAG,0.0607188725054146,0.0434608341240359
CGUCCUCCUUGCCG,0.00336887693879832,0.0
CAUGCGGCCUACAC,0.00358279061367353,0.0401245479850268
AAGGCGCUCCACCG,0.621464888530122,0.0236017562548912
CAGGCGCUCUGCCC,0.00253057831839484,0.0
CGGGCGGCUUGCAG,0.0104369537827128,0.0
AGGCCGGUUUGGAG,0.0501782621125742,0.0
CGUCGUGCCUGCCC,0.00388726451564826,0.0
CAUCCGCCUUAGCC,0.000318819891067222,0.0245257564810025
AGGCGGCUUCACAC,0.0176825645079012,0.022345235052955
AGUGGGGCUCACCC,0.0107403831862739,0.038325327091498
AAUCGGGUCCGGAG,0.00848862378528796,0.0
AGGCGUGUUUACCG,0.0241032238534887,0.017670298604274
AAGGGGGUUUGCCC,1.17630685258059,0.0
AAUGGGCCUCACCG,0.0196928934078344,0.0173624934518657
CAGGGGGCUCGGCC,0.00245901079917248,0.0929035651054358
AAGGCGCUCCGCCC,0.0800507101852721,0.0365628724194677
CAGCGGGUCUAGAG,0.00447086530833942,0.0
AAGCCGCUCUGGCG,0.0236724747092538,0.0
AAUCGGGUUUGGAC,0.00402240944663003,0.0
AAGCGGCCCUACAC,0.0205345910414337,0.0250463455727708
AGUCCUGUCCAGAG,0.0121031145418159,0.0394659265686679
CGUGCUGUCCAGCG,0.00392055149090972,0.0206457937119039
AAGGCGCCCUGGCG,0.0928207693599499,0.0
AGGGGUGUUCACCG,0.0184718876401897,0.0
AAUGCUCCUUGCAG,0.0193113870495952,0.0304733950275915
AGGCCUGCUCGGAC,0.0238879544961109,0.0331961278137464
CAGCCUGCCCGCCC,0.00186537935576037,0.0870412153352512
CAGGGGGCCUGCCC,0.0200225235031615,0.0335516377272756
CGGGGUCCCCGCAG,0.00521463977599515,0.0
AAGGGUGUCUGGCG,0.0120663269596219,0.0
CAGCGUGCCUGGAG,0.00618031380858685,0.0
CAGGCGCCUCGCCC,0.00428170045637267,0.0382763558435328
AGUCCUGUUCACAG,0.00845433446501948,0.0260786115028573
AGGGCGCUCUACCC,0.0448247510495045,0.0345657968542255
CAUCCUGCUUGCCG,0.00381977728447381,0.0
CGGCGGGCUUGCCC,0.00622383714526704,0.0
CGUCCGGCUCGCCC,0.00169445833135858,0.0
AAGCCUCCUCACAC,0.0155634954115933,0.0234615254102297
CGGCGGGCUCGGAG,0.00576829288801439,0.0
AAGCCGCCUCGGCC,0.0145219512323153,0.0219079479543966
AGGGGUGUUCAGAG,0.0317740839335582,0.0
CGUGCUCUUCGGCG,0.0061300673548585,0.0227903323808556
AGUCCGGUCCACCG,0.00937770013227216,0.0379458604927358
CGUCGUGCCCGGAG,0.00425940546267472,0.0
CGGGGUGCCUGCAG,0.00523983127249754,0.0
AAGGGGCCCUAGCG,0.0313415913852932,0.0420461293993566
CAUGCGCCCCGCAG,0.00664325866316264,0.0
AAUGGUCUCCGGAC,0.00739372620556071,0.0
AAGCCUCCCCACCC,0.0160596598818686,0.0284833984305429
CGGGGGGCCUACAG,0.00417107598604215,0.0
CGUGCGCCCCAGAC,0.00106360924609532,0.06118524737439
CAUCGUGUUCGCCC,0.0021119311337519,0.0
CGUGCGCCCUAGCG,0.0059704163584839,0.0
AGUGGGGCCUGCAC,0.0303329801725442,0.0
CAUGGGCCCUAGCC,0.000320370597689213,0.0466180770238208
CGGGCGGUUCGCCC,0.00254729150218782,0.0928526077091866
AGUGCUCCCUAGAG,0.0103393929124786,0.0
AGUCGGCUCUACAC,0.00837868046533251,0.0348766396740502
AAGGCUGUCCACCC,0.0200981858499714,0.0198463768719205
CGUCCGGUUUGCAC,0.00294076000561257,0.0
CGUCCUGUUUGGCC,0.000468589366634659,0.0355804911194489
CGGGCUCCUUAGAG,0.00826825766283916,0.0199539687816497
AGGGGGCCCUAGCG,0.0453792102299001,0.0
CGGGGGCCUCGCAG,0.00317744947221131,0.0
CAUGGGGCCUACCC,0.00183345262297959,0.0
CGGCGUCCCCGGCG,0.00491902527622219,0.0
AAGCGGGCCUACCC,0.00363139390339306,0.0391224106088095
AAGGCGGCCUGCAC,0.0809802882860424,0.0189542758388478
CAUCCGCCCCACCG,0.00358394486322691,0.0425786701591011
AGGCGUCCCUAGAC,0.00696401331240444,0.02376494054684
CGUGCUCUUUAGAG,0.00559961318227667,0.0
AAGCGUGUUUGCAC,0.0123199676579066,0.0147088569419034
CGGGGGGUUCGCCG,0.00546720067682683,0.0
AAGCGUCCUCACCG,0.0253605980421322,0.0341550643805975
CGGGCGGUUCAGAC,0.00313368024097361,0.0233786540123478
CAGCCUCUUUACCG,0.00765852098376138,0.0485149184019509
AGGCCGCUUCAGCG,0.0238767403039815,0.0
CAGCGUCUCCACAG,0.00578721964408309,0.0302750165201765
AAUGCUGCUUACAC,0.0125557291732492,0.02983056576509
AAUGGGCCUCGCCG,0.0559211842542479,0.0302940071309761
AAGCCUCUCUGCAG,0.0178010447021973,0.0339856827110789
AGGGCUCCUUAGAC,0.012955603675762,0.0344133493579912
AGGCGGCCUUGCAG,0.0176196524108159,0.0
CAGGGGGUCUAGCC,0.00074779597683969,0.0491712430738297
CAUGCGGUCUACCC,0.00098023469368056,0.0447791443910917
CAUCCUCCUCACAC,0.00309015690429342,0.0203766467569321
CAGGCUGUUUGGAG,0.00664383734423086,0.0
CGGCCUCCCUAGCC,0.000666376330312747,0.0330830369457641
AGGGGUCUUUAGCG,0.0203846484863053,0.0330508221837075
AAGCCGGUUUAGAC,0.018391417704585,0.0442445851293807
AAGGGUCCCUAGCG,0.0289323514078453,0.0439778700392034
AAGCCUCUCUACCG,0.0203047296131426,0.0276948360465457
CAUGCUGUCUAGAG,0.00461485173569941,0.0
CGGCGUGUCCAGAC,0.00387200383188573,0.0
CGGGGGCCCCGGCC,0.00156986580699398,0.0
CGGGGUCCUCGCCC,0.00412020920572456,0.0
AAGGCGCUUUACAG,1.48876518409245,0.0378910415351472
AGGCGUGUUUGCCC,0.00987837043175767,0.0
CAGCCUCUCUACCG,0.00849319198235248,0.0232422238204791
AGGCGUGCCUAGCG,0.0218643177190572,0.0
AAGCGUCUCUGGCC,0.00822164752668501,0.039122762854825
AAGGCGCUUCGGAC,0.0901102973214548,0.049211321981755
AAGGCUCUCCGGCG,0.0228472245956146,0.0366014584318115
AGUCGUGUUCGCAG,0.00861077429510977,0.0583557634188726
CGUGGUCCCUACAC,0.00270388729125674,0.0303940376683504
AGUCGUCCCCAGAG,0.0105600637516798,0.043883630054877
CAGCCUCUUCGCCG,0.00944456405960103,0.0218946258870137
CAGGGUGCUUACCG,0.00498892801416047,0.0
AAGCCUGUCUGCAG,0.0246323298558065,0.0360091529528184
AAUCGUCCCUGGCG,0.0115660158417839,0.0387310300214576
AGUCGGCCUUGGAC,0.00587396204652328,0.0
CAGCGUGCUCGGCC,0.00316677236473045,0.791391071762477
CGGCCGCCCCACCG,0.00397888276858889,0.0596847868446049
AGUGGGCUUUACCG,0.0641835416375857,0.0
CGGGCUCCUCGGCC,0.00207365792261795,0.0
AAGGGUGUUCAGAC,0.0129927051657791,0.0337650992861605
AAUCGGCCCUACAG,0.00995135274263984,0.0118073800064296
CAUCCUCCUUACAC,0.00322030791710963,0.0235017543309172
AAUGCGGCCUAGCC,0.00332584683767173,0.0261233577614188
CGUGGGGCCUACCG,0.00355968604522847,0.0507530940200988
AAUGGUGUUCGCAG,0.0115763238343581,0.0350250424483907
AGGGGGCCUUGGCG,0.088488231352851,0.0
AAGCGGCCCCACCC,0.0209979469154128,0.0243782650563892
AGUGGGCUUCGCAG,0.0149444876275433,0.0482126616117089
AGGGGUGCUUACAG,0.0211670088316069,0.0355173709397732
AGUCGUCCUCGCAG,0.0100954447280536,0.0355484915205294
AGGGGUGCUUAGCG,0.0370818828515211,0.0196189052539454
CAUCCUGCUUGGAC,0.0020521197013008,0.0341533102454767
CGUCCGCCUCGGCG,0.00308015639651254,0.0393965666926759
CGGGCGCUUUGCCC,0.00438267445560846,0.0252928002108727
AGUCCUGUUCACCG,0.0112893732236853,0.0228252996568495
CGGCCUGUCUGCCG,0.00849793148680692,0.0
AAGCCGGCCUACAC,0.025964854964124,0.0263127948306947
CGGCGUCCUUAGAC,0.00125611339811927,0.0
CGUCGGGUCCACCC,0.00358925441117243,0.0482649545861065
CGUGCUGCUCGGAC,0.00252570099917481,0.0383481477854807
CGUCGUCUUUGCAG,0.00410267640059382,0.0
AAUGGUCCUCACCC,0.0157351547887333,0.0545758137803573
CAGCCUGUUCGGAC,0.0027489125835739,0.0242627789883751
AAUCGGCCCCAGAG,0.0116960777452826,0.0
AAUGGUGCUUAGCC,0.00155670724129984,0.0238885224614657
AGGGCUGUCUGGAG,0.120663269596219,0.0
AAGGCGCCCCGCAG,0.638373759044796,0.0470361216040193
CAUGGUCUUCAGCC,0.000586411170675217,0.0272745534604514
AAGCGGCCUUGCAG,0.0398222106723096,0.0
CAGGCGCUCUACAG,0.0116287483503673,0.0316385798346716
AAGGGUGUUCAGCC,0.00805212928108,0.0218154871451535
AAGGGGCUCCGGCG,0.0362757549634445,0.0610865796534523
CAGCCUGCCCACCC,0.00140287190912022,0.024447382355504
AGGGCUGCCUGGCC,0.0190737270989145,0.0
CAUGCUCCUUGCCC,0.00375038006083652,0.0381434880470441
AAGGGGGUCCGGAC,0.0267967337521564,0.0
AAGCCGCUUUAGCC,0.00248537243233806,0.0264673598094427
AGUCCGGCUUGCAG,0.0202928414029977,0.0
AAGCGUCUCUAGCC,0.00904001833357704,0.0277656898842031
CGGGCGGUUUACCG,0.0592976054607657,0.0
CGUCGGGCCCAGCG,0.00393292696910072,0.0419962939547624
AGGGGGCCUUACCG,0.0888759273547026,0.0399882415348819
CGUCCUGCUUGGAG,0.00573568691588276,0.0
AGGGGUCUCCACCC,0.036149005295508,0.0525033233246427
AGUCCGGCUCAGAC,0.00682459362647042,0.0522142186709897
CGUCGUCCUCACAC,0.00345997284212975,0.0
CGUCCUGCUUAGCC,0.000493539264980572,0.0292050481512212
CAUCGUCCUUGGAC,0.00117959288935464,0.135729375903798
CGUGGUCCUCACCC,0.00153723541431855,0.0307557773028145
CGGCCGCCUCAGCG,0.00498236751969777,0.0
CGGCCUGUUCAGAC,0.00302261249108482,0.0313593524554526
CGGGGUCCCCACCG,0.00334414240327644,0.025625573162379
CGGGGGGCCUGCAG,0.00371912689366288,0.0
CGUCCUCUUCGGCC,0.000641142325136875,0.0227430456537437
AGUGCUCUCCACCC,0.0066775139840204,0.0207569831410172
CAGGCUGCCCGCAG,0.0056517343381156,0.146480594083372
CGGCGUGCCUGGCC,0.00189044892968539,0.0
CAGCCUCCUCGGAG,0.00797307659275708,0.0
AAGCGUGCUCAGCC,0.0101793403906136,0.0299875828672614
CGUCGGGCCUGGCG,0.00455034093599251,0.0
CAGGCUGUCCACCG,0.00403385751578423,0.0187489668140189
AGUCGUCUCCGCCG,0.00776369999095207,0.0
CGUGCUGUCCGCCC,0.00216586890166994,0.0
CGGCGGGCUUAGCG,0.00568368144896826,0.0
CAGCCGCUUUGCAC,0.0050333123375609,0.0
AGUCCUCCUUGGCG,0.0128101049850709,0.0
CGUCCGCUCUGCCC,0.00152675736378133,0.0
AGUGCGGCCCGCCC,0.0120038259952346,0.0
AAGCCUCUCUGGAG,0.0226191076804063,0.0694391880224659
AAGCGGGCUUGGAC,0.0139057060693204,0.0
AAUGCUGUUCGCCG,0.0214798319081654,0.0198112556711676
CAUCGUGCCUACCC,0.00147710717421248,0.0235113050182717
AAGCGGGCCCGGAC,0.0109470452035075,0.0
CAUGGUGCUCGCCC,0.00279155747309203,0.0332518247304245
AAUGGGCUCUGCAG,0.0158291710811765,0.0267484536283911
CGGGGUCUCCGCAC,0.0054137632586846,0.0647447387808082
CAUCGUCCUUAGAG,0.00261176441283377,0.0605782647171017
AAGCCUCCUCGGAC,0.00881454592372223,0.0172081408959216
CAUCCUGUCUGCCG,0.0048044842328237,0.0
AAGCCGGUCUAGCG,0.0255362416706445,0.0282021399598659
CAUCGGGCCCGCCG,0.00425820664323687,0.0
CAGCCUCUCUGGCG,0.00378912096597884,0.0252969905075033
CAGGGUGCCUAGAC,0.00201958817345652,0.0285029195082842
CGUCCUCUCUGGAG,0.0043412936021293,0.0
AAUCGUCUUCGGCG,0.0149210433378739,0.0209299662201868
AAUCGUCCCUACAC,0.00870714390103332,0.0251134652182854
AGUCCGCUUCGGCC,0.00157501831645724,0.0285892107240497
CGUGCUCCUCACCC,0.000662017798331733,0.0447633976927389
AAUCGUCCCUAGAG,0.00864259022635054,0.0
AAGGCGGCUUACAC,0.0964764189820089,0.0381394321696842
CGUCGGGCUCAGCG,0.00388582604731508,0.0700447318610256
CGUCGGGUCCGCAC,0.002705975235111,0.0
AGUGGUGUUUGGCC,0.00189218355173434,0.0244228639197846
CGUGCUCUCCGGAC,0.00165985570859189,0.0
AGUCGUGCUUAGCC,0.000978497078989746,0.0392265900514076
AGUCCUCUUUACAG,0.00962492988719629,0.0762999576753555
AGGGGUCUCUAGAC,0.0178060870399834,0.0553428799972034
CGUGCGGUCUAGCC,0.000302457304989518,0.0490924379665669
CAGGCUCUUUGCAC,0.00550609775674101,0.0309144724824564
AAUCCUGUCCAGCG,0.0110334448441758,0.0226607969108367
CAGGCUCCUCGCCG,0.00717619375878568,0.0376299106385261
AGUGCGGUUCGGCC,0.0044198157645543,0.0573808217658862
AAGGCGGCCCGCCC,0.0648338688958486,0.0746699146474414
AAUCCUGCCUGGAG,0.014431351315927,0.0
AGUCCUCUCCGCAC,0.00823593992318204,0.0284720011535094
CAUCGGCCUCGCAC,0.00345370477538677,0.0
AAGCGUCUCUGCAC,0.0195806203842144,0.0778893206369965
AGGCGGGUUCACCG,0.0239644821149286,0.0
AAUGGUCUUUACCC,0.0045763067829164,0.0551856660259858
CAUCGUCUUUAGCC,0.000274836416672268,0.0337155487895972
CAGGGGCUCUACAC,0.00805130724673326,0.0235094930457239
AAGCCUCUCUACAC,0.022217683887229,0.0398689595274841
AGUGCGGCCCAGAG,0.0247212552343474,0.0358816793460006
CGUCGUCUUCAGCG,0.00339017213771997,0.0
CAGGGGGCUUGGAC,0.00201740813440918,0.0
AGUGGGGCUUGCCG,0.0425376081446184,0.0
CGUGCGGCUCAGAC,0.00170491415409292,0.0
CGUCCGGCUCGGAC,0.00336072363784907,0.0
CAGGGGCCUUACCC,0.00199183817561617,0.0197082137329593
CAUCCUGUCUAGAC,0.0022203583897789,0.0159375732454367
AAUGGUCCCUAGCC,0.00229748557279963,0.0
CAUCCUGCCUAGAC,0.00232906270379152,0.111713100126587
AGUGGUCUCCGGAC,0.00433199566022443,0.0445374559925809
AAGGCGCUUUAGCG,0.0882901972655264,0.0310966196537482
CGUCCGGCUUAGAG,0.00403572542074914,0.0390809118547611
CAGGCUGCUCACCG,0.00547851993288651,0.0268298924262549
CAGGGUCCUUGCCG,0.00830581855757174,0.0257826766145572
AAGGCUGCUCGGCG,0.0234022858239782,0.0
AAUCCUGUCCGGAC,0.00419412871565566,0.0710855065730692
CAGCCGCCUCGGAG,0.00622643555342705,0.0
AGUGGGCUUCACCC,0.194767860967761,0.0173312711656605
AGGCCGCUUUGCCC,0.0076777466696982,0.0478910711224741
CAUGGGCCUCGGAG,0.00400064956359416,0.0
CAGCCGCUUCAGCC,0.000743142756283655,0.0286885829949783
CGGCCGGCCCGCAG,0.0108891243294149,0.0
CAUGGUGUCCACCC,0.00192405995927703,0.0213349137955301
AAGGCUCUCCGGAC,0.0239524123682074,0.0186754911023534
CAUGCUCUUCGGAG,0.00415398141232886,0.0
CAUCCUCUUUGCCG,0.00381847671338615,0.0657352039800816
CGGCCGCCUCACCC,0.00055305580609369,0.0352794024105654
CGUGCGGCCCGCAG,0.00526632373830288,0.0
AAUCGGCUUUGGCG,0.0115522321401011,0.0310094825751953
CGGGCUCCUUGCAG,0.00778406612600496,0.0580900551725554
CAGGGUCCCCAGAC,0.00223428254304597,0.0293426615615543
AGGGCUGCUUACAC,0.0247926214446082,0.0185255150096791
CAGCGUGCUUGGAC,0.00304457936883187,0.0
AAGGGUGUUUGCAG,0.0237672470625521,0.0
CAGCGGGUUUAGCG,0.00559335663123503,0.0
CGGGCUGCCCACCC,0.00227363369308596,0.0211957273516888
CAUCCGCCUUGCCG,0.00868033658185202,0.0355226967849588
CAUCGUCCCUACCC,0.00104718414844039,0.0620574617237146
CAGGCGGUUUGCCG,0.0448504337282364,0.0
CAGCGGGCUCAGCG,0.00442415906516326,0.0
AGUCGUGCCCGGCG,0.00648179253095694,0.0
AGGGCGGUCCGGAC,0.0739736022012395,0.0
CAUGGGCCCCACAC,0.00255307673704847,0.0722033867196169
CGGGGUGCUUGGCG,0.0106301397507693,0.0
CAGGGUCCUUGCAG,0.0069561973603142,0.0
AAGCCGCCUCGCCG,1.98019146359921,0.113938416625138
AAGCGGGUUUACAG,0.0185147536553851,0.0
AAUCCUCUCCAGCG,0.0104201419912518,0.0249534776159082
CGGCCGCCUCAGCC,0.000401319078479665,0.0607614552526453
AGUGCGCCCUACCG,0.0364512385853387,0.0199814866653094
AAGCGUGCUCACCG,0.0238617413934181,0.0309189877070007
AGGCGUCUUCGGCG,0.0161062723496505,0.0
CAUGCGCCUCGGAG,0.00603985213111897,0.0
AGGCCGCUUCAGAG,0.0328705185748734,0.0521811161592679
CAUGGGCUCCGCCG,0.00490362926596797,0.0
CGGCCUGUCUGCAC,0.00506296893923781,0.0
CGGGCUCCUUACAG,0.00834884496949452,0.0182365523475774
AGUGGUGUUUGGAC,0.00553146196516566,0.0
AAGCGUCUCCACCG,0.015247484725132,0.0281493858019459
AGGGGGCUUUAGAC,0.0215074920538822,0.0349744770292554
CAUGCGCUCCGCAC,0.00330211712516553,0.0
CAGGCUGCCCGCAC,0.00378544220775944,0.0274102577209093
CAGGGUGUUUAGAG,0.00778559012250551,0.0
AAGCGUGUCUGCCG,0.0258578646704093,0.0298570285597937
AAGCCGGUCUGCAC,0.0338789464981658,0.040658040478515
AAGCCGGUUCAGAC,0.0135657027330541,0.019065316573089
AAUCGGCCUUACCC,0.00104345917077688,0.0239728980017466
CAUGGGCCCCAGCG,0.00230474202445218,0.0628680493168565
CGGGCGGCCUGCAC,0.00676101443489702,0.0
CAGCGUCCCUGGAG,0.00540205206972776,0.0
AGUCGGCCUCGCAC,0.0166279871516741,0.0
AGGCCGCUUCAGAC,0.012073522574721,0.0495978775237553
CGUCGUCUUCACAC,0.00362578410103762,0.038012045367863
CGUCCGCCCCACCC,0.000382799970447395,0.0316023333760517
CGUGGGCCUUGCCG,0.00389999112748756,0.0
AGUGGUCCCUAGCG,0.0123357069969777,0.0190783725661658
CGGCGGGUUUGCCC,0.00602047810664064,0.0
AGGCCGCCCCAGCC,0.00167871675428736,0.0371453976621058
CAGCGGGUCUGGAG,0.0071561528309953,0.0
AAGCGGCUUUGGAG,0.0162412897760538,0.0
CAGCCGCCCCACAG,0.00601277518124564,0.0349006234952017
CGUCGUCCCCAGAG,0.00450910650320367,0.0
AAUGCGGCUCACAC,0.0278279961649608,0.0294199225625295
AAGGCUGUUCAGCG,0.0362736879688597,0.078051871634551
AAGCGUCUUUAGCC,0.00310806686405972,0.0258557888094026
AAUGGGGUUUAGAC,0.00616772661142069,0.0179878806834747
AAGGCGGCUUAGAC,0.0590116097899732,0.0170570150992207
CGGCGUGCCCGGAC,0.00309015690429342,0.0
CAUCCGCCUUAGAG,0.00333206312659922,0.0339460962334919
AGGGGUCCUCAGAC,0.0136202024422933,0.0
CAGGGGGUCUACAG,0.00492982229867822,0.0
AGGCGUGUCCGCCG,0.0332363542595115,0.0
CAGGGUCCUCAGCC,0.000844746410017901,0.0
AGUCGGCUCUACAG,0.0104539350592054,0.0186105286528831
AAUGCUCCCUGCAC,0.0126432639193956,0.0417586157265114
CGGGGGCCCCACAG,0.00669178805481473,0.0
AAUGCUCUCCACAG,0.0109259119116089,0.0222972924705677
CGGCCUCCCCGGAC,0.0021714616084224,0.0268717334568852
CGUCCGCUUUGGCC,0.000763407556734428,0.0
CAGCGGCUUCACCG,0.00449657446970902,0.0148616554485494
AAUCCUCUCCGGAG,0.0186267791175464,0.0
CGGCGGCUCUAGAC,0.00153681600053095,0.0385983703071748
CAGGCGCUUCGCCC,0.00285784723631108,0.0583716025136131
AGGCCGCCCUGGAC,0.0105439899219224,0.0
AAGCCUGUCUGCCG,0.0155542825996013,0.0258075076141204
CGGCCUGCUCGGAG,0.00372512065175097,0.0276197847760447
AAGCCGGUCUGCCC,0.0103615631506925,0.0
AAUCGUGCUUGCAG,0.0134843210369167,0.0206456040641653
CAUGCUGUUCGCAC,0.00344075518103384,0.0
CGGGCGGUUUGGAC,0.00412886510741726,0.0
CAUGGGGCCCGCCG,0.00328118478564974,0.0394429244002904
CGUCCGGCCUGCCC,0.00135847477435121,0.0
AAUCCUCCCCACCC,0.00698035443105764,0.0553463666845103
AGGGGGGUUUACCG,0.399011218902326,0.0
CAGCCUCUCCACCC,0.00141988434831664,0.0297737080385722
AAUGGGGUUCGGCG,0.0274197021085191,0.0
CGGCGGGCUCACCC,0.00135540675250387,0.128593006251214
CGGCCGCCUCGGCC,0.00236170800625899,0.0535447630942234
CAGGCUCUUCGCCC,0.0015906896241658,0.0
CAUCCUGCCUGGCC,0.000718520055252726,0.0
CAGCGUCUCUACAG,0.00510880429378541,0.0160614476116677
AAUCCUCCUUGGCC,0.00276332687310851,0.0298401512027263
CAUCCGGUCUAGCC,0.000266436447955449,0.0317674229801797
AAUGCUCUUUGGCC,0.00185103011998212,0.0293539480089648
AGGCCUGCCCGGAC,0.0151211677850091,0.0387255567616689
AAGCCGGCUCGGCG,0.0252257706472932,0.0
AGGGCUGCCUGCCG,0.0317621190669147,0.0
CAGGGUGCUCAGAG,0.0091078308758122,0.0479085169088644
CAGGGGCUUUACAG,0.00369684825981525,0.0
AAGCGUCUCCAGAG,0.0179070630864183,0.0372668382430137
AAUGGUGUCCGCAC,0.0101191757781439,0.0320573718672827
AGGCGGGCUUGGAC,0.0123606276171737,0.0
CGUGGUCCUUAGAC,0.00129560548172873,0.0885850469229787
AAGGCUCCUCGGAC,0.00974108176435983,0.0269308476925073
CAUGGGCCUCGCCG,0.0051757398326328,0.0
CGGGGUGCUCAGAG,0.00774495021582403,0.0
CGGGGUGUCUAGCC,0.00115022506993144,0.0
CGUGCGCCCUAGCC,0.000319892019077994,0.0260692843850146
AGUCGUGUUUAGAG,0.0136256041277031,0.0
CAGGCUCUCUACAG,0.00536978085008366,0.0249676219205053
AAUGCUCCUCGGCC,0.00380966265200222,0.0214950837107449
AGGCCUGUUCAGCG,0.0139057060693204,0.0
AAUGGGCUUUAGAC,0.00586018786481483,0.0151311957324369
CAGGCUGUUCGGCC,0.000825773021483453,0.0
AGGGGGCUUCACAC,0.442074211249506,0.0275737128438688
CGUCCUGUCCGGCC,0.000898301425666693,0.0
CGGCCUCCCUACAC,0.0044347289924211,0.0304026409947937
CGUCGGCUUCGCAC,0.00467888164039908,0.0
CAUGGUCUCCAGAC,0.00186029512633049,0.0277270932640466
CGGGCUGCCUAGAG,0.00772539226073356,0.0
AGGCGUGCCCGGCG,0.0180930925990513,0.0
CGGGCUGUUUGGAC,0.00339482026105475,0.0
AAGCCUCCUCGCAG,0.0266342095084338,0.0509436807445856
CGUCGGCUUUACCG,0.00504595241333989,0.0
CAGCGGCCCUGCCC,0.00772051819621575,0.0
CGGGGGGCCCACAC,0.00581461476665863,0.0410065506369499
AGUCCUGCUUGGAC,0.00395346444674615,0.0307060201957228
AAGCCGGCUCGGAG,0.0225841373753033,0.0
AGGCCGGCCCGGCC,0.00911334409062807,0.0
CAGCGGGCCCGGCC,0.00504804257647933,0.291652957376013
CAUGGGCUCUGGCG,0.00349212853412021,0.0
CGUCCGGUUCACCC,0.000712460695225931,0.0424460145992597
AAUGCUGCUUACCG,0.0117380850583525,0.0280349254579541
AGUCCUCUUUGGAC,0.00429756920464648,0.0318928607244096
AAGCCGGCCCGGAG,0.0466098666397591,0.0
AAGGCGCUCUACCG,9.84227184363886,0.071528135955217
AGGCGUGCUUGGCG,0.0143490764077625,0.062299092870009
CGGCGUGCUCGGCC,0.0019052095199403,0.0
CAUGGUGUCCGCAC,0.00331340017874808,0.0
CGGCCGCCUUACCG,0.00455678766460929,0.028274250677311
CGUCGGGCUCGCAG,0.00386269613036678,0.0
AGUGCGCCCCACAC,0.0188814261597895,0.0242795313503824
CAGGGUGCCCAGAC,0.00223872638923762,0.0
CAUGGGCCCUAGCG,0.0034431118886999,0.0391316177440609
CGUCGUCUCUGCAG,0.00319278204133638,0.0
CAUGGGGCUUGCCG,0.00558889621924839,0.0
CAGCCUCCCCAGAG,0.00703869072644613,0.0489246645652618
AGUGGUGUCCAGAC,0.00662298091333412,0.0155302413531885
AGGCCGGUUCGCAG,0.0403851540250761,0.0
AGUGGGGCCUGGAG,0.0144936562767744,0.0
AAUGCUCUUUACCC,0.00144724936422184,0.0286376546810067
CGGGCGCCUUAGCG,0.00499779889214243,0.0
AAUGGUGUUCGGCC,0.00381820434247774,0.0
CAUCGUGUCUGCCC,0.00273312682371769,0.0250271251064523
CAUCCGCUUCACCG,0.00473884120017009,0.0
AAUCCGCCUCAGAG,0.0119496604585464,0.0
CAGCGGGUCCACAG,0.00385670745419567,0.0
AGUCCUCCCCACCG,0.0102497044946962,0.047619147561158
CAGGGGCCUUGCCG,0.0222808236278797,0.0
CAGCGUGUCCACAC,0.00440511728909914,0.0242098562971734
AAGGCGCCCUAGAG,0.102164826460358,0.036367875041758
AAGGCGCCUCGGCC,0.0372186704810874,0.0
AAUGCUGCUUGCCC,0.00650666701300068,0.0279814363518895
CGGCGGGUCCGGAG,0.00570490505408017,0.0
AGGGCUGCUUGCCG,0.0438507979752114,0.0
AGUGCUGUCCGGAC,0.00708474997569712,0.0215650727572991
CGUCGUCUUCACCC,0.00259504889200331,0.0
CGGGGGCUUCACCC,0.00543500694855318,0.0
CGUGGGGUUUACCG,0.00373151022405243,0.0
CAGGGGCCCCAGAG,0.00426315523939256,0.0
CGGGGUCCCUAGAG,0.00430749144234841,0.0
CGGGCUCCCCGGAC,0.00247987513322607,0.0214613607017589
CGGCGGGCCUACAC,0.00320384160645806,0.0
AAUCCGCUCCGGCC,0.00153442273868363,0.0329141813686268
CAGGGGGCCUGGCG,0.0028017422598927,0.0
AGUCCGGCCCAGAC,0.00596115374445256,0.0441009188231259
CAGCCUGUCUACAG,0.00620044512392427,0.0234832575097243
AAGCGGGUCCGGCC,0.0100926225498023,0.151976693826466
AAUGCGGCCUGCCG,1.44661050760131,0.0202308245427778
CAUCCGCUUCAGCG,0.00260910345481239,0.0
AGUGGUCCCCAGAG,0.00964221891189302,0.0
AAUCGUGCUUGGAG,0.0158805414419317,0.0
CAUGGUCCUCGCAG,0.00507489182656318,0.0
CAUCGGCUUCGGAC,0.00178517290997572,0.0
CAUCCUCUUCAGCG,0.00385185890675453,0.0183195298910877
AAUGGGGUCCGCAC,0.0114263941344803,0.0216005375585906
CAUGCUGUUCAGCC,0.000383319891648244,0.0494722807055299
AAUCCGCUCCGGAC,0.00490679459954471,0.0250300403996088
AGUCGGGUUUGGCG,0.00998738711467635,0.0
AAGGGUCCUCAGAG,0.0492987822405881,0.0348789145774062
CGUGGGGUCUAGAG,0.00405153905229582,0.0
AAUGGGGUCUGCAG,0.0148602212019799,0.0281171199441174
CGGGCGCCCUACAG,0.00636010475574574,0.0
AAUGGUCUUCACCG,0.013964678529326,0.0281699103378671
CAGCCGGUUCAGAC,0.00283467149094633,0.0414372689438997
CGUCGGGUCUGCAC,0.00468572811631421,0.0
CAUGCGGUUCGCAC,0.003654446425947,0.0614542677522554
AGUCCGGUCUAGAC,0.00471574812938078,0.0349314972127494
CAGGCUGUUCGCCC,0.00211160721793384,0.0675939565847628
CAUGGGCCUCGCAC,0.00287057903067812,0.0
CGGGCUGCCCGCAG,0.00465530131036412,0.0
CAGGGGCUUUAGAG,0.00422021428353341,0.0
CAUGGGCCCUACCG,0.00407029477702085,0.027731519743848
AGUGCGCUUCAGCG,0.022911887046965,0.0
CAUCGUGCCUGCAC,0.00217886894803838,0.0
AGGCCGGCUCAGAC,0.0200011254574596,0.0424617471952819
AAUGGUCUCCGGAG,0.015692203029615,0.0
AAUGGGGUCUAGAG,0.0181325506454574,0.0
CGGCCGCCUCACAC,0.00554434484147633,0.0269536626391276
CGUGGUCCCUGCAC,0.00267256813344296,0.0
AAGCGGCCCCACAG,0.019151644371273,0.0373702310785796
AAGGGGCCUUAGCG,0.0550791855626374,0.0288280771795738
CGUGCUCCCUGCCG,0.00438739000746097,0.021528384577095
AAGGCUGUUCGCCC,0.0326958536970401,0.0360917448118902
CGGGCGGUUCAGCG,0.00686701534287428,0.0
CGGCCGCUUCGGCG,0.00459109025780737,0.0
CGGCCGGUCUGGAG,0.0149825789299075,0.0
CAGGCGCUUCACCG,0.066734468616065,0.0
CGGGCGGCCUACAC,0.00592280073322906,0.0234021985382338
CGGGGUGCCCGGCG,0.00629067655516876,0.0
AGUCGUCCUUGGAG,0.0110635247190752,0.0
AGGCGGGUUCAGAC,0.0122581914766998,0.0330128579635026
AAUCCGGCCUAGCG,0.0134152886766595,0.0
AAUGGUCUCUAGCG,0.016839740063815,0.0
CGGGGGCCUUACCG,0.00667825378368626,0.0
CGGCGGCUUUAGCG,0.00436257445312013,0.0
AAGGCUCCUUGGAC,0.00966157541147653,0.0561667171714347
CAUCGGCCUCGCAG,0.00312392911089772,0.0470408585325397
AGGGGGGUUCGGCG,0.0647361683679097,0.0
AGUGGGCCCUAGCC,0.00127160357174082,0.0276470121938147
AGGGCUGCCCAGCC,0.0107163239433294,0.0297286010888355
CGUCCUGUUUACAG,0.00537916201858485,0.0733768075548269
CGUCCGCCUUGCAG,0.0044016769857668,0.0
CGGCCUGCCUGCCC,0.00313049837823981,0.0
AGUGCUGCCUACCC,0.00361705001700705,0.0272755480351292
AGUCCGCUUUACCG,0.0198215469897019,0.0449678065439419
CAGGGGCUCUACCG,0.00974894662064184,0.0
AAUCGGCCCUACCC,0.00165221214842782,0.022048799265075
AGUGCUGUCCGCCC,0.0107734653161358,0.0650684128070302
CGGGGGCCCUACCG,0.00611202304827097,0.0447780645064594
CGGCGUCUCCGGCC,0.00245250547959795,0.0
AAGCCGCCCUGGAC,0.0143557289194602,0.0250394627936696
CGUGCUCUCUACAC,0.0031213706103974,0.0173766421974164
CAUCCUGUUCACCC,0.00105113998634233,0.0496160395904242
CAUCCUGCUUAGCG,0.00392533444599435,0.0
AGUCGUCUCCGGAC,0.0046964939734856,0.0
AGGCGUCCCCGGAG,0.025126521713599,0.0
CAGGGGGCCUGGAG,0.00618031380858685,0.0
AAGCGUCUUCAGCC,0.00911655485174689,0.0451719266679813
AGGGCGGCUCGGAC,0.0931461581151304,0.0516175062532581
AGUGGGGUCCGCAC,0.00986528964750953,0.0191822878055895
AAUGGGCUCCAGCC,0.00220087962679862,0.0354857535451154
AAGCGUGUCUGCCC,0.0110582626383527,0.0379691110966648
CAUCCGCCCCACCC,0.00042033419691137,0.0504475447634598
CAGGGGGCUCGCCC,0.0198987376412834,0.0
CGUGCGCUCCAGAC,0.00153779721533169,0.0333959591133063
CAUGCUGCUCAGCC,0.000416536218332155,0.0370240455084784
CGGCGGGCUUGGAG,0.00732481636573256,0.0
CGGGCGCCUCGGAG,0.00855084513242838,0.0
AAUCGGCCCUGGAC,0.00367057462293825,0.0290965269074473
CGUCCGCUUCGCAC,0.00484680211544778,0.0321142149200009
CAGCGGGCUCAGAC,0.0029965157859815,0.0
CAUGCGGCUUGCAC,0.00284993269265224,0.0
CGUGCGGCUCACCG,0.00442510468694818,0.0302703548618966
CGUCCUCCCCACCC,0.00158696548946833,0.0658030840279944
AAGCCGGCCCACAG,0.028873158357039,0.0328421215382923
CAUGGGGUUUAGCG,0.00333041039015001,0.0
AGUGGUGUCUGCCC,0.00923263205690934,0.0
AAGGCUGCUCGCCC,0.0193362023937772,0.0752842391978424
CGUGCGGUUCAGCG,0.00325783983708454,0.0
AAUCGGCUCUGGCG,0.0100329769619916,0.0
AAGGGUGCUCAGAC,0.0116672265557224,0.0447773989365303
AAGGCGGCUCACAG,0.0845695975788418,0.0305652704567469
AGUGGGCUCUACAG,0.0167827487043522,0.039016154707418
CAUGGGGCCCAGCG,0.00283500633421415,0.0
CGGGGGGCUCGGAC,0.00204039068321766,0.0
AAGCCGGCUUGCCG,0.189819779041198,0.0
AAGGCUCCCUGCAC,0.0283214380354659,0.0
CAGGGUGUUUGGAG,0.0079253435898349,0.0
AAUGGGCUUUGCCC,0.205456564237345,0.0453765867282816
CAUGGGGUUUGGCG,0.00249628310183964,0.0
AAUCGUGCUCAGAC,0.00563986323576261,0.0285562017052974
CAGGGUCCUUGGCG,0.00845993775437708,0.055917104356303
CGUGCUCUUUACAG,0.00568190140466855,0.0
AAGGGUCUCUGGAC,0.0101714156413799,0.0401226549376686
CGUCGUGUCUGCAG,0.00247212552343474,0.0
CAUCCUGUUUAGCC,0.000337859315440576,0.0247053558020622
AGGCCGGUUCGGAC,0.0154271955374648,0.0
CAUCCUCUUUGCCC,0.00119998478770785,0.0602400357244131
AAUGGGCUUCGCAG,0.0175963519790333,0.0
CGUCCUGCUUGCCG,0.00601936813648823,0.0
CGGCGGGCCUAGCG,0.00403063944038273,0.0
CGGCCUGCCUAGCG,0.00640505249253546,0.0
CAUGCUCUUUGCAG,0.00335762904886394,0.0
CGGCGGCUCUACCG,0.0051843128229055,0.0169313119475009
CAUGGGCUUUGGAG,0.00346582303775654,0.0
CGGGCGGUUCGCAG,0.0109872245485988,0.0
AGGGGGCUCUGCAC,0.105251208845482,0.0532435707921189
AGUCGUCCUUGCAC,0.0116064821821973,0.0374524163171347
CGGCCGCCUCGCCG,0.010729711473241,0.0
CAGGGUGCUUAGCG,0.0046870836266464,0.0
CAGGCUGCUUGGAC,0.00260598485477279,0.0
CGUCGGGCUUGCAG,0.00479787519350821,0.0
CAUGCUCCCCGGAG,0.00448326042672079,0.0
CGUGGUGUCCAGCC,0.00109064361328003,0.0
AGGCCUCCUUGCAC,0.015511375833316,0.0242116436726423
CGUCGGCUCCGCCG,0.00474719756311743,0.0
CGUGGGGUCCAGCC,0.000561846709871532,0.0273552160534561
CGGGGUCCUCACAC,0.0049161587113759,0.0358003587401938
AGGGCUGCCUAGCG,0.0373159856473009,0.0259265861151769
CGGCGUGCCCACAG,0.00556228242772816,0.06797548912957
AAUGCGCUCUGCCC,0.013893167109835,0.037755124679064
CGUCGGGUCUGGAC,0.00322072691433399,0.0
CGGGCGGUCCACAC,0.00515433286012579,0.0269854105289265
AGUCGGGCUCACCC,0.00146977679473162,0.0
AAUCCGGUCCAGAC,0.00522495995649613,0.0660654008501754
AAUCGUGCCCACAC,0.0087526606370257,0.0195603503951487
AAGGGGCCUUACCC,0.0746502246346214,0.0195884299783033
AAGCGGGCCCGGCG,0.0369414211740532,0.0
AAGGCGCCCUGCCG,9.26463487557905,0.155449200553783
CAUCCGCCCUAGCG,0.00338203079480389,0.0
AGGCGGCUUUAGCG,0.0127514775023017,0.0
AAGGCUGUUCACCG,0.0222687497547494,0.018701006281285
AAUCCGGUUCACAC,0.00590505613475903,0.0174106015057632
CGGCGGCUUUGGAC,0.0017688484348714,0.0
AAGCCGGCUUGGAG,0.0355181889963364,0.0254723638832703
AAUCGGGUUCACAG,0.0106340637595367,0.0228893769569826
CAGCGUGUCUGGAC,0.00215547981595776,0.0
AGGCCGGCUCGCCG,0.108808341700472,0.0
CAGCGGCCUUGGCG,0.00342171880389572,0.0
CGGCCGCUCUACCG,0.0149628650102629,0.0591951606651559
AGUCCUGUUUACAG,0.0093902442363025,0.0292240878542549
CAUCGGCUCUGCCG,0.00286274275982161,0.0
AGGGCUCCCCAGCG,0.0288310070563011,0.0
AGUGGUGCCCAGAG,0.0119808317965342,0.0
CAGCCUGCCCACCG,0.00353976402893658,0.0259389241617443
CGUGGGCUCUGGCC,0.000856447980965219,0.0
CAUCGUGUCCAGAG,0.00747741670668532,0.0
AAUCCGGCCCACAG,0.0116161807265939,0.0279394271403528
AAUGGGCUCUGCCC,0.133685688482599,0.0
AGGCGGGUUUGGAG,0.0401720397558145,0.0
CGUGGUGUUUGGCG,0.00366799112216943,0.0
AAGGGUGUUCACCC,0.0231433027725805,0.0312526530075771
AGGGGGCUUCGCCC,0.772130610284359,0.0
AAUGGGGCUUGGCG,0.0133073990942338,0.0
CGUCGUGUCUAGCC,0.000332414715065218,0.0483025445396365
AAGGCGCUCUACAC,0.103219824372579,0.0372153801655737
AAUCCGGCCCGCAG,0.0134365526931625,0.0907632982827093
CAGCCUGCCCGGAC,0.00345942093688194,0.108246521969408
CAGCGUCCUUGGCG,0.00618031380858685,0.0584755416907615
CAUCGGGCCCACCC,0.00221270494381504,0.0
AAGGGUGUCUACAG,0.0212494454853006,0.0220194692499725
AAUCGGCUUUGGAG,0.00950489640906805,0.034279340541717
CAUCCGGUCUGCCC,0.00149400147852202,0.03944881985766
CGGCCGCUCUACAG,0.00461506461946694,0.0354856042909728
CGUCGGGUUCACCG,0.0048613443982177,0.0
AAGCGGCCUUAGCG,0.0150593646469232,0.0823455675660574
AAUGCGGUCCGCCG,0.0437581477682044,0.0
CAUGCGGCUCAGCG,0.00425155815691377,0.0
AGUGCUGUCCACCC,0.00946545193246284,0.0436915815081163
AAUGGUCUUUGGAC,0.00460824708653364,0.0419778522627752
AAUCGGCUCUGCAC,0.0125559823639968,0.0
CGGCGUGCCUACAC,0.00399145266804567,0.0299923573503511
CAUGCUCUCCAGAC,0.00167204444378961,0.0199429698844952
AAUCCUCUCCGGCC,0.00197545625319856,0.0266822575904819
CAGGCUCCUCGGAG,0.00452598738507623,0.131944837226502
AGUGGGGUUCAGCG,0.0125677889738861,0.0
CGUGGGCUCCAGAC,0.00147540647950349,0.0
AGGGGGCCUUAGCG,0.0485108048694103,0.0
AGGGCUGUUCGCAG,0.0314634157528058,0.030420202164731
CGUGGGCUUCGGCG,0.00281976817516775,0.0
CGGCCGCCCUGCAC,0.00433544401497883,0.0
AAUCGGGUUCAGAC,0.00462109738367539,0.0437995709121462
CAGGGGGUCCAGAC,0.00192107913886544,0.0
CAGCCGGCCUGGCC,0.00433128549700144,0.0
CAGGGGGCUUAGCG,0.00334846723375448,0.0881658499445332
CAGGGUCCUCAGAG,0.00638495996118906,0.0261399026463642
CAUGCGCCCCGGCG,0.00434910971715371,0.0
AAUGGUCCUUACCC,0.00551453462790121,0.0191547113970763
CAGGGGGCCCAGCC,0.000738126568488423,0.0
CGUCCUGUUCGGAC,0.00227695771895305,0.0
AAGCGGCUCCACCG,0.0177623192136551,0.0218102062374219
AGGGCGCUCCGGCC,0.0339177442902188,0.021082821711577
CGUCCUGUUCGCAG,0.00329801499202616,0.0
CAGGCUGUUCGCCG,0.00901821300640734,0.0264420374592041
AAUCGUCCCUGCAC,0.00921387443258186,0.0287367622070549
CGGCCGGUUUGCCG,0.00480052281876281,0.0
CGGGGUGUCUGCAG,0.00285546144320784,0.0
AAUCGGCCUCAGCG,0.0106923220492116,0.02811788180726
AAGGGUCCUUGGAC,0.00856031043052713,0.0203808591500186
AAUCCUCUUUAGAC,0.00438785092409404,0.0401366639770483
AGGCCGCCCCACAC,0.0198039483348723,0.0257694951544463
AGGGCGGCCUGGCG,0.149005858531417,0.0
AGUGGGCCCUACCC,0.00406987905440533,0.0261362194723244
AAUGGGGUUCACCC,0.0796992829922292,0.0231140896037537
CGGCCUGUCUGCCC,0.00257854152278789,0.0526535966260102
CAUCCUCUUUGGCG,0.0037268223971378,0.0775345805138484
AGGCCUGUUUAGCG,0.0158083233368399,0.0
CAUCCUCCUUGCAG,0.00396999324509919,0.0
CGGGGUGUCUGGCC,0.00138883456372738,0.0
AAUCGGGCCUGCAG,0.0128833407253626,0.0
CGUCGUGUCUACCC,0.00177642709738793,0.0232914230441894
CAGCCUCCCUGGAG,0.0046708362424343,0.0486645432703223
AAUGGGGCUUGCCC,0.250096698787481,0.0
AAUCCUCUCCGCCG,0.0131717938045507,0.0191700272271154
AAGGGGGCCUGGAG,0.049609545977035,0.0
CGUGGUGCUCGCAG,0.00345609653769659,0.0
AAUGGGCUUUACCG,0.044834381751766,0.0187438978749215
CAGGGUGUUCACCG,0.00714831476655828,0.0
AGUGCGCUUUGGCG,0.0312402163749116,0.0347400140331031
AAGGCUGUUCGCAC,0.0229554512890368,0.0225733587972883
CAUGGUGUUCGCAG,0.00275403457435273,0.0
AAUCGGCCCCGGCC,0.00204473068791555,0.0
CAGCCUGUUUAGAC,0.00248624299152542,0.0345352664085573
AAGCGUGUCCGCCC,0.0249480557410845,0.0418907020392949
AGGCGUGUUUGGAC,0.00612378654814246,0.0
AAGCGUGUUUGCAG,0.0162482443677364,0.0385017478837379
AAUCCUCUCCAGCC,0.0012544049956093,0.0200808157872121
CAGCCUGCCUAGCC,0.000855088117407717,0.0
CAGCCUGCUUGCCG,0.00649172496948463,0.0
CAUGGGGUUCGGAC,0.00169622743116106,0.0
AGUGCUCCUUGCAG,0.0150961763521219,0.0159042095918187
CGGCGGGCCUAGCC,0.000668673570380121,0.0374150258497544
AGGGCGGCCUAGAG,0.103470415053437,0.0
CAUGCUCUUUGGCC,0.000535976367015865,0.0150531925101761
CGUCCGCCUUAGAC,0.00172671362896396,0.0235279713522951
AAGGGUCCCUGCAC,0.0215434343044002,0.0
CAUCCUGCCUAGAG,0.00606760291846064,0.0369590692498214
AAUCCUGCUUGGAG,0.0131136910644384,0.0
CGUGGGCUUCGGCC,0.00103633310814718,0.0
CAUGGUCCCCACCG,0.00290518272340262,0.0
CAUGCGCCUCACAC,0.00386897693708282,0.0296766483578557
CGUCCUGUCCAGAG,0.00427610901350874,0.0
AAGCGGGCUCGGCC,0.00912942620687518,0.0215268182333248
CGUCGGGCCUACCG,0.00358552556834046,0.0
CGGCGGCUUUGCCC,0.0038100859321754,0.0
AAGGCUCCCCACAG,0.0276922072728965,0.0269612870993599
CAGGCGCUCUACAC,0.00597965426934701,0.0400409067565448
AAUGCUGCCUGCAG,0.017356973263196,0.0236738263498937
AAUGGUCCCCGCAG,0.0137544856250677,0.0352739083110201
CGUCGUCCCCGCAC,0.00334921197411443,0.0
AGGGCGCUCUAGAG,0.160227514515785,0.0243086126916485
CAGGCGCCCCACAG,0.00713726562410997,0.0357450193550508
AAGGCUGUCCGGCG,0.0305422484726675,0.0
AAGGCGCCUUACCC,0.0162183036370461,0.0257339331889154
AAUGCUGUUCAGCC,0.00182019049036223,0.042830797575921
AGGCGUCUCUGCAG,0.0149205209106712,0.0245270226855031
CAUCCGCUUUACAG,0.00325404685540506,0.0232951543975178
CAGGGUGUCCGGAG,0.00591917378850571,0.0
AAGGGUCUCCACAG,0.0239229647007382,0.0226582214280766
CAUCCUGCCUACCG,0.00320080190853922,0.0396455131896561
CAGCCGGCCUACAC,0.00464115519725296,0.0346657155313302
AGUGCGCCUCGGCC,0.00343231340789924,0.0286370376726426
CAUCGGCCUCAGAC,0.00190936524167723,0.0291136858914545
CAUGCGCCCUAGAG,0.00395055353254767,0.106587057614421
CAUGGGGUUUGCAG,0.00349230061101654,0.0
AAGGGGCUCCGGCC,0.0100121083699107,0.0362836077858437
AAUGCGGUCUACCC,0.00810656696436526,0.0387872205114792
AGGCGGGCCCAGAC,0.0116973744279595,0.0252162634213046
AAGGGUGUUUGGAC,0.0118583406291966,0.0
CAGCCUCUUCACCC,0.00158538484655054,0.0789668412659093
AGUGCGCCUCGGCG,0.0195851040326907,0.0
CAUGGUGUCUGGCC,0.000552170124986769,0.0
CGUGCGCUCUGGAC,0.0021644711356064,0.0
CGGCCUGUCCACAG,0.0046280489450348,0.0644857732660081
AAGCGUGCUUGGCC,0.00623118058890444,0.0364071399803239
AGGCCUCCUUACCG,0.021184328657144,0.0
AGGGCGCUUCAGAC,0.0535400811623,0.0240986494583698
AAGGCUCUUCGCCG,0.0381977728447381,0.0401696238394092
AGGGGUGCUUAGAC,0.0145065699118219,0.0938112594066663
AGGGGUGCUCGCAC,0.0336262235176876,0.0327711435176273
CGUCGUCUUCGCCC,0.00291904072392538,0.0
CAGCCUGCUCACAC,0.00391560977598824,0.020166045684206
AAUCGUGCCCGGCC,0.00307151904600456,0.0
AAUCGUGCUCAGCC,0.00141881776525521,0.027719046514414
CGGGCGGUUUACAG,0.0151732255180874,0.0
CGUCCUGCUCAGAC,0.00216408464590896,0.0465274099570097
AAUCCUCUUCAGCC,0.000804573741574682,0.0351648633506985
CAUCGUGCUCGCAG,0.00387337639616503,0.0
AAGCGGGCCUGCCC,0.0294033111499435,0.0274293242429335
CAGGCUGUUUGGCC,0.00115129108019087,0.0
CGGGCUCUUCGGCG,0.00451993099433963,0.0
AAUGGUGUCUACAG,0.0143249134012982,0.0164054556045698
CGGCCGCCUUGCAG,0.00783844678162234,0.0
AGGGGUCCCUGCAC,0.0225159450207106,0.0198169933763642
AGGCCUCCUCACAC,0.0155040630887825,0.0226249313556455
AAGGCUGUUUGCCC,0.0144156952894666,0.0396915060572503
AGUGCUGUUCGGCG,0.00944321240318239,0.0429765505108961
AGGCCUGCCUAGCG,0.0180285838043233,0.0314405297698261
AAGGGUGCCUGGCC,0.0134843210369167,0.0
AAUGGUCCUCACAC,0.0103897401427818,0.0290053784467907
AAUGCUCCUUACAG,0.0129653680005945,0.0299431859150267
AAUCCGCUCUGCAG,0.0147418661728351,0.0
AGGGCUCCCCACCC,0.0105637355742344,0.0352757999434184
AAGCGGCCUCGCCG,0.0293135717448945,0.0245705106938462
AAUCGGCUUUGCCG,0.0115772075569303,0.0
CGGCCUCUUCAGCC,0.0013575561100913,0.0310922718073026
AGUGCUGCUCACCG,0.0137561823481449,0.0252764690378395
AAUGCUGCUUACCC,0.0024547085228293,0.0360133130642255
AAGGGGGCCCACCG,0.0618031380858685,0.0217594732026685
CAUGGUCCUUGCCG,0.00420955047676706,0.0
CGUGCGCCUUGCCG,0.0374015542554135,0.0491261835027362
AGUCGGGCUUGCCC,0.00607595578930489,0.0
AAUCCUCCCUAGCC,0.00103618701004737,0.0316176932262069
AAUCGUGCCCAGCG,0.00950474253594945,0.0419648015917302
AGGCGUGCCCGGAG,0.0226611506314851,0.0
CGGGGGGCUUAGAG,0.00371513245797074,0.0
AGGCGGGUCCAGAC,0.0130428700505891,0.0
CGUCCUGUCUGCCG,0.00405076747753819,0.0
CGUCCUCCCUACCC,0.000560911078381321,0.0694044072506083
CAUCCUGCUUAGCC,0.000445330168984289,0.0381586663999396
AGGGGGGUUCACCG,0.179037956722979,0.0
AAGCGGCUUUACCC,0.00933878663559863,0.016848914472419
CGUCCUGUCCAGCC,0.000666212845583953,0.0364711376550322
AAGGGGCCCUACAC,0.0503034497057119,0.0297836503375743
CAGGGUCCCUGGAG,0.00752132529535569,0.0
CAUCCUGUCUGCCC,0.00144344357983255,0.0410823643271105
AGGGGGCUCCGCCG,0.0657102330223314,0.0437010078607512
AAGCGUCCUCGGAG,0.0217522809537517,0.0
AGUGCUCCCCGCAG,0.0185064145329751,0.0187897258068819
AAGGCGCUUCGCAC,0.102898211722186,0.0371032678578301
CAUCGGGUCUAGCC,0.0002770485500401,0.0322512259288053
CAUGCUCUUCACCC,0.000864436049044174,0.0643740448388068
CGGCGGCUUCGCCG,0.00651989149037733,0.0
CGUCCGCCCCACCG,0.00355420777046718,0.0162886133065813
AGGCCGCUUUGGAC,0.0146809559593449,0.0515347078159725
AAGCCGCUUUACCG,0.229799197039834,0.0185097492848657
AGGCCUCCCUACCG,0.02228536607852,0.0272862655813611
CAUCCGGCCCGCAC,0.00329429027610324,0.037084162889814
AAUCGUCUUUGGCC,0.00154753485668112,0.0253942569552751
AAGGCUGUUCGGCG,0.050401524680372,0.0
AGGCCUGCUUAGAC,0.0107088733698899,0.0407656664750799
AGUGCUGUCCACAC,0.00928303232631236,0.0391270769122189
CGUCGUGCCCACAG,0.00358458200898037,0.0526289115762386
AGGGGGCCCUACAG,0.040192369735448,0.0
CAGCGGGCUUGCAC,0.00510025896825128,0.024263653416129
CAGGGUCUUCAGCG,0.00317171529766187,0.0
AGGGGUCUCCAGAG,0.0348344960120349,0.0
CGGGGUCCCUGCAC,0.00565057262499369,0.032013574937456
CAGCGGCUUUGGAG,0.00519318035304867,0.0
CAUCCGGCUCAGAG,0.00416417485273687,0.0
CAUGCGGUUCAGAG,0.00540777458251349,0.0
AGGCCUGUUUACAG,0.0162087475357277,0.0299270959556799
CGUCGGCCUUGGCC,0.000742496033948281,0.0
CGUGCGGUCUGCAG,0.00324123124183666,0.0
AGUGGGGUUUAGCC,0.00263714960942318,0.0203766609493454
CAGCGGGUCCGGAC,0.00208881686213562,0.0
AGUGCGCCUCGCCC,0.0107463665477666,0.043086098909057
CGUCCUCCCUAGCG,0.00381725264648011,0.0
AGUCCGCCUUACCC,0.00135017824520316,0.0289781856128303
CGGCCUGCCCGGAG,0.00428284904279264,0.0646543942583616
CAGCCGGCCUACCG,0.00488104329200893,0.0
CAGCCUCUUUGGCG,0.00436257445312013,0.0618984737781799
AGUCGGCUUCACCG,0.00678117765108835,0.0
CGUCGGCUCCGCCC,0.0042302147913143,0.0869351118352179
CGGCGUCCCUACCC,0.00233944082019954,0.0412832388173599
AGUCCGGUCCGGAC,0.00539868588573616,0.0
CGUGCGCUCCAGCG,0.00397305887694869,0.0
AGUGCUCCCUGGAG,0.0130156839194663,0.0476332769294379
CGUGGUGCUUGGCG,0.00353160789062105,0.0
AGGCCUCCUUACAC,0.0169084057027376,0.0246316868452096
AGGGGUGUUUGGCC,0.00773412151752535,0.0378774447986282
CGUCGUGCUCAGAG,0.00587385196683874,0.0
AAUGCGGCCCACAG,0.031144251522329,0.0157906362919043
AAUCCUGUCUACCC,0.00411679843651453,0.0244780366632709
AGGGCGGCUUGCAG,1.89547537416398,0.0
CAGGGGCUCCGCAC,0.00585312072460284,0.0393477072465231
CAUCCGGUCCGCAG,0.00501517268073851,0.0
CAUGCUGCUCACAC,0.00306262766683869,0.0265656413436759
AGUGGUCCUUAGCG,0.0120909411964353,0.0
CAGGGGGCUCACCG,0.00624536974341408,0.0
AAGGGUCUUUGGCC,0.00551118534505874,0.0445432361086561
CAGCGUCCUCGGAC,0.00213220826396246,0.0
CGUCCUCUUUGGAC,0.00255485413347094,0.0
AAUCCUCUCUAGCC,0.000773238701872748,0.0357168032878885
CAGGCUGCUUGCCC,0.0051062958601434,0.0
AGUCCGGUUCAGCC,0.000942926907278811,0.034898053892976
CGUGGGGUUUGGAG,0.00438602915448099,0.0
CGUGCUCCUUAGAC,0.00173372175153671,0.0319795604376477
AAGCGUGUUCGCAC,0.0167630429328794,0.0210226204140172
AAGGCUCCUUACCC,0.00475997258347028,0.0329563073275701
CAGGCGGUUUGGCG,0.0082833372573421,0.0
CGGCCUCUCCAGAG,0.00559005911900271,0.0
CAUCGGGUUUACCG,0.00329081644353325,0.0
CAUGCUGCCUGCCG,0.00471751764087398,0.0
CGGCGGGCCUGCAG,0.00625054464732079,0.0
AGGGCGGCCCACCC,0.0267236336136618,0.0388052145798244
AAUGCGCUCCAGAC,0.00966107394162043,0.0261757692053875
CAUGGGGUCCACAC,0.00297617570700391,0.0193328561613544
CGGGCUCUCUGGAC,0.00276102776655803,0.0365795406648207
AGUCGGGCUCGGAC,0.00516133733835389,0.0401520932477188
CAGCGGCCUUACCC,0.00112985627213653,0.0277040315711759
CAUGGUGUCCGCAG,0.00336017061437731,0.0
CGGCCUCCUUGGAC,0.00264271337064007,0.0266482032512693
AAGGGUGCUCGGCG,0.0233478521657725,0.0
AGUGGGCCUUGGAG,0.0109205544967262,0.0
AGUGCUCCUUGGAC,0.00620657576528056,0.0
AAUGCUGCUUAGAG,0.0166960716321525,0.0639858756412031
CAUCCUGUUCAGCG,0.00313388553973154,0.0
AAUGGGCUUCAGAG,0.0203646405823927,0.0233775512059152
AAGCGGGUCCGCAG,0.0258749138119502,0.0
AGUGCGCUCCGGCG,0.0173499434522308,0.0195850941990342
AAUGCUGCCUGCCC,0.009754471191866,0.0
CGUGGGCCCCGCAG,0.00328130063033219,0.0
AAUCGGGCCCAGCC,0.00141637134116174,0.0390629065462172
CGGGGGGUUCGCCC,0.00573083644068962,0.0
AAGCCUGUCCACCG,0.022700768027694,0.0283539776776096
AGGGCUCUCUACAG,0.0353615893171722,0.0379811978692474
AAUGGGGCCCGGCG,0.0156159074094828,0.0
CAUGGUCUUUACCC,0.00120519523773764,0.0414496160977942
AGGCGGCCCUGCAG,0.0210025918410451,0.0
AGGGGUGUCUACAC,0.0172235077612342,0.0
CAGGCGCUCCAGAC,0.00190729464605656,0.0486463690764686
CGUGGGCCUUGGAG,0.00363547871093344,0.0
CGGCCUCUUUGGCC,0.00134857221509064,0.0320594079005832
AAGGCGCUUCACCC,0.0247795325922784,0.0221610483441998
CAGGCUCUCUAGCG,0.00479422759821777,0.0
CAUCCGGUUCGCCG,0.00367875821939693,0.0
CAUCCUCUCCACCC,0.00111702932434215,0.0
AGUCGUCUCUAGAC,0.0047215624307334,0.062247322168293
CGUCCUGCCCACCG,0.00489183849160231,0.0
AGGCGGGCCUAGCC,0.00200108761557175,0.0342116697944032
AGGCGUGUUCAGCG,0.0157598002118964,0.0
CAUGGUGUUCGCCG,0.00470881052082807,0.0627855975883585
AAUGCGGUUUGCAG,0.0493064658251095,0.0367515508699453
AGUCGGGUUCACCC,0.00560418286032875,0.0458928452442973
CAUGCUGCUUGCAG,0.00554591073551999,0.0
AGGCGGCCUUGGAC,0.00843661884981697,0.0
CAUGCUGUCUACAC,0.00307648364365496,0.0118109724392335
CAGCGGCCCUACCG,0.00436436975124898,0.0352225528327486
CAGCGUGCUCAGAG,0.00707830812265502,0.0
CGGCGUCCCUAGCG,0.00372949971207827,0.0986102353626732
AAUCGUCCUCAGCG,0.00959184703092679,0.024083350705572
AAUCCGGCCCGCAC,0.00642195013794513,0.0159189916235212
CAGCGGGCUUGCCG,0.00509499040805452,0.0
AAGCCGCUCCAGAC,0.00874165457209898,0.0265456022766414
AGUGGUGCUCACAC,0.00928599913953502,0.0257756425326317
CGUGGUGCCCAGCC,0.000963495075800206,0.0
CGGCCUCUCCAGAC,0.0018256425700557,0.036283781635586
CAUGCUGUUUGGCG,0.00406545559501726,0.0
CGGCCUGCUUACCG,0.00562803044696845,0.0292494199471398
AGUGGUCUUCGGAG,0.0113379857639542,0.0634576077807088
AGGGCGGCUUACAG,0.13535542397746,0.0302861055233304
AAUCCGGCUCAGCG,0.0103363509204481,0.0
AAUCGGCUUCGGAC,0.00658631982520934,0.0212597742555329
CGGCCGGCUCGGAC,0.00397974752825668,0.0331775791147987
AAUGGUGCCUACCC,0.00831691397288704,0.0442851178922243
CGUGGUCCCCAGCG,0.00344566168089355,0.047155107106608
AGUGGUGUCCACCC,0.0106038945825411,0.015237826343683
AGUCGUGUCUAGCG,0.00581382619729598,0.0
CAUCGGGUUUACAC,0.00283107935095655,0.0950385332372891
AAUGCGGCCCAGCG,0.0219289447786605,0.0414120022683372
AAUGGGGCUCGCAG,0.0176055425790555,0.0
AGGGCUGUUUGGCC,0.00857676202007971,0.107851254163949
CAGCCGCCUCACCG,0.00575584170634874,0.0395322241202509
CGGGCGGCUUACAC,0.0065074056257544,0.0
CAUCGUGUCUGGCC,0.000400286746444991,0.0833682569975718
AAGGCGCUCCGCAC,0.129182766217416,0.0
AGUCCUCUUUAGAG,0.010925199893889,0.0
CAGCGUGCCCAGCG,0.00483830281015085,0.0
AGGCGGGUUUAGCC,0.00948390497353718,0.0
CAGCCGCUUCAGCG,0.0047937049412757,0.0392786798055888
CGGGGGGUCCGCAG,0.00317844710155895,0.0
CAUGCGGCCCGCCG,0.0100614037300506,0.0
CAGCCGCUUCACCG,0.0112546767251107,0.00854069069360767
AGUCGGCCUUACAG,0.0108904208080825,0.0
AGGGCGGCCUAGAC,0.0799565990220625,0.0283073787179371
CGUGGGCCUCACCG,0.00344331769335553,0.0220611774174915
AGGCGUCUCCAGCG,0.0229554512890368,0.0587612876816261
CGGCGGGCCCGCCG,0.00459815347358861,0.0
CGUGGGCCCCGCCC,0.00551096574267492,0.0
AGUCGGGCCCAGAC,0.0058753113089423,0.0
CAGCCGGCUCGGCG,0.00628596019847722,0.0635920497945308
CAUGGGGCCUACCG,0.00328647275468383,0.0
CGUCCUGUCCGGCG,0.00387495865776477,0.0
AAGGGGGUUCGGAC,0.0397796388790788,0.0676964834757077
CAGGGGCCCCAGCC,0.000546010054608009,0.0460400701043046
CGGCGUCCCCGCCC,0.00394488115441714,0.0
CAUCCUCUCUAGCC,0.000316480853416917,0.0293861293158037
AGUGGUGCUCAGAG,0.00825670382332947,0.0
CGUCCUGCUCGGCG,0.00752062282731653,0.0
CGGGGGCUUCACAC,0.00846313242256938,0.0386239655778747
AGGGGUGUUCGCCG,0.0254729150218782,0.0
CGUCGGCUCUGCAC,0.00264349705677018,0.0
CAUCGGCCCUGCAG,0.00507228942059319,0.0
CGGCGGCUUUGCAC,0.00512272000176985,0.0
CAUGGGGUCUACCG,0.00404162210915761,0.0
CAUGCUGUCUGGCG,0.00282411690591054,0.0
AGGCGGGUUUACCC,0.017027870248517,0.0
CAUGGUGUUCGCAC,0.00362578410103761,0.0
CAUCCUGUUUACCG,0.00348200665620222,0.0
AGUCCGCCCUAGCG,0.0103768231847878,0.0250354473210082
CAUCCGGUUCGGAG,0.00253792354116874,0.0
CAGCCUCUUCACAG,0.00549361227429942,0.0125978965289357
CGGCGUGUUCGGCG,0.0064746144661386,0.0
CAUCGGGCUCGGAG,0.00339681369632254,0.0
AAGGGUCCUCGCCC,0.0246936645477019,0.0341186207750561
CGGGCGCCCUAGCG,0.00460188833948733,0.0
AAUGGUCUCCACAC,0.00805524046961882,0.0364284066465476
CGUCGGCCUCAGAG,0.0053229292339852,0.0
CGGCGUGCUCACAG,0.00540237221030319,0.0365437846918042
CGUGCGGCCCGCAC,0.00437887704823642,0.0
CAUCCGGCUCGCAC,0.00253369186788809,0.0297752113367127
CGGCCUCUUCGGCG,0.00519583904261726,0.0324431779475697
AGUCGUGUCUAGCC,0.00196495920955739,0.0314773134563528
CGUGGGGUUCGCCG,0.00318104387206676,0.0
AAUCGUGUCUAGAC,0.00387060608831292,0.0204610778892565
AGUCGGGCCUACAG,0.0116522122003791,0.0408628862195724
CAUGCGCUCCACCC,0.000480483214687013,0.0693858123989855
CAUGGGGUCUAGCG,0.00290287466766958,0.0
CGGGCGGUUCGGAG,0.00884633152993804,0.0
AGUCGUCUUUGCCC,0.00421769858917259,0.0
CGUCCGGUUUAGCG,0.00396679716083056,0.0
CAGCGGGCUUGGCC,0.00389028681701225,0.0
AGUGGUCUUUGGCC,0.00164440492407043,0.0288671764959314
CGGGGUGCUUGGAG,0.0102537024551554,0.0
CAGCGUGUUUACAG,0.00412020920572456,0.0
AGGCCUCCCUGCAG,0.0138685392337017,0.0163459825215993
CAUGCGCCCCGGAG,0.00379246529163284,0.0
AGUCGUGCUCGCCG,0.0100895484465484,0.0
CGUCGUCCUUAGAG,0.0036334811951582,0.0
AAUGCUCCCUGCAG,0.0172165884667776,0.0220592673941172
AGUGGGGCCUGGCG,0.0257834966701982,0.0
AGUGGGGCUUACAC,0.0122515632558457,0.025201341683416
AAUGCUCUUUACAC,0.0127898879068077,0.0394635262608082
CAUCCUGUCCGCAC,0.00299691941149146,0.0329106635580218
AAGCCUCCUCGCCG,0.0253249137923954,0.0368027706859402
AAGGCGGUCUGGCG,0.134720453945162,0.0
AAGGGGCUUUGGCC,0.0109854126711996,0.0274356391663297
CAGCGUCUUCAGCC,0.00121204034055325,0.443686303000934
AGGCGUGCCUAGAG,0.0184379361956174,0.0914459259403799
CGGGCUGCUUGCCC,0.00344796454584319,0.0
AGGCCGGCUUAGCC,0.00244596840961181,0.0151634283588152
AAUCCUGCCCAGCG,0.013476804692972,0.0
AGGCCGCUUCACAG,0.0378298189175284,0.0497232024100729
AGGGGUGUUUGGAG,0.0174734326770046,0.0
CGGGCGGCUCGGAC,0.00438320128268571,0.0
AAUCGUCUUCGCCC,0.00845877051221334,0.0427235663388217
AAUGCUGCCCAGAC,0.00688262219592626,0.034473967430882
AGUGCUCCUUAGAG,0.0097916385723778,0.0254986767307095
AGUGGUCCCUGGCG,0.00963401858397362,0.0
AGGCGUGCCUGCCC,0.0156994178356056,0.0
AGGCGGGUUUGGCG,0.0124772373116753,0.0
AGGGCGGCCUGCCC,0.0753959778019505,0.0530024318398612
AGGCCGGUUCAGCC,0.00763245521098038,0.0360558504150667
AAGCCUGUCCGGAC,0.0099156683082822,0.0
CAUGCGGCCCGGCG,0.00462660363324379,0.0
AGUGGUCUCUGCCC,0.00873197152044308,0.0
AGGGGUGCCUACAG,0.0231841823700356,0.0
CGGGCUCCUCAGAC,0.00266159499785857,0.0653852848055131
CGGCCGCUCCAGAC,0.00222201917867253,0.0321473285700954
CAUGCGCCUUACAG,0.00471277295318189,0.0371345420181126
AGUGCGGUCCAGAC,0.00964084730069362,0.0457188759594837
CAUCCUCCCCACCC,0.00112628749743665,0.053206464469885
CGUGGUGUCCGGCC,0.00167488179094494,0.0
AGGGCUCUUCGCAG,0.0218390896601506,0.0230745499046457
CGGGGGCUCUAGAG,0.00574233881427754,0.0
AGGCGGGUUCAGCG,0.0496190908632258,0.0
CGUCCGGCCCGCCG,0.00417789213460471,0.0
CAUCCGGUUCGCAG,0.00564289521653582,0.0459501997746766
AGGCCGGCUCGCCC,0.00686539576378398,0.0450282555074904
AAUCGGGCCCACAC,0.0102047041955736,0.0367854885285073
CAUGGGCUCUGCCG,0.00350613956448677,0.0
AAGCCGCCUUAGCG,0.0275963462735068,0.0
AAUCCGGCCCACCC,0.00146469046025184,0.0250208915618494
AGGCCGGUCCGGAC,0.0276844193891493,0.0246193418422338
CGUCGGGCCUACCC,0.00111816426968376,0.0928125279451215
AGUCCGCCUUAGAC,0.00443424954152674,0.0131329380988099
AAUCGGCUCCGCCG,0.012873404745397,0.0451091321599965
CAGGGUGCCCACAG,0.00526670220210009,0.0210908231979264
CAUGCGCUUUAGCC,0.00042605294313521,0.0272455962584634
AGUCCGGUCCAGCC,0.000975946481831686,0.0220907126721964
AAGGGUGUCCAGCC,0.00837293976017127,0.0275602750462725
CGUGGGGCCCGGCG,0.00627539555948818,0.0
AAUGCGCCUUGGAG,0.0669458809630867,0.0
AGGCCGCUUUACCC,0.00320878760170014,0.0233658910578121
AGGCGUCUUUGCAG,0.017492160900667,0.0
CAGGCUGCUUGCCG,0.00897994314068175,0.0217298661812759
AGGGCGCCCUGCAG,1.67428283865231,0.0
AAGCGGGUCUACAG,0.0205614286324139,0.0
AAUCGGCUCUAGCC,0.000826422824827834,0.0404120441632241
CAGCCUGCUCGGAC,0.00225794345825198,0.0
AGUCGGCUUCACAG,0.0104716280477717,0.0165003453612334
CAUGGUCUCUACAC,0.00294175022265713,0.0183431370372204
CAUCGUGUCUAGAG,0.00302772949208547,0.0
CGUCCGCUCCGCCG,0.00480052281876281,0.0
AGGCCUGCUUGGCG,0.0332721003667757,0.0
AAUGCUGUUCGCCC,0.0105554864552597,0.015050897399346
AGUGCUGUUUGGCC,0.00198439476252498,0.0376823005078501
CGUGCUGCUUGGAC,0.00280923354935766,0.0
CGGGGGCUUCGGAG,0.0172398227292159,0.0
AAGGGGGUCCAGCC,0.00401463597815406,0.0324154082141254
CAGCCUCCUCACAG,0.00554152168366831,0.0327384697301868
CGGCGGCCCCGGAC,0.00186318283935338,0.0377756635304859
CGGGCGGUUCGCAC,0.00677989649150945,0.0
AGUCCUCUCUACAC,0.0090085930091266,0.0292373044701649
AAUCGUGCCUGGCC,0.00235728350645366,0.0
CGGGGGGCUUAGCG,0.00314738203215071,0.106649477999659
AGUCGGCUCUGCAG,0.00888913220128662,0.0
AGGGCGCUUCGCAC,0.21417677421556,0.0
AAUGCUCCUCAGAG,0.0142132032551284,0.091824276200071
CAGGGUCUCCGCAC,0.00367602308317433,0.0303772129031495
CAGGGGGUUCGGCG,0.00764111525425283,0.0
AAGGGGGUUUAGAG,0.0497916807403663,0.0
CGGGGUGUUUGGAG,0.00904436167110271,0.0932293627088134
AAUGGUCUCUAGAC,0.00646096573999128,0.0357185063685422
CGUCCGGCUCACAG,0.00204611407924352,0.0
AGUGGUGCCUACCG,0.0102109532489695,0.0
AAUCGUCCUCGCAC,0.0113499060559839,0.0357015197378905
AGUCCUCCCCAGCC,0.000915455267575224,0.0346814395031448
CGGCGGGUUCACAG,0.00993544118595608,0.0
CAGCCGGUUCGCCC,0.00400621132256222,0.0
CAUCCGCUUUACAC,0.00299281409878449,0.0304364831138923
CAGCCGCUCCGGCG,0.00650993054504481,0.0439141462026741
CAUCCGCUCCAGCG,0.00275113590722718,0.0218499611718526
AGUGCGGUCUACAG,0.0572350800534347,0.0242365261876688
AAUCCGCCUCGCAC,0.00827675675586869,0.0
CGUGCUGUUUGCAC,0.00440487820539281,0.0
AAGGGGCCCUGGCG,0.11020318598444,0.0320631541229429
AGUGCUCCCUAGCC,0.000937232596437745,0.0271533884239983
AGGCCGGUUCAGCG,0.0155037586398264,0.0381122114692285
AAUGGGGUCUGGAC,0.00765664169728909,0.0
AAUCGGGUCUAGCG,0.00880975641078562,0.0
CGGCGUCUCCACAC,0.00445793127176756,0.0414321435364882
CGGGCUCCCCAGAG,0.00939165333657805,0.0
CAUCGUGUUCACAG,0.00284467715021404,0.0
AAGGCUGCCUGCAC,0.0263281368245799,0.0568594744639742
CAUGGGCUUCAGCG,0.00385543087118741,0.0
AGUCCGGCCCACCG,0.00960300728263364,0.0287602598130065
CAUGCGGUCCGCCC,0.00166675129681414,0.0
CAGGCGCCUCGGAG,0.00661828880289615,0.0640988766579017
CAUCCGCCCUGGAG,0.00322451155230618,0.0
AGUGCGGUUUGGAG,0.0583764294395233,0.0
CGUGCUGUUCAGAG,0.00410122206652768,0.0
AAGGCGCUUCGCCC,0.121062753521271,0.0464022882492149
AGGCCGCUCCAGAC,0.00966185164404787,0.0416675144206058
AAGGCUCUCCGCCG,0.0380292302236402,0.0258028996874736
CGGGGGCCCCGGAC,0.00275257673827817,0.0
CAUCCUGUCUAGAG,0.0063605729613373,0.0
CGGCCUCUCUGGCG,0.00772539226073356,0.0
AGGCGGCUUUGCCG,0.024885334362009,0.0313459090058194
AAUCGGGCUUACAG,0.0114967127837153,0.0777285489116402
CAGGGGGCCUACAG,0.00519474881585539,0.0
CAGCCGGUUUACCC,0.00297306693922135,0.0398053944012328
AAGCGUGCCCACCC,0.0243925151381459,0.0393201438008034
AGUGGUGUUCACCG,0.0131483146712092,0.0375775457615587
CGUGCUCCUCAGCG,0.0037650187569552,0.0233164339504287
CAGGGUCUUCGGAG,0.00404246940939014,0.0653808518300495
AAGCCGGUUCGGAC,0.0122549812272833,0.0
CGUGCGCCUUGGCC,0.000884724894828675,0.0516525358533293
AGUGCGCCCUGGCG,0.0240866694415014,0.0421584618903631
AAGGCGCUCCGCCG,0.171304963657096,0.0147009264156447
CAUGGGCUCUAGCC,0.000494739224829697,0.0198982482357361
CGGCGUGUUCGCCG,0.00346559652817954,0.0
CAUCGGCCCUGGAG,0.00312487776838661,0.0
CGUCCUGCCCACAG,0.00371929064528729,0.0243752448731451
AGGCCUGUCCGCAG,0.011742596236315,0.0
CGGCCUCCCUGCCG,0.00731085901747469,0.0193065317907669
CGGCGUGCUUGGCG,0.00336209071187124,0.0
CAGCGUCUCCGCAC,0.00756224733100379,0.0356062741558505
CAUGGUCCCCGGCC,0.000701832246059862,0.0
AAUCGUGCUUGCCC,0.0044800528044778,0.038910090411964
AGGCCUCCUCGCAC,0.0162528099775432,0.0416970065468051
CAUCGUCUUUAGAG,0.00464800459984631,0.0
AAGCCUGUUCGCCC,0.0157677236911382,0.0
AGUCGGCUCUAGAC,0.004147226971008,0.0188927015255114
CAUGGUCUUUGCCC,0.00142939038168647,0.0480565181644221
AAUCGGGUUUAGCC,0.000887156067685123,0.0215922569330941
CGGGCGGCCCACAG,0.00978961707280157,0.0
AAGCGUGUUCAGAC,0.00960635733291217,0.0
CAUCGGGUCUACAG,0.00294521521084626,0.0
CAUGCUCCCCAGAG,0.00661522478030222,0.0
AGUGGGGCUCGGAC,0.0102672955207168,0.0
AGUCCUGUCCACAC,0.00916519482636126,0.0286648776054683
CGUCCUCCCCGCCG,0.00435874763342441,0.0
CGGGGGCCUCGGAG,0.00852883305584985,0.0
AAGCGGGUUUAGAG,0.0409960815969594,0.0
CAGCGUGUUUAGAG,0.00538651203500689,0.107893848253656
AGGGCGCCUUGGCG,0.123088166032095,0.0270207601261217
AAGGCUCCUCAGCC,0.00638228484808315,0.0293806852581545
CGGCGGGCUCAGCC,0.000758565648340763,0.020780240917585
CGUGGGCCCUAGCG,0.00270822739926839,0.0556230444925952
CGUGCGCUUUGCAG,0.00507410978059076,0.0
AGUCCGCCCCGCAC,0.0126995480518381,0.0397644687262734
AGUCGGGUCCGCAC,0.00935309522903785,0.0
AAUCGUCCUUGCCC,0.00462539409241372,0.0328320289735639
CAUGGUGUCUACCC,0.00125687729008825,0.0
AAUGGUCUCUGCCG,0.0220150823240786,0.0
AAUGGGGCCCACAC,0.014998566437912,0.0365244763093318
CGUCGGGUCCGGAC,0.00209825468810047,0.17807694788405
CAUCCGGUCUGCCG,0.00467231723929166,0.0
AGUCGUGUUCGCCC,0.0118103257027104,0.0
CAGGCUGUUCAGCC,0.000579476565541763,0.0371800649469383
AAGGCGCCUCGGCG,0.0786639942044404,0.0341790671797919
AGGCGUGCCUACCG,0.0162759049514093,0.0290174069737579
CAUGGUGCCUGCAG,0.00407401851956173,0.0
CGGCCUGUUUAGAC,0.00190434776412947,0.0279496646994071
CGUGCGGCCUGCCC,0.00318379802260534,0.0491956478576653
AAUGCUCCUCGCAC,0.0112990431024334,0.0391013722926559
AAGGGGGUUCGCCC,0.274855410469153,0.0538763909958255
CGUGCUCCCCGGCG,0.00307875411128865,0.0
CGGCCUGCCCAGCG,0.0102757024769275,0.0887980426509073
CGGCGUCCUUACAC,0.00492136099572656,0.030536073014387
AGGCGGCUCUAGCC,0.00239444738770753,0.0
CAGGCGCCCCGCCC,0.0020973354089381,0.0584862649957868
AGGGCUCCCCACAG,0.0241277813918009,0.0226007820260748
AAGCCGGUCUGGAG,0.0287750094528828,0.0
CAUGCGCCUUGCAC,0.00363333071760349,0.0393293608518699
AAUCCGGUUUGCCC,0.00544946154419598,0.0
CAUCGUGUCCACCG,0.00383107171760354,0.0
CAGCCUGCCUACAG,0.00487067588248154,0.0331948072656844
AAUGCGGCCUACAC,0.0257101054437213,0.0522030392780714
AAGCCGGUUUGGCG,0.0202620414737214,0.0
AGUGGGCCUUAGAC,0.00581920351900467,0.0201508343933233
AGUGGUGUUCACAG,0.0107642365965055,0.0240302998698176
CAUCCUCCUCAGAC,0.00231761767822006,0.0392408551852771
CAUGGGGUCCGCAG,0.00362294257744746,0.0
AGGGGUGCUCACCC,0.0295772160839513,0.0258366501137936
AAGCGGGCCUAGAC,0.010540868551312,0.0264851942182423
AGGGGGGCUUACCG,0.0487723559593299,0.0
AGUCGUCCUCGGAC,0.00401235032599355,0.0294061750418988
AGGGCUCCUUGGCC,0.0076158390208503,0.0439928852129964
CGUGGGGUCUGCAG,0.00269944741064713,0.0
CGUCGGGUUUACCC,0.00102329047013071,0.0348007897502199
AGUGCUGUCCGCAG,0.0134234841320262,0.02415877576506
AGUGGGGCCCGCAG,0.016428013627953,0.0447716029162992
CGUGCUCCCCACCG,0.00397867530171112,0.0248300904159356
CAUGCGGCUUAGAC,0.00208454652187929,0.0373242460329175
AAUGGGCCUCGGAC,0.00672297550885301,0.0
CGGGCGCCUUACAC,0.0045827609939144,0.0280063889312704
CAUGCUGUCCACAG,0.00426631591514742,0.056984706794941
CAGGGUCUCCACAG,0.00722487388891139,0.0366684360981152
CAUGCGCUUCAGAC,0.00190017334622193,0.0270387327694933
CGGCCGCUUCAGCC,0.000855602122481806,0.0706670146115067
CGGCGGCUCCGGCC,0.0018974647657942,0.0
CGGGGGCCCUGCAC,0.00598094884701953,0.0
AGUGCGCUUUGCCG,1.37224756118543,0.0875869469576119
CGGGCGGCUCGGCC,0.00256583425266241,0.0
CGUCCUCUCUGCCG,0.00449477367897225,0.0
AGGGGUGUCCAGCG,0.0238645780727611,0.0
AAGGGUGCUUGCCC,0.0166543193157708,0.0155888438052578
CAGGGUCCUUAGCC,0.00119306679834042,0.0781008194663369
AGUGGGCUCCAGAG,0.0168976209911074,0.0413473874902907
AAUGCUCUCUGGAC,0.00794985358735008,0.0540444704230115
CGUGGUGCCCGGAC,0.00194057634945389,0.0909826676511596
CAUGGGGUUCGGAG,0.004484829489417,0.0
AAUCCUCUCUACAG,0.0121229232399203,0.0244630849461996
AAUCCUGUUUGCAC,0.0073169232446488,0.0479714742173468
AAGCGGCCCCGCAG,0.0303221646233792,0.0
AGGCGUGUUCACAG,0.0156672923300481,0.0201247236795115
AAUCCGGCCCAGAC,0.00853028237567096,0.0317798720857926
CAUCCGCCUCGCCG,0.00979198333904566,0.0228352997717446
CGGGCGGCCUGGAC,0.00239417561954265,0.0
AAGGCGCUCCGGAC,0.134128456010407,0.0
AAUGGUGCUUGCCG,0.0112450475073204,0.0
AGUGGGCUUCGCAC,0.016424395600902,0.0280308352333052
AGUCGGGUUCGCAG,0.0151877924445059,0.122605781029446
CGUGGGCCCUAGAG,0.00336866889995935,0.0
CGGCGGGUUCACCC,0.00289112984944063,0.0433611077284459
CAGCCGCUCUAGCG,0.0045996708907897,0.138012069102982
AAUCCUGUCCACCC,0.00776334155604945,0.055562266964995
AGGGCGCCUCACAC,0.126191124399856,0.0222685453485082
CAUGGUGCCCGGAC,0.00145419148437337,0.0
AAUCCUCUUCGCCC,0.00494861105661099,0.0736718661797667
AAUCCGCUUUGGCC,0.00156316244202339,0.0209708613214163
CAGGGGCCCCGGCG,0.00268934157361101,0.0
AAUCGUCCUUGGCC,0.00165950604444431,0.0
CGUCCUCCCUGGAC,0.00219138577853488,0.0211270419522034
AGGCGUGUCCGCCC,0.0228996890591849,0.0
AAGGGUCUCUGCAG,0.0175449404400792,0.0487401094897088
CGUCCUGUUUGGAC,0.0021352586334388,0.0
AAUGGUCUCCGGCG,0.0141145004547456,0.0
CGGGCGGUCUAGAG,0.00512834550074228,0.0
AGGGGGCUUUAGCG,0.0700710245586891,0.0
AGUGGUCCUUGCAC,0.0130133340260013,0.0
AAUGCUGCUCAGCC,0.00205226405251837,0.0301983569206489
AAUCCUGUCCAGCC,0.00233382479485097,0.0236005396289023
AAUGCUCUUCACCC,0.00182830202472722,0.043047065546821
CGUGGUGUUCGCAG,0.00366956132384844,0.0591460937966403
AGUGGGCCUUGGCC,0.00348334369230437,0.0555612966969254
AAUGCGGUCUGCAG,0.0263351057244235,0.0
AGGCGGGCUCGCCG,0.0115451695452073,0.0
CGUGCGCUCCGGCC,0.00101631827074539,0.0
AGGCGUGUUUGGAG,0.0210302344875524,0.0
CGUCGUCCUCGCAC,0.0033516317192721,0.0
CAGGCUGUUCGCAC,0.00545015015187617,0.0
CGUCCGGUUCGGCG,0.00481489564157347,0.0
CAUCGGCCUUGCAG,0.00424452586279384,0.0
AAUCGGCUCCGCAG,0.00992902874166412,0.08184497747903
CAUCCGCCCUACAC,0.00350077000850857,0.0358893644449865
AGUGGUCUCUAGAG,0.0144663097554975,0.0
AGUCGUGCUUAGAC,0.00385431717997553,0.0154182083590172
CGGGGUGCUUAGAC,0.00258238464302455,0.0
AAGGGUCUCCGGCC,0.0124542687354856,0.0238698572266017
CGGCGGCCCCACCG,0.00397882947807715,0.0
AGUGCGCCCCACAG,0.023753059859634,0.0
AGGCCGGUUUACAC,0.0197733793699948,0.0160533423742061
AAGGGGCCCCGGAC,0.0201745912541449,0.0244954401766909
CAGCGGCCUCACAC,0.00443509566056621,0.0288573056475899
AAGCGUGCCCACCG,0.0223796456546964,0.0350368766262167
AAUCGUGCCCGCCG,0.0144464835275717,0.0559818062525413
CGGGCUGUCCACAG,0.00481798657121018,0.0
AGGGCUCUUUACCC,0.007356310288558,0.0313187283177706
CGGCCUCUUUGCAC,0.0042090068179169,0.0
AGUGCGGCCUACCG,0.0394953035472225,0.0257126593712578
CGUCCGGUCCAGCC,0.000299587062079628,0.0242817828531577
AAUGGUGCCUACAG,0.0124742885607799,0.0
AAUGCGCUCCACCC,0.00455811310596775,0.045297260979818
AGGGGUGUUCAGCC,0.0127796319431795,0.0
AGUCGUCCUUGGCG,0.0110339633964822,0.0
AAUGGGCCUCAGCC,0.00218263162546703,0.0500259184887149
AAUCGGGUUCAGAG,0.0110193680246718,0.0
AAGCCGGCCUACCG,0.0208757266423378,0.0
CAUGCUCUCCAGCC,0.000433688900570592,0.0672480208438915
CGUCCUCUCUGGCG,0.00363402451944907,0.0390017803040094
AGGGGUGUUCACCC,0.0158829742982913,0.0156754249457368
CAUCCUCUCCGGCG,0.0040254917527194,0.0
AAGCCGGCCUGCAG,0.0454253064931133,0.0339113213443504
CGUGCGGUCUGCAC,0.00422987256861457,0.0317396031394897
AGUGGGCCUCGCAC,0.0525163173364576,0.0144580011939495
AAGCGGGUCCGGAG,0.0264307037345948,0.0
AAGGGGCUCUACCG,0.360265651162812,0.0199194409122475
AGUCGGGUCUACAG,0.0113974618288225,0.0309088773261157
CAGGCUGUUUAGAG,0.00625054464732079,0.0
AGGCGGGCUUGCAC,0.023539724653294,0.0
CGGGCUGUUUAGAC,0.00302363689265501,0.0387142659822702
CGGCGUCCCCAGAC,0.00218572073718315,0.0
CGGGGUGCUUGGAC,0.00327193083984009,0.0
AAGGCUGCUCGCAG,0.04751974617269,0.0175635161263631
AGUCGUCUUUGGAG,0.0130985755346169,0.0
CAUGCGCCCCACCG,0.00495502283564261,0.0184446695677615
AGUGGUCCUCGGAG,0.0100527889164988,0.0
CGUGCGCUCUACAC,0.00461479008391645,0.0223706185032023
CAGCGUGUUUGGCC,0.00116632381212631,0.796948082425919
AAUCCUGCUCGGCG,0.0119039541830416,0.0307723962863684
AGUCGUCCUUACAC,0.00912451188474226,0.0195728965537246
CGGGGGGUCCAGCC,0.000848944204476216,0.0
CGGGGGGCUUGGCG,0.00300989308859749,0.0
AAGGCGGCCCACAC,0.0978461647701343,0.0573952164487605
CGUCCUGUUCGGAG,0.0110276187564981,0.0
CGUCGUCCUCGGCC,0.000822822844338486,0.0841568249126281
AGGGGGCCUCGGAC,0.0215458526223493,0.0500368613872507
CAUGGGCCUUGGCG,0.0028814967917848598,0.0
AGGCCGCUUUACAC,0.0282605628514741,0.0
AAUGCGCCCCGCAG,0.089170075601289,0.0264312242578628
CAUGGGGCCCGGCG,0.00272260520202064,0.0
AGUCGGCCUCAGCG,0.0106438737814551,0.0277186139532068
AAUGGGGUCCAGCG,0.0116588337414733,0.0
CAGGGUCCUUGCCC,0.00488216570267363,0.0
CAGCCGGUCCGCAG,0.00524608032589349,0.0
CAUGCGGUUUGGAG,0.00546239856819545,0.0
CAUCGGGCUCACCG,0.00362294257744746,0.035728060762812
CGUGCGCUUCACAG,0.00553079038284364,0.0
AGUGCGGCUCAGCC,0.00177926204267916,0.0287328759434629
CAUCGUCUCUACAG,0.00384048254239662,0.0343145408247381
CGGGCGCUUCAGAC,0.00354003654907122,0.0856882944448031
CGGCCGGCCCAGCG,0.00571210821702724,0.0196138683822485
AGUCCUCCUUAGAC,0.00340950442631767,0.023811745360488
AGGGGUCCUCAGCG,0.0258856621837913,0.0
AGUCCGCCCCAGAG,0.0124062387891927,0.0294367962759615
AGGCGUCUUCGCAC,0.0157941352886108,0.0729271582509278
AGGGGGCUCUGGCG,0.141900005045154,0.0
CAUGCGCCCCGCCG,0.0188440630839473,0.0153810773243613
CGGGCUGCUCACAG,0.0100892302345306,0.0299215611403621
AAGCCUGCUCGCCC,0.00949657975465784,0.0271161779926238
AGGCCGGUCUACCC,0.00953534130467685,0.0371244996985726
CGUCCGGCCUACCC,0.000407917607362303,0.0434788226177174
CAGGCUCUCUGGAC,0.00247814530961193,0.0260445205882006
CAGCCGCUUUGGAC,0.00296365925324047,0.0460107427342347
AGUGCUGUCUGGCC,0.00467053591861572,0.0330683604274714
CAUCGGCUCUGCAG,0.00279792878658358,0.0
CGGGGGCUCCACAC,0.00584706159341795,0.0366648854402415
AAUGGGCCCCGCCC,0.247985091569547,0.0
AAGGGGCCUCGGCG,0.049890359295404,0.0641322386178506
AGGGCUCUUUGCCG,0.0557164653955936,0.0289187122960191
AAUGGGGCUCGGCC,0.00664595389005572,0.0
CAGCCUGCUCGCCG,0.00469804342360057,0.025504626270256
CGUCGUCCUUGCCC,0.00130379222811284,0.0
CAUGCUCCUUGGCC,0.00156380000145996,0.0424250947122381
AGUCCUGUCCACAG,0.0101070325267497,0.0319657932535698
AGGCCGCUCCGGAG,0.0536183981771994,0.0
CGUCGGGUCUAGCC,0.000347628070018664,0.0233836898290927
CGUCCGGUUCAGAG,0.0108532340053232,0.0
AAUGCUCCCCACAC,0.0118908178951076,0.0236563995240804
AAUGGGGCUUGCCG,0.0454265088887959,0.0549145740972913
CAGCCUCUUUAGAG,0.00581579127832167,0.0394509206008939
AGGGGUCUUUAGAC,0.00829590944452286,0.0231299461270666
CAGGCUGUCUACAG,0.00608252403313453,0.0243819675595157
AAGGGUGUCCGCCG,0.0307430994580987,0.0
CGGGCUCCUCAGCG,0.00853721314236997,0.0242143133440851
CAUCCUCUCCGCCG,0.00569183539759888,0.0
AGGGGGCCCCAGCG,0.0429575333033466,0.0
AAGCCUCUUUGGCG,0.0170630402976202,0.0255452395955838
CGGGCGGUCCGCCC,0.00332076562849442,0.0
AAUGGUGCUCGGAC,0.00756810882548509,0.0
CAGGGGGUCCACCC,0.00499003114915531,0.0331813185236262
AGGCCGCUCCACAG,0.0216881122950778,0.0260538869290539
AAUCGGGCCUAGAG,0.0185032565854642,0.0465800941471977
CGGCCGCCUCGGAC,0.00377202251228305,0.0
AAUCCGGUCCACAG,0.0112909579195336,0.0320062684828626
CAUGGUGUCCAGAG,0.00536914762120982,0.0
CAUCGGGUUUAGAC,0.00222985104954007,0.0360508715161353
CAUGGUCCCUGCAG,0.00408761261390712,0.0
CAGCCUGUCUAGAG,0.00478625806228906,0.0
AAGCGGCCUCAGAG,0.0223473598641617,0.0238019639211177
CAUGGGGUCCACCG,0.00460990620148691,0.0
CAGGCGCUCUGGCG,0.00531290134422378,0.0349094513854762
CAGGCGCCUCAGCG,0.00448175074198847,0.0289442694728228
AAGCGGGUUUGCCC,0.0292033747081423,0.0710620727801719
CGGGCUCCUUACAC,0.0044417692723806,0.0382293930411872
AAUGCUGCUUACAG,0.0187000386129122,0.0163837637488421
AAGGGGGUCCGGAG,0.119844346027379,0.0
CGUCCUGCCUGCAG,0.00442682942568546,0.0
AGGCGUGUUUACAC,0.0168171804315288,0.0199816697856458
AAUGCGCUCUAGCG,0.031800028759601,0.0446943298541472
AGGCCUCCUCGCCG,0.0264144918942342,0.035575550861535
CAGGCUCUUCGGAG,0.00556739012509063,0.0385415597289414
CAUCGUGCUCGCAC,0.00279050532569527,0.0476804348662791
CAUGCUGCCUGCAC,0.00402291473782758,0.0
CGUGGUCCUCGGCG,0.00333123297484114,0.0
CGUCGUCUCCAGCG,0.00417743433358185,0.0292366701240494
AGUGGUGCCUAGAC,0.00590091445015164,0.0482097552882406
AGUCCUCUUCACAG,0.0136689948858439,0.0174790904211462
CAUGCUCCCCACAC,0.00315870012583043,0.0332034608203206
CAUCGUCUCCGCAC,0.00269786527056352,0.0466068112217461
AAGGCGGUUUGCAC,0.410854135664641,0.0201806313972977
AGGGGUGCCCGGAG,0.0339230557937989,0.0
CGUCCGGCCUGGCG,0.00492633709380111,0.0474949552254267
CAUCCUCCCUAGAG,0.00540613437184242,0.0549039019870617
CAUCGUCCUUACCC,0.000333820863662688,0.0477131532558623
AAUCGUGCUCGCAG,0.0129891341061825,0.0
CAGCCGGCCCAGCG,0.00731135162976614,0.0372325846093231
AGUCCGCUCUGCAG,0.0116095478140468,0.0
AGUCCUGUCUGCCG,0.0124270826043628,0.0
CAGCGUCUUUAGCG,0.00591371203645173,0.0
AGUGGUCCUUGGAG,0.0160230358000399,0.0
CGUCCGCCUCACAG,0.00376193014435721,0.0460685629838889
CGUCCUCUUUAGAG,0.00461806781808295,0.0
CAGCCUCUCCGCCC,0.00167742877191673,0.0568873640371242
AAGCGUCUCUGCCC,0.0159288842689238,0.0361590278337716
CAUCGUCCCCGCAC,0.00260288665391582,0.0
AGGCGGCCUCGCCG,0.0181546718127238,0.0380770842552743
AAUCGUCCCCGGAC,0.00538318790697682,0.0
AGGGCUCCUCGGAG,0.0217206680953958,0.0
CGUCCUCCCUACCG,0.00420341213798879,0.0283278020673873
CAGGGUCUCCAGAG,0.00714730168339976,0.0
CGUCGUGUUCGGAG,0.00382851297877061,0.0
CGGCCUGCCCAGAG,0.00512513828029153,0.0
CGGCGUGUCUAGAC,0.00218414231455294,0.0353677448958096
AGGCGUGCUCAGCC,0.00998687387062304,0.0646090842916353
CGGGGUGCUUAGCC,0.00102009640558087,0.0
AAGGCUCUUCGCAG,0.0294131165026463,0.0318510858485639
CGGCCUGCUUGGAG,0.00846227583021892,0.0269612119845242
CGGCCGGUUCGGAG,0.0115365857760287,0.0
CGUCGUGCUUAGCC,0.00043202935995689,0.0282418503917215
AAGGCUCUUCGGCC,0.0088596945685029,0.0
CGUGGUCCCCGCCC,0.00266729332791643,0.0384138485658767
CAGCCGCUCUAGCC,0.000850593707464187,0.0210198555008797
AGGCCGGCUCACCG,0.0236241581085627,0.0206351146602454
AAUCCUCUCCACAC,0.00850058626077968,0.0251284273554038
CGGGGUCUUCAGCC,0.00133364666395821,0.0
AGUCGGCUCUAGCC,0.000755671557381798,0.0237779799383701
AAGGCGGUCCGGCG,0.0552424972736763,0.0
CGGGGGCUCCGGCG,0.00379890848784696,0.0403668438782392
CAUGCUCCUUACCG,0.00363744171239723,0.0
AGGCCGGUCUGCCC,0.014728785244763,0.0
AGUGCUGCUUACCG,0.012053010187787,0.0245234568204911
AAGGGGGCUCACAC,0.0448204809109909,0.0302628790891575
AAUGCUGUCUGCCG,0.0253551335736896,0.0
AGUGCGCUCCAGAG,0.0296346047121739,0.0
AGUCCUCCUCGGAG,0.0136901137271604,0.0
AGUCCGGCCCACCC,0.00117196596370254,0.0532682082131259
CGGCCGGUUUGGAC,0.00318461584896615,0.0
CGGCGGGUUUACAC,0.00314475331603006,0.0390913258019
AGGCCUGCCUAGAG,0.0277205251708675,0.0
AGGGCGCUUUGCAC,0.210998807217573,0.0282834317779867
CAUGCGCCCUGCAC,0.00389130869429542,0.0243052113075208
AAGCGUCCUUGGCG,0.0227872794847215,0.0203852013351591
AGGCCGCCUCACAC,0.0154576976241613,0.0416446305466129
AAUGGUCUUUGCAG,0.0220888993529122,0.0330930170398314
CAUCGUCCCCAGCC,0.000579459459397285,0.13159382418427
AAGGGUCUUCGCCG,0.0364772869354637,0.0
AGGCCUGUUCGGAG,0.0292690333199113,0.0
CGGGCGCCCCGCAG,0.00559335663123503,0.0283056257541724
CAGGCGCCUUGCAC,0.00570013905152872,0.0275011221779108
AAUCCUGUCUGCAG,0.00870605849291801,0.0
AAUGGGGUCCGCCC,0.0131420466044662,0.0305492815951304
AGGCCGGCUUAGAC,0.0161906812450303,0.0392532915293211
CAGGGGGCCUGGAC,0.00175935940536414,0.0
CGGGGUCUUCAGAG,0.0083708047787189,0.0
AGGGCUGUUUACCC,0.00960695446468111,0.0171658011875847
CGGGGGCUCUGCAG,0.00470686150985091,0.0
AAUCCGCUCUGGAC,0.00697777365485612,0.0301820452733981
CAGGCUCUUUAGAC,0.00214656340674507,0.0240254556774535
CAGCGUCUCUAGCC,0.00121145508039681,0.212371621351572
AAGCGUCUCUACCC,0.0173535200227218,0.0915194114778163
AAUGCUGCCUAGAC,0.00723692906335003,0.0243889034309643
AGGCCUCUCUAGAC,0.00827184857876049,0.0292759605575846
AAUGCGCUCUGGCG,0.0351402798408588,0.0
AGUGGGCUCUACCG,0.0523170750308282,0.0
AGGGCGGCCUACCG,0.265107789341471,0.0196983259176184
AAGCCGCCUUACAC,0.0183281094270542,0.0196361526039119
AAGCGGGCUCAGCG,0.0285091895041264,0.0
CGUGGUCCUCACAG,0.00306749071673137,0.0385656437253452
CGUGGUGUUUGGAG,0.00250553262510277,0.0
AGGCGUGCCCGCAG,0.0215938675239781,0.0
AAGGCUGUCUAGCG,0.0257938716804657,0.101832047857162
AAUCGGGCUCAGAC,0.00761589851215624,0.037021296447708
AAUCGUGUCCACCC,0.010791024110231,0.0256287397659264
AGGGCGGUUCGCAC,0.180994904394329,0.02474040499098
AGUGGGGCCUGGCC,0.00457319587748204,0.0
AGUGCUGCUUAGAG,0.00997879383200043,0.0462095278182662
CAGCCUCUCCAGAG,0.00402319596957869,0.0306800825353271
AGGGCUGCCUGCCC,0.0220454871869515,0.0
AAGGGGCUCCGCAC,0.0354043691034761,0.0
CAUCCUGUUCGCAC,0.00367255898159928,0.0632037067289877
AAUGCGCUCCGCAG,0.0292829154263996,0.0
CGUGCUGUCCGGCC,0.00157435362281896,0.0
AGUCCUGCUUAGAC,0.00761867513040511,0.0334615428655753
AAUCGGGCUUAGCG,0.0121332582128444,0.0
CGUCGGCUCCGCAC,0.00424399231490942,0.0
AAUCCUCUCUGGAC,0.00517252196946561,0.0353502490222695
CAGGCUGUCUAGCC,0.000665383851254727,0.0
AAGGCUGUUCAGCC,0.00829793402218894,0.0212290275574665
AGGCGGGUCCACAC,0.0204548450568068,0.0174010082575732
AAUCCGGUCUGCCG,0.012953260448134,0.0683088971450247
AGUGGGGUCUGCAC,0.0160054280683915,0.0
CAUGCGCCCUACCC,0.000423070176028881,0.0258075863592859
CGGCGUCUUUAGAC,0.00283960364178314,0.0
CAUGGUGUCUAGAG,0.00516635607436557,0.0
AGGGGGGUCUAGCG,0.0985127128766314,0.0
CAGGCGGUCUACAC,0.00364504576017274,0.0297630595133579
AGUGCGGUUCGGCG,0.0303615416227664,0.0234046084779715
CAGCCGCCCUACCG,0.00498047266626046,0.0267852706144302
CAGCGUGCCUGCAG,0.00644902310461236,0.0350121919845216
AAGCCUGUCUACCG,0.018403601118903,0.0233191519696364
CGGCCUCCCUGCAC,0.00655206200759959,0.0310336419645504
CAGGCUCUCUACCC,0.00137023721908736,0.0332372187602723
AGUCGGGUCCGCAG,0.00808520505095951,0.0279892221127982
AAGCCGGUUUGCAG,0.027034133408113,0.0202193995717625
AGGCGUGUUUAGAG,0.0144411292953118,0.0
CGUGCUGUCUGGAG,0.00480123552072036,0.0
CAGGCGGUCUGGAC,0.00265102934420962,0.0
AGUGCGGUCCGGCC,0.00468048870022686,0.0404729289306424
CAGGCUGUUCACAG,0.00604834981267396,0.0321854073157902
CGGCCUGCCUGCCG,0.00634512217681583,0.0225953006362527
AAUGGGCCCCGGAC,0.0098680148656442,0.0445170580247334
AAUCGUCCUUACCG,0.00959621374837559,0.0320167188833564
AGGGCGCUUCGCCC,0.107971438417725,0.0180228587856598
CGUCCGGUUUGCCG,0.00415357122358468,0.0
CAUGGGGUUCGGCG,0.00283098245425591,0.0
CAUCGUGUUCAGAG,0.00428634667369733,0.0
AGGCGGGCUUGCCG,0.0209384769549537,0.0
AAUGCGGCCUGCCC,0.0147493378622103,0.0311409188594033
AGGGGUCCCCGGAC,0.0163160284546692,0.0
AGUCGGCCUCGCAG,0.010961311283154,0.0
AGGCCGCCUCGGCG,0.0146254631122459,0.0389791918574364
CAGCCGGUCUACCG,0.0085700351479071,0.0641062010620682
AAUCCGGUUCACCG,0.0167457074146948,0.0318754181769676
CGUCGGCUCUAGAC,0.00267156991327359,0.0983318564881813
CAGGGGCUUCAGAG,0.00594772135342498,0.0664335997944572
CGUCCUGCUUGCAG,0.0042147713842166,0.0402992089491395
AAUGCGCCCCACAC,0.0270704051258766,0.0278914990837716
CGUCGGGCCCGCAC,0.00289121976453204,0.0291416728904134
CGGCCGGUCUAGAC,0.00271831229755272,0.0
AAUGCGCUUCACCC,0.00351019619607462,0.0394669883163028
CAUCGUGCCCAGCC,0.000722214691704579,0.0
CGGGCUGCCUGCCC,0.00309782478743063,0.0
AGGGGUGUUCGCAC,0.0273234926274366,0.0265416237600624
AGUCCGGUCUACAG,0.00825282868014107,0.0370206573285583
AGUGGUGUUUGGCG,0.0174552106215493,0.0
CGGGCGGCCUGCCG,0.0673030503742439,0.0245866304894875
AGGCGUCCUCACAG,0.0210798811525313,0.0263524413470438
CGUCCUCUUUGGCG,0.00300989308859749,0.0
AGUGCGGUCCGGCG,0.0178439135526116,0.0278193342539901
CGUGGGCUUCACCC,0.00449143597574529,0.0809609865562297
AGGGCUCCUCACCC,0.00610923681516937,0.0321759023288493
AGGGCGGUUCACAC,0.0995102666923439,0.0198662317093459
AGUGGGCUCUGGAG,0.0239658835466312,0.0
AGGGGGCCCUGGAG,0.0762882485747439,0.0
AGUGGGCCCUGCAC,0.0490146425896388,0.0
CAGCGGCUUUGGCG,0.00350217782486588,0.0
CAGCCGGCUUGCAC,0.00853152014881011,0.0
CGGGGGCCCCGCAC,0.00504927598740755,0.0
CGGGGUGUCUAGAC,0.00195431544758016,0.0268056496241321
AGUGGGCCUCACCC,0.00512355026433091,0.0267578394626195
AGUCCUGUUCACAC,0.00763746096670895,0.0347152771172438
AAGGGUCCUCGCAG,0.0245897591958668,0.0298266442351215
CAUCCUCUUUACCG,0.00366871050972281,0.0289209073208131
CGGGCUGCUUACAC,0.00456370394661853,0.0389330429212025
AAUGGGCCCCGCAC,0.0284011367386968,0.0
CAUGCGCUUCAGCG,0.00419326256043599,0.0
AAUCGUCUCUGCCC,0.00889650267987661,0.0526991074295615
CGUCCGCCCUAGCC,0.000288216208388227,0.0301015021389596
AAGCGGCUUCGCCC,0.0108588691216292,0.0
AGUGGUCUUUAGAG,0.0168387363513616,0.0414941910433482
AGGCCUGUCUGGAG,0.027139638898577,0.0
CGUGCGCCCCGCAG,0.00448973469502722,0.0357604046676157
CAUCGUGUUUACCC,0.000417603660804852,0.0951546067955631
CAUCCGCCCCAGAC,0.00153903961955875,0.0301606064229538
CAUCGGCCCCGCAC,0.00289908110424116,0.0
CGUGCGCUUCGCAG,0.00470441797370043,0.0
CAUGCUGUCUACCG,0.00446969123656727,0.0
CAUCGUCUCUGCCC,0.00280442321793752,0.0377013480352364
AGUGCGGUCCGGAG,0.0160510308266176,0.0
AAGGGGGCCUGCCC,1.28657084353237,0.0
CAGCGGCCCUACAC,0.00427867879056012,0.0373606839980599
AAGCGUCCUCACAC,0.0232526658144851,0.0493775168528398
AAGCGUGCUUGCCC,0.00880694717723626,0.0574992981225213
AAUGCGCUCCGGCC,0.00371189224034561,0.025797975277195
AGUGCUGUUUGGCG,0.013299409461516,0.0829998209276748
CAUGGGGUUCACCC,0.00298588780629579,0.0
CAGCGGCCCUGGCC,0.00572894257537545,0.0
AAUCGGCUCUAGCG,0.00915810137090597,0.023740468786377
CGUCCGCCUCGGCC,0.000661544752264305,0.0276687511953021
CGUGGUGCCCGGCC,0.00197281203494439,0.0
CAUCGGCUCCGCCC,0.0026376696433076,0.0310623002549372
AAUCGUCUUUGCAG,0.0110907001222586,0.0277654117941059
AGGCGUCUCCGGCG,0.0126727646782134,0.0
CAUGCGGCCUGGAG,0.00584724300453127,0.0
CGUGCGGCCCACCC,0.000572684951605189,0.0324698905745739
AGUCCGGCUCGGAC,0.00753747731385085,0.0328915304489245
AAUCGUCCUCACAC,0.0074283901392626,0.0403776616384098
AAGCCUGUCCGCAC,0.0200700912340707,0.0243903745092491
CGGCGGCUUUGGCG,0.00397689758117762,0.0
CAUGCGGCUUGGAG,0.00564580018189826,0.0
CAGGGUGUCUACAG,0.00371195676918173,0.018998346776739
AGUCCGGCCCAGAG,0.0104256695556067,0.0
AAUGGUCCCUGGAC,0.00514612475092506,0.0
AAUGCGGCCCGCCC,0.018746548734461,0.0335300320920754
AGUGCUCUCUGGCC,0.00255558956843816,0.0164014644544171
CAGCGUGUCUGGCC,0.00171675383571857,1.09747173710483
CGGGCGGCCCAGAG,0.00453223012629702,0.043396081266271
AGUCCGCUUCGGAG,0.0136688692262906,0.0450177305000494
CGGCCGCCUCGCAC,0.0109753848669732,0.0372904003045211
AGGGGUCCUCAGAG,0.0633482165380152,0.0
CAUGGUGCUUACAG,0.00372080117047575,0.0459261027871715
CGUCGUCCUCGCCC,0.00309826755233619,0.0
CGUGGGGCCCACAC,0.00288308453441809,0.0
AGUGCGCCUUAGAC,0.0105415990848591,0.0272047170585439
AAGGGUCCUCACCG,0.0194158653685424,0.0552345304029066
AAGGGGGUUCGCAG,0.0378830346415231,0.0
CAUGCUCUCCGGCC,0.000545833485557811,0.0
CGUCCGGCCUAGAC,0.00173299339902942,0.043511513243032
AAGCCGCCCCACAG,0.0260304805894374,0.0246049992644705
AAGGGGCCUCAGCC,0.00572229247724788,0.0259496032104243
AAGGCUGUCCGCAC,0.0236660797060521,0.029336832417863
CAUCCGGCCCAGAC,0.00206646295040198,0.0423883188361209
CGUGGUGCCCGGCG,0.00341388762760035,0.0
CAUCCUCCCUACAC,0.00328464230386434,0.0286040697707253
AGUCCGGUUCAGAG,0.0118586731961717,0.0
CAGCCUGCCUACCC,0.00113926266592022,0.0562318218704536
CGGCGUCUUCACAG,0.00719732747329102,0.0
CGUGCGCCCUGCCG,0.0210501151518625,0.025209884415375
AAUGCUCCUUGGCC,0.00373378276377476,0.0246472368841032
AAGGGGCCUUGGAG,0.0663397514134482,0.0
CAGCGGGCUCGGAC,0.0032181515689683,0.0
CGUGGGCUCUACCC,0.0035445917431601,0.0228985757678931
AAUCCUCUUCGGCG,0.00698964061685418,0.0493513934425019
AGGCCUGCCCACAG,0.0197101899841418,0.0194269993952591
CGUCCUCCCUGCCC,0.00197723790695669,0.0419401306059531
AGGGGUCUUUGGCC,0.00562935560084461,0.0
CAGGCUGUCCGCAG,0.00703277088563331,0.0
AAUCGGGCUCACAG,0.00792419468008427,0.026069134015585
AAGGCGGCCUGGAC,0.0558045982128283,0.0
AAUGCGCCCUGCAC,0.0236831556493113,0.020717867304943
CGGGGGCUUCGCCC,0.00947113025212011,0.0
CGGGCUCUCUACAC,0.00492987822405881,0.0342561996295714
CGGGGGCCCUGGCG,0.00330777358769437,0.0
CGUCCGCUUUAGCC,0.000290350313155087,0.0339788766081041
CAGGCGCUUCGGCG,0.00577899473010718,0.0266717132818347
AAUGGGGUUCGCCC,0.0447423558495594,0.0
AAGGGUGCCUGCAG,0.0263629010897532,0.0411318752272788
AAGGGUGCUCGGAG,0.0278505280488217,0.0
CGGCGUCCUCGGCC,0.00107333180989463,0.579241281018748
AAUCCGCCUCGGAG,0.0150450063421154,0.0249163716816337
CAUCCGGCUUGCAC,0.00379890848784696,0.0
AGUCCUGUCUGGAC,0.00553565522537824,0.0
AGUGCUCUCCACAG,0.0157901659155802,0.0204140221923195
AAUCCGGCUCGGCG,0.0188499571161899,0.0238579340114298
AGGGGGGUCUAGAC,0.0214032106527462,0.0
CAGCCUGCUCACCG,0.00683469997655487,0.0259514390578695
AAGCGUGCCCGGAC,0.012863676415547,0.0242543034987679
AGUCCGGUCUGGCC,0.00189002014533869,0.0253905963761957
AAGCCGGUUUACCC,0.011251569857022,0.0525658015423033
AGUGGGCCCCAGCG,0.0235327333480807,0.0
CAGGCGGUCCGCAC,0.00474244488169113,0.0244541212352976
AAGGCGGUUCGGAC,0.0829445394201601,0.0318572193586769
CGGGCGCCUCGCAC,0.00470999721702788,0.100928985712768
AGUCCUCUUUGGCC,0.00170243608119453,0.014935448872208
AGGCGUCCUCGCCC,0.0184622113135492,0.0287850966803285
AAUGCGGCUCACAG,0.0201251028067136,0.0387946782997883
AGUCGUGUUUGGCG,0.00929149218841969,0.0
AGGCGUGCCCGCAC,0.0210895244396108,0.0297710264286784
AGUGGGCUCUGCCG,0.0246837987870226,0.0364925287446181
CAGGCGGCCCACAC,0.00496297927053186,0.0200383179797696
CAUCGGGUUUGGCC,0.000485303733313821,0.0
CGUGGUCCUCGCCG,0.00305262463420079,0.0
CAUGCGCUCCGCCG,0.00489014728962259,0.0
AAGCCGCUCUGGCC,0.00364781072827039,0.020466046564554
CGUCGGCUCUGCCC,0.00195553076515353,0.0
AAUCCGCCCCGGAC,0.00602687153471849,0.0295319348658767
CGGCCUGCUUACCC,0.000658180384301049,0.0404569303841477
CGUGCUCCUUGCAG,0.00374415836551954,0.0
CGGCGUCCCCGCAG,0.00746453485972178,0.0235681645804028
AAGCCGCCCUGGCC,0.0145624593180216,0.0161742202955113
AGGCGGCUUCAGCG,0.015531048337163,0.0
AGGGGGGUCCAGCC,0.00642556435654665,0.020137255209688
AAUGGGGCUUGCAC,0.0538829118854214,0.0
AAGGGGCCUCGCCG,1.02291060547455,0.0267174339235067
AGGCGUGCUCGCCC,0.0159805257050602,0.038468393750264
CAGCGGCUCCAGCG,0.0044109497746769,0.0
AAUGGUGCCUAGCC,0.00229587642420299,0.0403765116537065
AGUCGUCUUCGCCC,0.0074351047939666,0.0258958716919592
AAGCCUCUCUGGCC,0.00570436665231968,0.0352036881758723
CGUGCGGCCUACCC,0.00050818719263661,0.070809393316414
AAGGCGGUUCGGCC,0.0249675295986364,0.0208569737772504
CAGGGUGUCUGGCG,0.00523333024114209,0.0
AAGGGUGUCUGGAC,0.0127630666558723,0.0248273590140386
CGGGCGCCUUAGAG,0.00614812467416713,0.0
AGUCGGCUUUACCC,0.00122041639764499,0.0311055827369633
AAUGGUCCUUACCG,0.0170414095039492,0.0177610106022551
AAGGGGCUUUGCCC,1.62827966033706,0.0
CAGCGGCCUUACCG,0.00561544641747945,0.0281853787293085
CGUGGGGCUUAGCG,0.00282954126176265,0.0
AGGGGGGUUUACAG,0.0711618989960143,0.0381888858452266
AAUCCUGCCUGGAC,0.00568520579629674,0.0479979723325994
AAGCGGCUUUAGAC,0.00536667465975576,0.0264454221212931
AAUCCUGCUUGCAG,0.017734813537684,0.0
CGUCCUGUCCACAG,0.00403862090462111,0.0
CGUCCUCCUCGGCC,0.000769544887987801,0.0
CAUGGUGCUCGCCG,0.00366018584780386,0.0
AGGGCUCCUUACCG,0.0270388729125674,0.0187821696887824
CGGCCUCCCCGCAC,0.00481413917721502,0.0450572478326507
AGUGCUCUUUACCG,0.0175496128950599,0.0208060712261249
CAUGCUGUUCAGAC,0.00142147217597497,0.0216872761477461
AGUGGUGCUUAGAC,0.00422609167693313,0.0392423057687683
CAGCGUGUCCACCC,0.00201060116508555,0.0290501160856006
AGUGGUCUUUGGAG,0.00830966562499072,0.0
CAGGGGGCUCGGAC,0.00209729060652405,0.0
CGGCGUCUCCAGCG,0.00396472961305571,0.0
AAGGGGGUCCAGCG,0.0737223147167146,0.0202012347373816
AGGGGUGCCUACCG,0.0202737396898503,0.0
CAGGGUGUCCGCCC,0.00322569010185015,0.0
CAUCCUGUUUGCCG,0.00398171477864139,0.0
CGUGCGCCUCGGCG,0.00304187320266384,0.0
AGUCCGGUUUACAC,0.00523160547772125,0.0262603269539859
CAUGGUGCCCGGAG,0.00551015929922201,0.0
AGGCCUCCUUGGAG,0.0272283636661326,0.0
AGUGGGCCCUGGAC,0.00751912234142934,0.0
CAUCGGGCUUACAG,0.00280411810131634,0.0
CAGGCGGCCUGGAG,0.00762238703059045,0.0
AAUGCUCCUUACCC,0.00188384313293492,0.0299268447429992
CAUCCGGCCCACCG,0.00259636894535994,0.0611343195805283
CGGGCGCCCCACAC,0.00525838854432251,0.0308037230872233
CGGGGGGCUUGGCC,0.00196743553768162,0.0
AAGGGGGUCUGCAG,0.0370361027492352,0.115724695808176
AAUGGGGCUUACAC,0.0162245104437402,0.0
AGGCGUGCCUGCAC,0.0215518635376362,0.0
CAUGCGCUUUGCAG,0.00369362188897025,0.0
CGGCGUGCCUGCAG,0.00624898396201559,0.0
CAUGCGCCUUAGCC,0.000351469868731439,0.083569921837465
CAUCCUCUCUGGCG,0.00434777890022679,0.0214886077706928
AGGGCGGUUUGCAG,0.655963056858887,0.0
CGGGCGCUUUAGAC,0.00292939729655561,0.0
CAGCGGGUCUGCAG,0.00529136456214627,0.0
AAUCGGGCCUAGCG,0.0135390772840652,0.0
AAGCCGCCCCGCCC,0.0170999356154682,0.0226755193540393
CAGGCGCCCUGGAC,0.00273414804435178,0.0
AGUGCUGCUUGGAG,0.0188614021417613,0.0
CAUCCUGCCCAGAC,0.00196821197016199,0.0368412477669215
AAGCGUCCUCGCCG,0.018829142587819,0.0212723879728136
CGGGGGGCUUGCCG,0.00694227030553591,0.0
CAUGCUGUCCGCAC,0.00339124911548099,0.0245367827276963
CGGCGUGUUCAGCC,0.00154507845214671,0.0
CGGGGUGUCCGGCC,0.0045616601920522,0.0
AAGGGGGUCCACCC,0.0693343401586273,0.0387739010922212
CAGGCUCCUUGGCC,0.00240433126482014,0.0771793496368714
CAUGGGCUUUGGAC,0.00208515146733477,0.0
CAUCCGGCCCAGCC,0.000388838157778098,0.0199169240285023
AAUCGUCCCUGCAG,0.0126025616096806,0.0228300343015523
CAGGGGCCUCGCAG,0.00480691074001199,0.0
CGGGCUGCUUAGCG,0.00709591585430342,0.0
AGUCCUGCUCGCCC,0.00416180276658995,0.0
AGUCGUCUUCACAC,0.0072584993951316,0.0194232157259454
AAUCCUGUUCGCCC,0.00643907090846327,0.0
AAUCCGGUCCGCCC,0.00566938166542863,0.0
CAUGCGCUUUGCCC,0.00193814641037283,0.0
AGGCCUCUCCACCG,0.0189823924120881,0.0253252321769425
CAUGCUCUUCGGCC,0.000562202872603621,0.0
AGUCGUCCUUAGCC,0.000793581150518934,0.0165624168914759
AAGGCGGCUUGGCG,0.164524215869967,0.0
CGUGGGGUUUACAG,0.00267757464731692,0.0
CAUCGUCUUUGCAG,0.00450610776245669,0.0
CGUCCGCUUCGGCC,0.000635219678028878,0.0
AGUCCUGCUUGGAG,0.0100313636189625,0.0
AAGGGUGCCCAGAC,0.0104106890358548,0.0256805629046511
CAUCGGCUUUGGAC,0.00232179356592857,0.0
CAGGCGGCCUGCCG,0.0577291195663068,0.0
CAUGCUGUUCACCG,0.00310903770004267,0.0344025207195477
AAUGGUGCCUAGAG,0.018629231623026,0.0
AAGCGUGCCCGGAG,0.0297354720979178,0.0
CAGGGGCUCCGGCG,0.00330048171976889,0.0
AGUGGGGUUUGCCC,0.0954112583484253,0.0
CAUCGGGUCUGGAG,0.0041937843701125,0.0
CGUCGGCCUUGCAC,0.00411400407137859,0.0393745640039047
CAGCGGGCCUACCC,0.00198154129173618,0.0
AGGCCUGCUCACCC,0.00375089449530271,0.06155239609535
AAUGGGGUCCAGCC,0.00214530833828347,0.0595801595053603
AGUCCGGCUUAGAC,0.00618814690593613,0.058809986804038
AAGCCUCCUUAGCG,0.0176301583381793,0.0270321673714628
AAUGGUCUUUGGAG,0.0137052984039792,0.0
AGUGGUCUUCGGAC,0.00871322930390933,0.0
AGUCGUCUCCACAG,0.0080125950788973,0.0
AAUCGUCUCUGCAG,0.00959073907551012,0.0638131705070401
CGUGGUGCUCACCC,0.00228450885424549,0.0392838678665251
AGGCGGGCUUACAC,0.014074172567218,0.0342651214247188
AGGGCGGUCUGGAG,0.187438771030574,0.0
AAUCGGCUUCAGAG,0.00999472623732405,0.0
AGUCGGGUCCAGAG,0.022549793625925,0.0
AGUCCGGUCUGGCG,0.0109479844609252,0.0379153844649032
AGUGGUGCCCGGCC,0.00983877543091125,0.0341303362142337
AGGCCGGCCCGGAC,0.026982345652123,0.0550791577964021
CGGCCUCUUUGGCG,0.00721036611001799,0.0
AAUCGGGUUUGGAG,0.0103005230143114,0.0
AAGGCUCCCCAGCG,0.0243522812756258,0.0363637402088234
AGGCGUGUCUGCCG,0.0482064477069774,0.0615317719331438
CAUGCGCCCUACAC,0.00333257218580281,0.0
CAUGCGCCUUGGAG,0.00429553725703199,0.0
CGGCGUCCUCGCAC,0.00378613818904419,0.145123539660608
CAUGCUGUUUACAC,0.0035592796468649,0.0292478351949107
CAUGGGGCUUAGAC,0.00152873506738031,0.0
CAUGGUCCCUACCC,0.00143889494000759,0.0136256455958853
CAUCGGCCUCAGCG,0.00281985949186114,0.0
CAUCCUCCUCAGCG,0.00385021344987367,0.0442770074178175
AGGCCGGCCCACAC,0.0161855775312828,0.0277160943599564
AAGCCUCCUCACCG,0.0216690143656894,0.0254723727857509
CGUGGGCUCCGCCC,0.00399564474136545,0.0783963539552696
CGGCCUCUCUACAG,0.00453223012629702,0.0292614286446503
AAUGGUGUUUAGCG,0.011524467513659,0.0
AGUCGUGCCUGGCG,0.00993112494759128,0.0
AGGGCGGCUCACAG,0.137331388655741,0.0
CAUCGUCCCUAGCC,0.000264463255246334,0.0534163058967611
CAUGCUCCUCAGAC,0.0016166796487096,0.0314529183275403
AAGCCGCCCCAGCG,0.0325719241263361,0.0
CAGCCUCUUUGCCG,0.00571533722110696,0.0342823911138525
AGUGGUGUUUGCCG,0.0290206039707556,0.0
AAUCGGCUCCGCCC,0.00482269698217952,0.0332849448783745
CAUGCUCUCUAGAC,0.0015375561617273,0.0738516629521067
AAGCCUGUCCGGCC,0.00826479834757768,0.0
AGGGGUGCCCACAG,0.0183923761899772,0.0
AGGCGUGCUCGCAC,0.021478120265485,0.0468064171260118
CGUCCGCUUCGCCG,0.0036121428678565,0.100443341209576
AGGGCUGUCUAGAG,0.04626056672566,0.0
CAUGGGGCUCAGAC,0.00165641786020279,0.0
CGGGCGCCUUGCCC,0.00501388838555778,0.0
CGUCGUCUCUGGCG,0.00392533444599435,0.0
AGGCGGGCUUAGAC,0.0148104817394964,0.0
AAGGGGGUUUACAC,0.50316798763568,0.0218678332855377
CGGGCGCUCCGCAG,0.00453744558098781,0.0
AGGCGUGUCUGCAC,0.0167876609126862,0.0
CAGGGUCCCUACAC,0.00352157491365906,0.0173973716344463
CAUGCUCCCUGCAG,0.0038218492287583,0.0344046716515419
CGUCCGGUUCGCAC,0.00378544220775944,0.0
CAUGGGGUUCACCG,0.00360085510416264,0.0311837726314505
CGUGCGGCUUACCC,0.000486107570060418,0.0282597938094839
CGGGGGCUCCGCAC,0.005540971000802,0.0
CGGCCGGCUUACAG,0.00537735965235312,0.055435079868952
AGUCCGGUUUGGAC,0.00511639131542586,0.0326400570455348
AAUCGUGUCCGCAG,0.0220817462119301,0.155022100604337
AAUGCGGCUUGCCG,1.65503412866023,0.0219506044833132
AGUGGGGUUCGCCC,0.0221190178412582,0.0
AGGGCUGUUCAGCC,0.0100240250430387,0.0157275401178641
AGUGGGCUUCAGAG,0.019598100366703,0.0
CGUGGGCCCCACCC,0.00343985133457143,0.0365701413301617
AAGGGUGCUUACCG,0.0252098175907574,0.0298869160038066
AGGGCGCCCCGGCG,0.132376435766779,0.0
CAUCGUCCUCACAG,0.00391207492626013,0.04771368784331
AGUGGUCCUCAGAG,0.0109706775236762,0.0176910619188762
CAGGCGGCCCACCG,0.0047998313427513,0.0383626165644922
CAGGGGGCCCGCAG,0.00719824784764821,0.0
CAUGCUCCUCGCCC,0.0018123090020463,0.0553762602270253
CAGGCUCUCUGGCG,0.00559335663123503,0.0
CGGGCUCUUUACAC,0.0054870566510604,0.0317657798352336
AGGGGUGCCCACAC,0.0306277576716677,0.0226172677298572
AAGCGGCCCUACCG,0.0289036227686066,0.0
CGUCCUCUUUAGCG,0.00416914280674267,0.0281331603250305
AAUGCGGUCCGCCC,0.0213090256386205,0.0341755109562046
CAUCCGCUUUGGCC,0.000607962010066951,0.045750711186541
CGGGGGGUCUGCAC,0.0097418505796369,0.0447061603205843
CGGCGGCUCUAGCG,0.00429780443010924,0.0
CGGCCGGUUUGCAC,0.00421385032403649,0.0
AAUGGUGUUUACAG,0.0119788321695389,0.0198451117853342
CGGCGUGCUUACAC,0.00501533452837399,0.0543385621823111
AGUCCUGCUCACCC,0.00209553637735868,0.0275607803522941
CAGCCUGUUUGCCC,0.00310873500191442,0.0462794312342104
AAGCGGCCCUAGAG,0.0199277435486629,0.0472565970658111
CAUCGGCCUUGCCG,0.00405136252233842,0.0
AGUCGGGCCCACAG,0.00742440295187381,0.0572424708719364
CGUCGUGCUCAGAC,0.00195843710298076,0.0
AGGGCGGUUUGCCG,7.16834678638275,0.0
AGGCGUCCCCAGAC,0.00880076686342767,0.0174999897962756
AGUGGGCCUUAGCC,0.0012204256759791,0.0535713046225487
AAUGGUCUUCACAC,0.0105211461776221,0.029375904031921
AAUGGGGUCCACAC,0.0140127907145187,0.0345318872035319
AGUCCUGCCCGGAG,0.0119888794181609,0.0
CAGGGGGCUUAGAG,0.00327868106556331,0.0
CAGCGGCUUCAGAC,0.00245160049602615,0.0266391163966675
AGUGCUCUUCAGAG,0.0209607468322972,0.0185166315584849
CAGCCGCCCCGCAG,0.00701227912897354,0.0364289908399556
AGGCCUCCUUGCCG,0.0246908103387386,0.0474886251103272
AAGCGGGUCUGGAC,0.0113847885947652,0.0
CAUCCGGUCCGGCC,0.000656345994766366,0.0
CGGGCUGCCUACAG,0.00584166647660949,0.0399369650040453
AGUGCUGCUUGGCG,0.00910515367684812,0.0
CAGCGUCUCUGCAG,0.00644092945111762,0.0
CAGGCUGUUCAGAC,0.00169090239938007,0.0680182910899929
CGGGGGGCCCGCAC,0.0101229277899267,0.0
CAGCGUGUCCGCAG,0.00373393959268789,0.0
AGUCGGGCUUGGAC,0.00484019474294939,0.0275955889351842
CAUGCGCUCUGCCG,0.0123922404755296,0.0253673482454026
AGUCCGGUUCGGCG,0.0094929620099894,0.0
CGUCGUCUUUGGCC,0.000597555696164922,0.0
AGGCGUGCCCAGAC,0.00857409732599725,0.0727564114165407
CAGGGGCCUUACCG,0.00607993748222929,0.0201367518141167
AGUGGUGUCUGGCC,0.00647970617301666,0.0
CAUGCGCUCCACAG,0.00444548887986071,0.0
CAUGCGGUUUGCCG,0.0145173940195837,0.0
AAUGGGCCUCACAG,0.0178473900008568,0.0292804446570258
AAGGCGGCUCAGCC,0.0128050816714355,0.0228733660234524
AGUGCUCUUCGCAG,0.0123606276171737,0.0152211768786088
CGUCGUGUUCGGAC,0.00249842473113085,0.71487965395509
AAUGCGGCUCGCAG,0.087124423787069,0.0
AGGGCUCUUUAGCC,0.00612470210664995,0.0329248995297104
AAGCGUGUCUACAG,0.0181906402382293,0.0158967651511761
CGGCCGGCUUGGAC,0.00457413055889761,0.0
CGGCGUGCUUACAG,0.00473134071470763,0.051691267087255
CGUCGGGCUCACCG,0.00420849940299009,0.0
AGGGCUCUUUGCAC,0.0373405936621131,0.0
CGGCCGGCUUAGAC,0.00449477367897225,0.0499229197643351
CGUCGUGUCUACAC,0.00333237822933305,0.0
AGGCCUGCUUACAG,0.0199865063504808,0.0327659605950001
CAUCGGGCCUGGAG,0.00388476867968316,0.0
AAUGGUCCCCAGAC,0.00588872247814719,0.0661004459570669
AGUCCUGCCUACAC,0.010410030235726,0.0284014637249619
CGGCGGCCUUGGAG,0.00485121406480473,0.0
CAGCCGGCCUGGAG,0.00705488651734914,0.023685809966648
CGUCGUGUCUAGAG,0.00257302860602391,0.0
AGGCGUGCUCGGAC,0.00832625610323506,0.0
CAGGGUCCCCGGAG,0.0066505550766315,0.0
CAGCGUCUCUGCAC,0.00398286889886708,0.025988289957929
CAUCGGGCCCACAG,0.00382501129007052,0.0
AAUCCGCCCCACAC,0.00939976598084234,0.0233570691447199
AAUCGUCCUUAGAC,0.00323398649222245,0.0399861149338564
CGGCGGGCUCGCCG,0.0057100725405422,0.0
AAGGGUGUUCAGCG,0.0139057060693204,0.0158073302886678
CGGGGGCCCUAGAG,0.0044264409710149,0.0
AGUGGGGUCCGGCG,0.00746391744575489,0.0
CAUGGUGCUUGCCC,0.00184763950674463,0.0
CAGCGUGCUCGGCG,0.00746453485972178,0.0
CGGCCGCUCUGCAG,0.00513337540385356,0.0
AAUGGGGCCCGCAC,0.023913600588907,0.0180630640102173
AAUGGGGCUUACAG,0.0143091598237494,0.0228538979305853
CGGGCGCCUUGGAG,0.0135779621552286,0.0
CAUCGGCUUCAGCG,0.00398621866244897,0.0
CAUCCGGCUUACCG,0.00351853666356963,0.0485684504895493
CGUGGGGCCUAGCC,0.000315863071704045,0.0331754494746058
CGGGCGCUCUAGCG,0.00594772135342498,0.0
AAGGCGGCCCACCG,0.10653076997894,0.0309566701764663
CGUCGGGCUUGCCG,0.00427610901350874,0.0
AGUCGGGCUUGGAG,0.0236590137984965,0.0
AAGCGUCUCUAGAG,0.0153463873287545,0.018247497428768
AGUCGUGCCUAGCC,0.000984753634255394,0.0
AGUGGUGCUUGGCC,0.00360518305500899,0.0
CGGCCGCCUCGGAG,0.0143728228106671,0.0
AAGCCGGUCUGCCG,0.063411712912761,0.0
AGGGCUCCUCGCCG,0.0345233658447405,0.0320620815794522
CGUGCGGCCUGGCG,0.00387247510791201,0.0
AAGCCUCCCCACCG,0.0179749225868553,0.0283149080460101
AGGCCUCUUCACAC,0.0204454490042374,0.0454226173810939
CAGGGGGCCCGCCG,0.00718934463447858,0.0
CGUCGUGCUCGCCG,0.0041937843701125,0.0
CGGCCGGUUCGCCC,0.00245186219947216,0.0
CAUGGUCCUUAGAC,0.00143107446317607,0.0190167383043114
AGGGCGCUCUGGAC,0.143106792636199,0.0
CGGGGUGCUUGCCG,0.00386743563482122,0.0
AAGGCGGCCCGGCC,0.0289251235102389,0.0351101210176295
AGGCCGGCCCGCCG,0.0613032597631151,0.0
AAGCCGGUCCACCC,0.0086676290433791,0.0580720663099921
AAUCGGCCCUGCAC,0.00731106954730874,0.0192757891619319
AGUCGUCCUUACAG,0.00809303923301731,0.0302893489808296
AAUCGUGCUUACAG,0.00859539028148079,0.0171844412161289
AAGGCUGCCCACAC,0.0221280079830056,0.0346661397330685
CAUGCGCCCCGCCC,0.00163367735639568,0.0
AGGCCUCCUCGCCC,0.0100829964413383,0.0499815889858863
CAGGGUGUCUGGAG,0.0161013438697394,0.0
AAUGGUCUUCGCAC,0.00961060507939501,0.0196496395870119
CGUCGUGCUCACAG,0.00365971523567299,0.0
AAUCCGGUCCGGCG,0.0109163151510365,0.0
AAGCCUGCUUAGCG,0.0232510484252562,0.0
AGGCGGCCUCGCCC,0.0164975856408077,0.0
AGUCGGCUCCAGAC,0.00457433445394676,0.0116511556746071
AGGCGGGCCCGCCC,0.0371486970548572,0.0959047748704515
AGGCGGCUCCGGAG,0.0205672738220185,0.0
AGUGCGCUUCGCCG,0.565612322195413,0.0155824167089011
CAUCCGCCUUGCAC,0.00343761473802976,0.0305535421571287
CAGCCGGUUUACAG,0.00520794443603585,0.0
CAUCGGGUUCAGAC,0.00236515855367073,0.0571445883376244
AAUCGUGUUUGCAC,0.00905686539691529,0.0728122406032346
CGGCGGGUCCGCCG,0.00513575372826231,0.0
AGGCGUCCUUAGCG,0.0214684584929859,0.0550255568049435
CAUGCGGUCCGGAC,0.00220524833624576,0.0
AGGCCUCUCUGGAG,0.0162974028514105,0.0363380581050927
AGGCCGCCCCGCAC,0.0237350349457431,0.0231336207246137
AAUGGGGCCCGGAC,0.00668414373863469,0.0
AAUCCGGCCUACCG,0.010824023087068,0.0259747454879438
CGGGGGCCUCACCC,0.00248633314138551,0.038395251577346
AAGCGUCCUCAGAC,0.0118100428680791,0.0400471802775792
AAUCGGGUCCACCG,0.0105003324908432,0.0
CGUGCUGUCUACCG,0.00314958299860676,0.0
AAUCGUCUCUGGCC,0.00190215946232292,0.0
AAUGGUCUCUGGCC,0.00382387888846556,0.0
CAGCCGCUUUACCC,0.00137311023209968,0.0351190191561694
CGUGCUGCUUGGCG,0.00372474269713939,0.0
AGUCGGCUCCGCCG,0.0117701517755889,0.0329632818060131
AGUCCGCCCUACAC,0.0106529093279589,0.0228354688134013
AAUCGGGUUCGGAG,0.0115631677709044,0.0
CAGGGGGUCUGCCC,0.00598186336519186,0.0
AAGCCGCCCUGCAC,0.0285038553245527,0.0298686937260394
CAUGGGGUUUAGAC,0.00177234395992279,0.0709792367396594
AAUCCUGCCUGGCG,0.00931222958996532,0.0285747540605089
AGGCGGGUUCACAC,0.0313021449379352,0.0
AGGGGUGUUCAGCG,0.0292292488359048,0.0
CGGCCGCCCUACAG,0.0048396108130733,0.0
CGUCCUGUCUAGCC,0.000394662328529261,0.030925843995525
CGGCCGCUUCGGAC,0.0033632405376961,0.0
AAGCGGGCCCAGCG,0.0128894245205822,0.0
AGGGCUCUCCGCAC,0.0352938675358293,0.0230821843886922
AGGCCGCUCCGGAC,0.0142977409004621,0.0275960970061257
AGUGGUCCUUGGCG,0.0116296227580935,0.0461672183550817
CGGGCGCUUCACCG,0.0503137441333414,0.0308289148058764
AGGCCUCUCCACAG,0.0221748598454017,0.029037720907804
AGUGGUCUUCACAC,0.0131092290080729,0.0386006035356897
AAUGCGGUUUACAC,0.0168418684434995,0.0230149696469705
CAGCCGGUUCGGAC,0.00346758064832926,0.0326237073193059
AGUCCGGCUCACCC,0.00115518494810487,0.0314041598409344
CGGGGUCUUUGGCG,0.00318612451001682,0.0
AGUCCUGUCUGCAC,0.00641550545457958,0.0284563574511626
AGGGCGCCUUAGAC,0.0572184182594309,0.0321134135359397
CAGCCGGUCUAGAC,0.00314313102265274,0.0264033928074591
CGGCGGGUCCACCG,0.00705429757949812,0.0
AGUGCUCUCCGCAG,0.0160321011668292,0.0209739822736521
AGUGCGGCCUGGAC,0.01365324226995,0.0462466272678659
AGUCCUCCCCGGAG,0.0135506259281438,0.0778001531356761
CGGCGUGUCCAGCC,0.00215787227893032,0.0
CGUCCGGUUCGGCC,0.0005205879881963,0.0578373365129059
AAGGCUGCCUGGAC,0.0106306977926482,0.0221718687731053
AAUGGUCUUCGCAG,0.0160553804375245,0.0
AGGGGGGCCUGCAG,0.0643002345741864,0.0
AAUCGGGCCUACAG,0.0166358984596728,0.0
CAGGGUCUUCAGCC,0.0011391500004823,0.0211216624252906
AGUCCGGCCCAGCG,0.00941093239034816,0.0288026202216326
CAGGGUCUCUGGCG,0.0027438462167433,0.0
AAUGGUGUCCACCC,0.0136849805761566,0.0262767325286303
CAGGGUCCUUGGAG,0.0122782234330592,0.0
AAGGGUCCCUGGAG,0.0332191867211543,0.0
AGUCCGCUCUGCCG,0.0101248082099496,0.0
AAGCGGGCCUGCAG,0.0288175097353875,0.0334556373741889
AGGGGGGUUUACCC,1.08071131283743,0.0384919420094694
AGGGCUGUUCGCAC,0.0347709829057016,0.0351400911587704
AGUGGGGCCCAGAG,0.0134708636306923,0.0854268675977275
CAUGCGCCUCAGAG,0.00367810711174748,0.0
AAUGGUGUCCGCCG,0.0158922355077947,0.0115401828926632
AGUGGUCUCCGGCC,0.00695032011916488,0.0
AGUGGGGCCCACAG,0.0113233721527954,0.0
AAGCCUGCCUAGAG,0.0196286766560718,0.0374963254101223
CAUCCGCCCCAGAG,0.00412020920572456,0.0
AGGGGUCUUUGCCG,0.0394589266240545,0.0
AAUCGGCUUCACCC,0.00110666497260573,0.0403876274525382
CAGGGGGCUCGCAG,0.00360242890447041,0.0
CGUCCUGCCUACAG,0.00402403724637718,0.0
AAUGGUCCCUGCAC,0.012020426857068,0.0
AAUCGGCCUUAGCC,0.000832928374346011,0.0410727526934354
AAGCCGGUCUGGCG,0.0193857325218983,0.0
CAGCGGGUUCGCCC,0.00380577218739295,0.0244644617894472
CAUCGGCUCUGGCG,0.00219543994173644,0.0
CGUCGUCCCCGCCC,0.00430538714755488,0.0208128901745926
CGGGCUCCUUGGCG,0.00610968165077443,0.0190091608919846
CAGCGUCCCCGGCG,0.00412020920572456,0.23153507025714
AGUCCGCCUUGCAC,0.0135769659731189,0.0180597966431405
CAUGCGCCCCAGCC,0.000263592972795783,0.0524475027354277
CGUCCGGCUUGCAG,0.00462079537090605,0.0
CGUGGUGCUUGCCG,0.00364901506783585,0.0
CGUCCUGCCCGCCG,0.00493647706723604,0.0
AGUCGUGUUCAGCG,0.0106258026884475,0.044639181583274
AGUCCUCCCUAGAG,0.0110824263522159,0.0
AGUCCGGUUUGGCC,0.00167865872178475,0.0361599959485993
AAGCGUGUUCGGCC,0.0135142861947765,0.0
CAGGGUGCUCACCC,0.0033814130722843,0.0381153316502539
CAGGGGGCCCGGAC,0.0027742741985212,0.0
CAUGCGCUUUACAG,0.00464201201631797,0.0
AGUCCUCCCCAGCG,0.00971866140892283,0.0248247207320879
AGGCGUCUCCGGAG,0.0151877924445059,0.0
AAUGCGCUCUACCC,0.00386969615749732,0.0227273525911358
CGUGGGCUUUGGAG,0.00193275268195807,0.0
AAUCGUCUCUACCG,0.0116562536169303,0.018410938062377
CGGCCGGUCUAGAG,0.00695285303466021,0.0
CAGCCGCUUCGCAG,0.00710160282353147,0.0309551074514756
CGUCCUCUCCAGCC,0.000569866217577377,0.0277214809649266
AAGGCUGUUUGGAC,0.0171964521059978,0.0
CGGCCUCCUCAGCG,0.00494425104686948,0.0
CGUCGUCUUUACAC,0.00401038745299845,0.0381412341417205
AGUGCUCUUUGCCG,0.0156399778013218,0.0
AGUGGGCCCCGGAG,0.013156577122825,0.0
AGUGGUGCUCGCAC,0.0121189393676758,0.0
CAUGCGCCUCACCG,0.0039223093934811,0.046963952052656
AAGCCGGUUUAGAG,0.0235820268825341,0.0
CGGGCUGUCUGCCC,0.00260069942772685,0.040425386590486
AAGCCGGCUCGGAC,0.0135779621552286,0.0190374467422822
AGUCGUGCUCGGAG,0.012216899389067,0.0
CGGCGGCCUUAGAC,0.00162178447459371,0.0423018063094857
CAGCGUCCCCAGCG,0.00302334270095735,0.0260088598889631
CGGGGUGCCUGCCG,0.00397305887694869,0.0
AAUCCGGUCUGGAC,0.00678783047786193,0.0216899381251748
CAGGCUCUUCACAG,0.00731162548880275,0.0325614963841394
AGUCGUGUCCACCC,0.00786440960218635,0.0654951969868803
CGUGGGCCCCGGAC,0.00208739075654257,0.0
AGUCCUCUCUGGCG,0.00984830493075628,0.0383262606686695
CGGCGUGUUCGCAG,0.00737947917443206,0.0583863978346889
AAUGGUGUCUGGCC,0.00467699423352518,0.0
CAGGGGGUUCGCCC,0.00527757134216405,0.0
CAUGGUCCCCACCC,0.00223619653157167,0.0246525877444927
CGGCCGGUUCGCAC,0.00800187998374929,0.0460763706739542
AAUGCUGUCUGGAC,0.00836969623065709,0.0656450805342739
AAUCGGGCUCGGCC,0.00270439487287703,0.0223715954086252
CAGCCGCCUCAGAC,0.00431255312441932,0.0
CGGCGUCUUCAGAG,0.00810750843707092,0.0680148132008525
CGGGGUGCUUAGAG,0.00466438778006554,0.0
CGGGCUCUCCAGCC,0.00215887674135568,0.0
AAGGCUGUCCACAC,0.0241353539252764,0.0258278245738236
CGGCCUCUCUACCG,0.007127661180706,0.0211769127008532
CAGGGUGCUUGCCG,0.00776247414358508,0.0
AGGGGUCCCCGGCC,0.0108611416439427,0.0
CAGGGUCUCCGCAG,0.0049353585090154,0.0353593835618848
CGUCCUCCUCAGAC,0.00218482444908962,0.0624824741795306
AAUGGGGCUCGCCG,0.0429796680288582,0.0
CAUCCGCUUCAGAC,0.00178040742383825,0.035403582305928
AAUCCUGUCUGGAG,0.0114282526891541,0.0
CAUGCUCCCCACCG,0.00319671403892423,0.0292484429020723
CGUGCGGUCUGGCG,0.00424896574340346,0.0
CGGGCUCCCCGGCC,0.0030805302472707,0.0
CAGCGUCCUCGGCC,0.00160814287876494,0.573240907782155
CGGCGGCCUCAGAC,0.00243730685409058,0.0399244473473499
AGGCGGGUCUGGAC,0.00888188810814877,0.0
CAGCGUGUUCGGAG,0.00418080051757345,0.0
AGUCCGGCCCAGCC,0.000813235032780769,0.0303055075826558
CAGGGGCUCUAGAG,0.00684750677655929,0.0
CGGGGUCUCCAGCC,0.00205556692752558,0.0933216726997006
CAGGGGCCCCACAC,0.0047713303496344,0.00764693260312955
CAGGGGGCUUACAG,0.00688412178678891,0.0333302085393107
AAUGGUCUCUGCAC,0.0105649959025167,0.0
AGGGGGGCCCACAG,0.0370818828515211,0.0
AGUGCGGCCUACAC,0.0165347164817423,0.0402316923732496
CGGGGUGUUCGGCG,0.00357807641549765,0.0
AAGGGUGUUCACAC,0.0192600345418539,0.0375689661515164
CAGGGGCCUUAGCC,0.00051197031321703,0.0202785228466258
CGUGGGGUCCGGCG,0.00412020920572456,0.0
CGUCCGGCUUGCAC,0.00434292321684481,0.0198639598768528
AGUGCUCCCCACAG,0.0158159039251444,0.0502169810217668
AAUGGUGCUCGCCG,0.0164677981861713,0.0339504063590531
AAGCCUGCCUAGAC,0.0133704828146552,0.0236244831836408
CAUCGUCUUUGGCG,0.00291672973109328,0.0
CAUGGUGUCUAGAC,0.00146116045314832,0.0
AAUCGGCCUUGGCG,0.0117451606818787,0.0
CAUCGUCCCCACAC,0.00299138476580003,0.0561756466826826
CAUCCGCUUUAGAG,0.00343709358023237,0.0452193588935474
CAUGGGCCUCACAC,0.00257637178044704,0.0
CGUGCUCCCCGCCC,0.00232258897311114,0.0257550125850544
CGUCGGCUCCACCG,0.00411287787261829,0.0
AAUGCUCCUCAGCG,0.0142750175042237,0.0266123309888253
AGGGGUGCUCGCCG,0.0261474814978674,0.0
AAGGCUGUCUAGCC,0.00762944520481867,0.0425712477685348
AAUCGUGUUCAGAC,0.00460220517575291,0.0184359772558546
AAGGGUCUUUACAG,0.0204865957729082,0.0291193420586494
AGGCCUCCUCACCC,0.00256139904048081,0.0311161771351362
AAUCCUGCUCGGAG,0.00812142319973146,0.0938164275304124
AAGGGGCUCUGCCG,0.111245648554563,0.0
CAGGCGCCCUGGAG,0.00690740955077354,0.0
CAGCGGGCCUACAC,0.00367875821939693,0.0452224192887385
CAUCCGGCUCGGCC,0.00104189198305678,0.0131074426607593
CAGCGUGUUUACAC,0.0045570506636809,0.0290520930554784
AGUCCUGUUCAGCG,0.00745500353160789,0.0271895697425623
CAUGCGGUUCGGCC,0.000508397386604514,0.0264068204311154
CAUGCUCCUCGGCG,0.00471304506266335,0.0492205789416403
AAUCGUGUUCACCC,0.00815162079925679,0.0219886314721668
AGGCGUGCUUAGCG,0.0144999670124537,0.0
CAUCCGGCCUGGCG,0.00437772228108235,0.0
CGGGGUCUCUGCAG,0.0042421088863673,0.0277205225908699
CGUGCGCCCUGGAC,0.00227564874642131,0.0736686586989614
AGUGCUGUUUGCCC,0.00567869568936005,0.0286655174857626
AGUCCGCUCUGCAC,0.0105648947914341,0.0
AAGCCUCCUUACCC,0.00280971685835539,0.0360417812565631
AGGGCUGUUCAGAC,0.0138849945619189,0.0181040495737557
CGUGCUCUUUGCCC,0.00164106528985522,0.0299790995388887
CGUCCGGCUUGCCC,0.00167868834046982,0.0
CGGGCUCCCCACAG,0.00381413652187074,0.0191107365503384
AAGCCGGUUCGCCG,0.088103806849077,0.0193060120019996
CAUCGGGUUUGCAG,0.00255117604889341,0.0
CAUGGUGCUUGCAC,0.00284242280648087,0.0706124932980263
AAUGCGCCUCAGAC,0.0138653543995507,0.0295883969731939
CGUGCGGUUUACAC,0.00352187000121677,0.0
CAUGGGCUUCAGAC,0.00171237994059572,0.0
CGGCCUCCCUGGCC,0.00212634590842055,0.0
AAUGCGGUUCGGAC,0.0143533456208769,0.0707674183581679
AAUCCGGUCUGGAG,0.0101960937487285,0.0
AAUGGUCCUCACCG,0.0110995938905731,0.0191803197747733
CGGCGUGCUCGGCG,0.0168770107849871,0.0831714113628129
CGGGCGGCUCGGAG,0.00610401363811047,0.0
AGGCGUGUUCGGCC,0.0122655458662723,0.0
AGGGCUGUUCGGCC,0.0103676273987694,0.0641302509725448
AAGGGGCUUUGGAG,0.072963704769336,0.0
CGGGGGGCUCAGCC,0.000656819961247305,0.036768813735269
CGUCGUCCCCACAC,0.00370297283046132,0.019760666198449
AGUCCGGUCCGCCG,0.00900911415878581,0.0211857839016176
AGGGCGGUCCACAC,0.0873896372534181,0.0341635013197332
CGUGCGCUUUAGAG,0.00441450986327632,0.0347803243568803
AAGGGUCUUUGCAC,0.0226177800082669,0.0905194933590476
AGUCCUGCCUACAG,0.00741060955897428,0.0250575333315042
CGUCGGCCUCAGCG,0.00229193223080586,0.0
CGUCGUCUCCGGCC,0.00119451443359241,0.0
CGUCGGCCCCACAG,0.00398543600740647,0.0
CGUCGGCCCUAGCG,0.00387450865675934,0.0
AAGGCUCUUUGGCC,0.00545213365813441,0.0
CAGCGUCCCCAGAG,0.00657904373172148,0.0683499517427864
AAUGCGGUCCGCAC,0.0254200893045763,0.0305319129827485
AGGCCUCCCUACAC,0.0248492498990222,0.0358659525562192
CGGCGUCUCUACAG,0.00445449032996259,0.0425332432005203
CGGCGGGUCCACCC,0.00550363711421603,0.035789748252998
AGUGCGGCCCACCG,0.0243971938361443,0.0230784517727005
AGGGGUGCUUGCCG,0.0514327810172227,0.0
AAGCGGCCCUGCCG,0.0291049661916008,0.0
CGGCCUCCCUAGAC,0.00232725033689928,0.0308733507394382
CAGGGUGUUUACCC,0.00259650919756982,0.0341879129149022
CGGGCUCUUCACCG,0.00705819929276112,0.0461593585333588
AAUGGUGUUUGCCC,0.00844007612626398,0.0
AAUGCUGCUCGGAC,0.00741400408899574,0.0466573026532771
CGGCGUGUCUGCCC,0.00450744691302951,0.0
AAUCCGGCUCAGCC,0.00105682346273071,0.0370642539494019
CGUCCGCCCUGGCC,0.000530854377569714,0.0181052867038726
AGGGGUCUUCAGCC,0.00976166265541384,0.0300066097800192
CGUCGUCCCCACCC,0.00243836356636203,0.0395887199418363
CGUGCUGUCCGGAG,0.00810532958503194,0.0
AAUCGUCCCCGCCC,0.00795743700995706,0.0147768226468645
AAUCGUGUCCGCAC,0.00735676948281023,0.0268981816494039
AAUCCGCCCCAGCG,0.00903704159421063,0.0232559861730042
CAUGGGGCUCACAG,0.00499504814666608,0.0338492067885258
AAUGGGCCUUAGCG,0.0141972935429359,0.0397280404965851
AGUGGUGUUCGGAC,0.00542257418454555,0.0150338008962408
AGUGGUCUCCAGAC,0.00580605585291138,0.0316988183742358
AGUCGUCCCCGGCC,0.00502986578361181,0.0
AGUCCGGCCCGCAG,0.011767038155332,0.0235890098759317
CAGGGGGCUUACCG,0.00632013991285352,0.0305124644661762
AGUGCUCUCUGCAC,0.00943377168749741,0.0516507000112501
CAGGGUCUUUGGCC,0.00176293116231924,0.0
CAGCGUCUUCAGAC,0.00222527333924337,0.0203213788701737
CGUGGUGCUUACAC,0.00317402337559992,0.0269264100759896
CAGCCGCUCCACAG,0.00443260211681434,0.0335410984796822
AAUGGUCUUCGCCG,0.0128003337379427,0.0132476672218581
CAUCCGCCCUAGAC,0.00212124319107626,0.0430447610415702
AGUCCGGUUCGGAG,0.00744077254586443,0.0579722777059638
AGUCCGCUUCACAG,0.0101336062234611,0.0211717665637739
CAUCCGGUCUGGAC,0.00264681533558323,0.0
AAGCGUCUUCGGCG,0.0145446482863735,0.0
CGUCCUCUCUAGAC,0.00270995435324161,0.0475536772429829
AGGCCGGUCUAGAC,0.0143941502251603,0.0213079518074677
CAUCCGGCCCACCC,0.000569908658863147,0.0387775130641709
AGUCGGGUCUACAC,0.00610107901616907,0.0
CGUGCUGUUCGGAG,0.00871865697997073,0.0
AAUCGUCCUUACAC,0.00805967669586582,0.0338481218166137
CGGGGUGUCUAGAG,0.00553541149812561,0.0
AAGCGUGCUUACCC,0.0141998457308888,0.0264967581494764
CAUGGUCUUUGCAC,0.00326338450652325,0.0
CAGGCUCUCUGCCC,0.00173933894030171,0.0452401535778312
AGUCGUCCCCACCG,0.00998219781328605,0.0300964150809652
CAUGGUCCCUACAG,0.00382445161422453,0.0176273865008293
CGUCCGCCCCGCAC,0.00484695164580135,0.0
AAUCGUGUCCAGCG,0.00992940122923696,0.054276167713565
AAGGGUCUCCACAC,0.0197039037015699,0.0266308517986824
AGGCCGCCUCGGAG,0.0287059312425152,0.0
AGUCCGGCUCAGCG,0.0107752427706231,0.0
AGGGCGGUCCAGAC,0.0421520598633913,0.0267276933693828
CGGCCGGUCCGCCC,0.00247563706537143,0.0
CAGGCUCCUCAGCG,0.0045239184650751,0.0370786794685737
CGGCCUCCUCGGCG,0.00771121722906249,0.0255995877754675
CAGGGUGUCCACCC,0.00425012571221137,0.0
CAGGCUCCUUACAC,0.00579350696382133,0.0535458729830597
AAGCGUGUCCGGAC,0.00845877051221334,0.0
CAGCCUCCCCAGAC,0.00193099722993086,0.0249500292868842
AAGGGGCUUUAGCG,0.0742182178070826,0.0391576216568166
CGUCGUCCUCGCAG,0.00485596084960395,0.034336856835352
CGUGCGGCCCACAC,0.00363292451043395,0.022145859669454
AGGGGGCUUCGGCG,0.0682211562717087,0.0
CAGGCUCUCCAGAG,0.0059690210288061,0.0
CGUGCGGCCUACAC,0.00486203586317727,0.0440181450113476
CAUCGGCCUUACAG,0.00293830644216598,0.0312118545178656
AGUCCGGUCCGCAG,0.00753584732050738,0.0
CAUGGUGUCUGCAC,0.00249589596116007,0.0
CGUGGGCUCUACAC,0.00443576133307765,0.0162502403610028
AGGCCUGUCCGGAC,0.00832771097936703,0.0545455612593747
CAGGGUGCUUAGAC,0.00258003576453705,0.0
AAGCGUGUCUGGCG,0.0162075576408859,0.0
AGGCGGCUUUGGAC,0.00733013963344022,0.0
CAGGCGGUCUACAG,0.00802663397152946,0.0238490988748605
AGUCCGGUCCAGAC,0.00441567157639823,0.0484556709340662
CGUCCGGCUUAGCC,0.000410539144467161,0.048460008693399
CGUCCGGUCCACCC,0.000735401452711429,0.029295709329244
CAGGGUGCCCAGCC,0.00110883817151227,0.0
CAGCGGGCUCAGAG,0.00436462839589466,0.0316986930925442
CAUGCUCCUUACAC,0.00358600469462351,0.0296497178571619
CGUCCUGCCUAGAC,0.0019950797803903,0.0275302559863262
AGUCGGGCUUAGAC,0.00464867082124141,0.0
AGGGGGCUUCACAG,0.0674124446404011,0.0273440604923804
AGUCGUGCUUACCC,0.00126522150907892,0.0377691533895694
CGGCGGGUUUAGCC,0.00145167992740554,0.0
CAGCCGCCUCACAC,0.00517278750181921,0.0237856200552407
AAGGGUGCUUACCC,0.0194218137387085,0.0213647430278398
CAUGGUGCUUGGAG,0.00505351626337488,0.0
AAUGCGGCCCGGAC,0.0111147936083281,0.0
AGGGCUCCCCGGCC,0.0135057111400844,0.0261103279396611
CGUGCGGUUCGGCG,0.00328032040609609,0.0
AAGCGGCUUCACCG,0.0148707209387499,0.0338712172928994
CGGGCGCCCUAGAG,0.00595615734920805,0.0
CGUGCUGUCUGCAC,0.00271998185846661,0.0197457859096835
CAGGGGGCUCAGAG,0.00494425104686948,0.0
AGGCGGGCCUGCCG,0.031530075531943,0.0
AGGGGGGUCCGCCG,0.0396570136050989,0.0
AAGCGUGCCCAGCG,0.0167055755068468,0.162247730829696
AAUGCUCCUUGCCG,0.0236532689954697,0.0328452693333314
AAUCCGCUUCGCAC,0.0129566984921135,0.0266978110281271
AGGCCUCUCUGCCC,0.0168573386985937,0.0
AGUCGGGUUCAGCG,0.0126645774766124,0.0340994387840487
AAUCGGCUCCGGAC,0.0068191443224552,0.0
CAUGCGGCCCGGCC,0.000566594041598372,0.0
CGGCGGCUCCGGAG,0.00706321578124211,0.0
AAUCCUCUUCGCCG,0.0126770894688182,0.0120012655986363
CAUGGUGUCCGGCC,0.000817396342426003,0.0
CAUGGUCCUUAGCC,0.000314111273307441,0.0216105606725558
CAUGCUCCCUACCG,0.00341996483375397,0.068453394940376
CAGCGUGUUUGGCG,0.00495333974364681,0.127031927073621
AGUGGGGUCUGGCG,0.0183844777850368,0.0
AAUGCUCCCCACCG,0.0169007307546918,0.0203537057534009
CAGGGUGUUCGCCC,0.00297846448606595,0.0
CGUCGGCCUUGCCG,0.00448609650970783,0.0
AGGGGUGCCUACCC,0.0213373571794557,0.0
AGGCCGGCCUGGAC,0.0140372021078009,0.0442453595087752
AAUCCUGUCUAGCG,0.00821714039333769,0.0220776831704637
CAUCCGGCUCAGCG,0.00452793824170772,0.0356851465876668
CAGCGUCUUCACAG,0.00566723115277964,0.0223587775986248
CGGCGGCCUUAGCG,0.00389682436926962,0.0
CAGCCUGUCCACAG,0.00578827897744515,0.0276742222390507
AGUGGUCCCUGGCC,0.00236291105976524,0.0
CGUGCUCCCCACAG,0.00361463307612304,0.0201111130684672
CGGCGUGCCUACCG,0.00431184684320013,0.0
CGUGGUCUCCGCCG,0.00463523535644013,0.0
AGGGGUGUCCACCG,0.03819116994537,0.134968550682044
CAGCGUGUUUGCCG,0.00495108012290107,0.0
AGGCCUCUUCGGAC,0.0107461782957469,0.0
CAGCGUCCUCAGAC,0.00279776728997252,0.0
CGGGCUGCCCGGCC,0.00304224749492453,0.0
AAUCCGGUCCACAC,0.00682128521886605,0.0159592734446518
CAUGCGGCUCAGCC,0.000324515722544486,0.0785950177839607
CGGGGGGUCCGGCC,0.00199713197308046,0.0
AAUCCGCCCUAGAG,0.0111669568996307,0.0
CGUGCGGUCCGCAC,0.00310181787374359,0.0
CGGCCGGCUCAGCC,0.000945559532004993,0.0122966574898686
CGGGGGCUCCGGAG,0.00499179192232015,0.0
AGGCGUGCUUACAG,0.0176070273391296,0.035424728327311
AAGGGGCUCCACAG,0.0412981138819553,0.0271658447223756
AGGGCGGUCCGGCC,0.0238621084717187,0.0418527930294306
CGUCGUGUCCGCAC,0.00316338337121981,0.038574137369565
AGGCGUCUCUAGCC,0.00782439728776432,0.0280000944941175
CGGGCUCUCCGCCG,0.00803987725541829,0.0354743621125472
AAGGCUGCCUGGAG,0.0540546849527148,0.0705468108518296
CGGGGGCCUCAGCG,0.00458664798373112,0.0
AGGCGGCCUUACCG,0.0211048270668773,0.0369218033632883
CGGGGGCCUCGGAC,0.00179860525698812,0.0
CGUGGUGCCUGCAG,0.00249939161376674,0.0
AGUGGUCCUUGCAG,0.0113861383029566,0.0541437088751906
AGGGGGGUCCGGCG,0.0387178482714411,0.0
CAGGGGCCCCGCAG,0.00754847488071676,0.0
CAUGCGGCCCGGAC,0.00176724659559264,0.0387691506353387
CAUCCUCUCUGGCC,0.000502956261528057,0.0
AGUGGGCUUCAGAC,0.00653873326143593,0.0145097249136411
CGGCGUGCUCGCAG,0.00748143250513145,0.0
CGUGGUCUUUAGAG,0.00382794523092403,0.0
AAGGGUGCCUACCG,0.0227424705500191,0.0
AGGGGUGUUUAGCC,0.00523428390032381,0.0270855416147837
CGGCGGCUCUGGCC,0.00152458669548694,0.125608959710028
AGGCCGCUUUGCAG,0.0233166384596685,0.0389693586216168
AAGCGUCCUCAGCC,0.00967172211529274,0.032881248803773
CAUCCGGCCCGGCC,0.00119853294231165,0.018489160145789
CGUGGUGCCUGGCC,0.00108081799514237,0.0
CAGCCUCUCUACAC,0.00493139452483081,0.040730450033169
CAGCGUGCUUACCG,0.00400974783291693,0.0275395510526041
CAGGCUGCCUACAG,0.00531538439517139,0.0151438574930913
AAUCCGCUUUACAC,0.0100535605505388,0.0417594534298237
AGUCGUGUCUGCAC,0.00575066632456744,0.0
AGGGCUGCCUAGAG,0.0264870591796579,0.0106906531094682
CAUGCGCUUCGGCG,0.00326507144604588,0.0
AGGGGGCUUCGCAG,0.0503894940361395,0.0
CAUCGGGUCCAGCC,0.00043555317755906,0.0
AAGGGGCCUUGGCC,0.0206451124372402,0.0330290363373398
CGGCCUGUCUAGAG,0.00747618605877441,0.0
AGGGCGCUUUACCG,16.1628016199531,0.200207992775025
AAGCCGGCCCGCCG,0.360312295040613,0.0431311349923805
CGUCCUCCUCGCCC,0.00169010386642763,0.023532154168404
AAGCGUGCCUAGCG,0.0216505332791375,0.0219482988167775
CAGGCGGCCUACAC,0.00484628317199474,0.0
CAGCGGCUUUAGAC,0.00172839284477428,0.0
CAGCGUCUUUACCC,0.00181488613476487,0.0376414388077862
CAUGGUGCCCGCAG,0.00522949629957349,0.0
AAUGCGCCCCGGCC,0.00548242444031384,0.0174569039951872
CAUCGGGUCUACAC,0.00337747699596397,0.039267196788008
CGUGCUCCCUACAG,0.00404309299064416,0.0121528956724884
CGGGCGCCCCACAG,0.0057702455937991,0.0123096366822409
CAGGCUCCUCACAG,0.0071561528309953,0.0316245259507278
AGGCCGGUCCGGCG,0.0310139383849085,0.0
CGGCCGCUUUAGCG,0.00491505271391552,0.0177656519432949
AGUGGGCCUCGGCC,0.00311533862528301,0.0
CGGGCUCUUCGCCG,0.00599582682922605,0.0193181153084686
AGGCGGGCCUAGAG,0.0441634924238602,0.0247076904883275
AGGCGGCUUUGGAG,0.0148222780324582,0.0
AGGGGGCCCUACCG,0.0623623093352168,0.0
AAGCCUGUUUAGAC,0.0104859025286473,0.0226457277492471
CGGCCUGCCCGGCC,0.00260800476319799,0.0
AAGCGGGUUUAGCG,0.0176777691061255,0.0
AGGCCGCUUUAGAC,0.00893047789944946,0.0299525939088475
AAUGGGCUUUAGAG,0.0162269169532431,0.0
AAGGCGCUUCGGCC,0.0264098655645623,0.0200945588419457
AGUCGUCCCCGCAG,0.00854267314082661,0.042522251918864
AAUGCGGUUUGGAG,0.0449290862765318,0.0
AGUGCUGUCCGCCG,0.0131979604557564,0.032249278368071
CGGGGUCCUUGCCC,0.00329881701680198,0.0
AGGCGGCCUUACAC,0.0226035253279085,0.0207647076421598
AGGCCUGUCCAGCC,0.00965571573808397,0.0175715565898465
CAGCGGGUCUGCCC,0.00421647577595177,0.0
CAUCCUGUCCGGAG,0.00571210821702724,0.0882765791894294
CAUGCUGCUUAGAG,0.00429934873640824,0.0
AGGCGUCCCUGGAC,0.0086444903753546,0.0251102847544334
CAGCCUCUCCGGCC,0.00165544119872862,0.0818786666665772
CAGGCUGCCCGGAG,0.00416404121855142,0.0
AGUGGGGUUCACCC,0.0708851845972675,0.0
CAUGCGCCCUGCAG,0.00558369935676782,0.0
CGGGGGCCUUAGAG,0.00478974320165481,0.0
AGGGGUGUUUAGCG,0.029843677490113,0.0262530523408923
CGGCCUGCUCGCAG,0.00494425104686948,0.0
CAGGGUCCCUAGCC,0.00104828331561576,0.0
AGUGGGCUCUAGAG,0.0157006269945802,0.0
CGGCGGCUCUGCCG,0.00397857701427778,0.0
CGUGGGCUCUGCAG,0.00356205278622986,0.0
CAGCCUGUUUGGAG,0.00773795387416565,0.0611512217564552
AAGGCUGCUUACAC,0.0232829276570762,0.0155910827253067
AGGGGGGUCUACAG,0.0476247711132281,0.0382929130125366
AAUCCUCCCUGCCG,0.0140290221899142,0.0185126334475011
CGUGCGCUUCACCG,0.0202173010535798,0.0
AGGGCGGUUUACAG,1.04150759159952,0.0
CAGGGGCCUCAGAC,0.00166952715027501,0.0287150736619257
CGGCCUGCUCGCCG,0.00451638316781346,0.0
AGUGCUGUCUGCAG,0.0116189899601432,0.0395653495027404
CAUCCGCUUUGGAC,0.00195440893760349,0.0155187105642237
CGUCGGGUUUGGAG,0.00247975554048237,0.0
CAGGGUCCCUGGCC,0.00129285156895169,0.0934950329028853
CAGGGUGUUUGGCC,0.00144723106857924,0.0577064450934265
AAGCCGGUUCACAG,0.0253623666252796,0.0167436623570567
CGUCGUCCUCACCG,0.00403227791169995,0.0
AAGCGGGCCCAGAG,0.0449477367897225,0.0
CAGCGUGUCUGCAC,0.0065309699112017,0.0382617128683998
AGGGCUGCUUAGAG,0.032193499048119,0.0150386893105719
AGUGGUCUCCAGAG,0.0194422371895128,0.0
AGUCGUCCUUAGAG,0.0114471850102442,0.0
AGGGCGGCUCAGAC,0.0834817772913731,0.0197350430911093
CGGCCUGUUCAGCG,0.00634734931692703,0.0410208584894159
AAGCCGCUUCGCAG,0.0253098565494509,0.0224994952063977
AGGCCUCUUUGGCC,0.00442558389029936,0.0
CAUGCUCUCUGGCC,0.000518639862129516,0.0
AAUCCUGCCCACCC,0.00698595179822032,0.0199311365258924
AAGCCUCUCCGGAG,0.0290149469329445,0.0
CGUCGUGCCUGGCC,0.00106884088181976,0.0
CAUCCUGUCUGCAC,0.00332613252243946,0.025164824951731
AGGCGUGCUCACCC,0.0160456034560963,0.0217193082803711
AGUCGGGCUUAGCG,0.00882189954935381,0.0474128217860655
AAUCGGGUUUACCC,0.00289460532329237,0.06385184885416
CAUCCUCUCCACCG,0.00363039412532374,0.0501715551201502
CGUCGGGCUCGCAC,0.00395070692827387,0.0
AGUGGGCCUCGCCC,0.311413404147724,0.0
CAGGCGCCCCGGCC,0.000894114973964525,0.0
AGUGGGGCUCAGCG,0.0149975615088374,0.0
AGUCCUGUCCGGAC,0.00574787202606182,0.0
AGGCCGGCCUGGCG,0.0485020279326055,0.0
CAGGCGGUCUAGCC,0.000612745714947001,0.0310195705718492
CGGCCUCCCUGGAC,0.00244397502575587,0.0197717182747594
CAGGCUGUCCGGCC,0.000799178509731058,0.0
CGGGGUCCUCGGCC,0.00189877110986704,0.0
CAUCGUCUCUAGAC,0.00170132234056604,0.08939643255494
CGGCGGCUUCGGAC,0.00212682863858252,0.0
AAGCCGCUCCGCCC,0.0117128627678201,0.048028745230104
CGGCGGCCCUACAC,0.00381500852381904,0.0277304208788982
CAGCCGGUUUGCCG,0.00989490656400693,0.0281526660194214
CGUGGGCCCCACCG,0.00288414644400719,0.0414360112595627
CGGCGGGUUUGCAC,0.00643002345741864,0.0
AAUCGGGCCUGGCC,0.00306497518330384,0.040697700900705
CAUCCGGUUUGGCG,0.00279502955950135,0.0
CAGGCGGUUUAGAG,0.00890191988943244,0.0
CAUGCGCUUUAGCG,0.00432849184020513,0.0
AGUCCUGUUUACAC,0.00812763896238733,0.0260628995708933
AAGCGUCUCCAGCC,0.00894119169848835,0.0261960615539916
CGGCCUGCCUGGCG,0.00520912163866606,0.0
CGUCCUGCUUACCC,0.000430296344062673,0.0371488614365949
AAUCCUCUCUGCCG,0.0131533903831966,0.0
CAUGGUCCUUGCCC,0.00196558468364858,0.0
AGUCCUCUUUGCCG,0.00892711994573656,0.0173422159071077
AGGGGGGUUCGCCG,0.123606276171737,0.0
AGGGCGGCCUGCCG,6.84906300276362,0.0
AAGGGUGCCUGGCG,0.0270560404509246,0.0
AAGCCUCUUCGCAG,0.03267460988966,0.0
CGGCGUCUCUGCCC,0.00371990451986033,0.0
AAGCGUCCCUACCG,0.0149484437439218,0.0361285533731863
CAGCGGGCCCGCCG,0.00389628479236997,0.0
CAUCGUGCUCACAC,0.00320271228822464,0.0
CGGGCUGCUUGGAC,0.00280081637018355,0.0
AAUGGUCCUCGGAC,0.00602441400080268,0.0194103407936653
CAGCCGGUCUGGAC,0.0026649059541613,0.0330164409443138
CGUCCUCCUUAGAG,0.00419428038245669,0.0266280346484499
CGUGGGCUUCACCG,0.00427168748534679,0.0
AGUCCGCUCCGGAG,0.0122242971655137,0.0
AGUGGGCCUUGCCC,0.251350399431072,0.0632972774442686
CAUGCGGUUUACCG,0.0183698995306889,0.029750393862107
CAUGGGGUUUACCC,0.00348011934345856,0.0377428363248046
AAUCCUCCUUGGAG,0.0132927405194523,0.015775464536003
CGUCGUCCUUAGCG,0.00281909050917996,0.0
AAUCGGGUUCAGCC,0.00088859332505747,0.0510685762208102
CGGCCUCUCCACAG,0.00448119430229862,0.0377924929485946
AGUGCGGUUUAGCC,0.00268156612850536,0.0228759640014983
AAGCGUCCCUACAC,0.0197006677698896,0.0351043554833687
AGUCGGCCUUACCG,0.0113176023648429,0.0
CAGGGGCCCUGGCC,0.00182523003962386,0.0
CGGGCGCCUUGGAC,0.0027795883711986,0.0
CAGCGUCCCUGCAG,0.00410580287983042,0.0
AAGCGGCCCCAGCC,0.00367420717830077,0.0542098954230437
CGGGGGGCCCAGAG,0.00542661700266162,0.0
AAGCGGGUUCGGAG,0.0252278383334119,0.0
CGUCCUCUCCAGAG,0.00648593372219829,0.0
CAUCGGGCUUACAC,0.00245970278211094,0.0
CGGGCUGUCUGGCG,0.00751659787530833,0.0
CGUCCUCCUUGGAC,0.00187511561811546,0.0
CAUCCUCCCCACCG,0.00378629115196392,0.0450706083032959
AAGGCGGUCUACCC,0.0330341699954573,0.03597265219315
CGGCGUGUUUGGCG,0.00474908324238779,0.0
AAUGCUCUCCAGCG,0.0120134189762418,0.0220126454031585
CAUGGUGUCUGGAC,0.00142373721244932,0.0435665057293412
CGGGCGCCUCAGAG,0.00799805316405357,0.0359610718476091
AGGGCUGCUCACCG,0.029127023493934,0.016440111344445
CGUCCGCCUUGGCG,0.00490501095919591,0.0274307287102645
AAGGGUGCCCACAG,0.0160733436047496,0.0
CGUGCUCCCCGGCC,0.00116691239742548,0.0
AAGGCUCUUCAGAG,0.0316221437470744,0.011524523029158
CGGGGGGUUUACCG,0.00904436167110271,0.0
AGUCGUGUUUGGAG,0.0108670517800985,0.0744460156848404
AAUGGUCUUCGGCG,0.00895562453772585,0.0
CAUGGUCCCCGCAC,0.003126857105057,0.0358327488243483
AAGCGUCCCCACAC,0.0160688159023258,0.0328246699151738
CAGGCUCCCCGGCG,0.0060784405040497,0.043057898775442
CGGGCGCCCCAGAC,0.00174250514325434,0.0567781763147708
CAGGGUGUCUGCAG,0.00401872622036189,0.0
CAUGCGCCUCGCCG,0.0276838368536011,0.035964537488284
AGUGCGCCUUGCAG,0.0489184487714754,0.0
AAUCCUGUCCGGCG,0.0147589583488641,0.0
CAGCCGGUCUGCAG,0.00498412403918294,0.0257925616485771
AAGGGUGCCCACAC,0.0190409668148048,0.0499936079544893
CAUCCUCUUUAGAC,0.00208512171261193,0.0304900845347917
CAGCCUCCUUGGAC,0.00233963032916652,0.0
CAGGGUGCCCGGAG,0.00507668634276777,0.0
AGUCCGCUCCAGCG,0.00774132090457012,0.0410517394348168
CGUGCUCUCCAGCG,0.00341543657842957,0.0
CGUCCUGCUCACAC,0.00387971241287941,0.0372297347629429
AAGGCUCCUCACCC,0.0160479162904127,0.0236441379731183
CGUCGGGCUUGGCG,0.00313494178696434,0.0
AGGGGUGUUUGCAC,0.0306440559675764,0.0
CGUGCGCCUCAGCG,0.00364480045121788,0.0
CAUCGUCUUCACCC,0.00165186102500311,0.0492232694936068
AAUGGUCCUCGGAG,0.0321986719410327,0.0
CGGGGUCUCCGCCC,0.0033520346080471,0.0
AAGGGUCCUCACAC,0.0287251130173189,0.0383532461780385
CAGGGGCCCCAGAC,0.00161139083206717,0.0429072505674474
CGGCCGGUUCGGCC,0.00334910860018393,0.0
CGGGGUCCCCAGCG,0.00417171182079612,0.0
AGUGGUCCCCGGAC,0.00508525820657995,0.0276742224886309
AGGGCGGCUCACCG,0.411064443435413,0.0447373655783405
CAGGGUGUUUAGAC,0.00227113970852134,0.0200595743643001
CAUGGGGUCCGCAC,0.00644518440038343,0.0192762867182021
AAGGCUGCCUGCCC,0.0171323228938889,0.0275649435331028
CGUGGGGCUCAGAG,0.00716653409719113,0.0
AAGGGGGCCCGCCG,0.0734956236696814,0.0
AGGGGGCUUCAGAC,0.0239304093915424,0.0454211063964919
AGUCGGCCCCGGCC,0.00129661915061995,0.013180901113564
AGUGCGGUUUGCAG,0.044354676373747,0.0461745973897561
CAGGGGGCCCACCC,0.00251906461565185,0.0652795462637337
CAUCGUGUCCGGCC,0.000618538379530431,0.0
CGGGGGGCCUGGAG,0.0101676130399332,0.0
CGUCGUCUUUACCC,0.00114093469725008,0.0644200251160511
CGGGGUCUCUACCG,0.00867160309576915,0.0
CAUGGUCCUUGGAC,0.00180366004648938,0.0
CAGGGUCUCCACCC,0.0022344211461814,0.0321031271786756
CGGGCGCUCCAGCC,0.000584752768043217,0.0863158931220797
AGUGGUGUCUACAC,0.00987396017889523,0.0249904813825931
AGUCGUGUUUGCCC,0.00588227837111692,0.0
AGUCCUGCUUAGCG,0.0107100987068686,0.0
CAGGCUGUCCACAG,0.00646251991856798,0.0275561346207246
CAGGGUCUUCAGAG,0.0142622626352004,0.0
CGGGCGGCCUGGCC,0.00192545724319808,0.0
AGUGCUGUUCAGCC,0.00228011577404175,0.0230932814504152
CAUGGUGCUCAGAC,0.00156251726086168,0.0
CGGCGGGUUCGCCC,0.00585157371238542,0.0
CAGCCUGCUCGCAC,0.00479198244578835,0.0
AGGGGUCCUCGGCG,0.0190371710016324,0.0
AGUCGGCCCUGGAC,0.00516898973081809,0.0
CGUCGUCCUUGGAC,0.00193970887931838,0.22076357673018
AAUCCUGUUUAGAG,0.012375519939604,0.0
AGGGCGCUCUAGCC,0.0222200638786445,0.063401929874592
CAGCCUGUUUAGAG,0.00540777458251349,0.0220310452400337
CGGGGGCUUCACCG,0.00699598974271506,0.0494364993636463
CGUGGGCUCCGGAC,0.0019516780448169,0.0
CGUGGGGUUUACAC,0.00246598613885667,0.0
AGUGCUGCUUACAG,0.0113093966702925,0.0
AAUGGUGUUCAGCC,0.00337713664996578,0.0216376580799417
CAUGGGGCCUGGAG,0.00321376318046516,0.0
CGUCGUGCUUGGCG,0.00391710030121701,0.0
CAGCCUCCUCGGAC,0.00257605208837341,0.0569471098973794
AAGGCUGUUUAGCG,0.0323867607333698,0.0286641123292496
CAUCGUCCUCGGAC,0.00104342960404713,1.0042789351993
AGGCGGGCUCGCCC,0.0194539423293018,0.0317045156310386
AGUGCGGUUCAGAG,0.0255574153378621,0.0
CGUCCGCUCUGGAG,0.00555813456611166,0.0
CAGGCGCUUUAGAG,0.00678034427543994,0.025475369337376
CGGGGGGUUCACCC,0.00443973563392361,0.0215185785756706
CGGCCUCCCCAGCC,0.00162940743334621,0.04724146220692
AGGGGUGCCUGCAG,0.0197510728008684,0.0
CGGGCUGCCCGCAC,0.00528261459616641,0.0545158348545082
AGGCCGCUCUACCG,0.465806562013603,0.030164761476673
AGGCGGCCCUACAC,0.0216856947417906,0.0276206162374733
AAUCCUCCCCGGAC,0.00655460164632992,0.02141609970222
AGGCGGGCCCGCAG,0.0170132234056604,0.0
CGUGCGCUCCGCCC,0.00165795244685443,0.0
AGGCGUGCUCACAG,0.0166599763535819,0.0
AGGCCUGUCCAGAG,0.015597934850243,0.0224595704466702
AGGCCGGUUCGCCG,0.067198650140984,0.0
AAUGGUGUCUACCG,0.0130092902909612,0.0
CGUCGUGCCUAGCG,0.00320355715766199,0.0
CAGGGUCUUUACCG,0.0051325456199075,0.0349653625731309
CAUGGUGUUCGGCG,0.00202412024298696,0.0
CAGCCGCCUCACAG,0.00404505517514804,0.0279407592359976
AGGCGGCCCCGCCG,0.0169746975153652,0.0418097217523329
CAGGCUCCUUACCG,0.00550745706329715,0.0714572510926968
AGGGCGGCUUACCG,1.00736496302928,0.0140746578064201
CGUGGGCCUCAGCC,0.000378386559709399,0.0412518273998606
CAGGCGGCUCAGAC,0.00220564183424597,0.0
AGUCGGCCCUACCG,0.00968618688834576,0.0280087961064226
CGGGGUGCUCGCAG,0.00410289740233917,0.0
CGUGGGCUCUAGCG,0.00325412441350083,0.0
CAGCCUGUCCGCAC,0.003483063452262,0.0277808721022246
AGUGCGGUCCGCAC,0.0145618352750265,0.0283627128382363
CAGGCGGCUCAGCG,0.00611456578934656,0.0499762585227588
AGGGGUGCCCGCCG,0.0398805155195604,0.0
AGUCCGGUUUAGCG,0.00993619583374092,0.0480542781845934
AAGCCGCUCUACCC,0.00289626470637697,0.0221779290137044
AGGGGUCUUUGCCC,0.0279703344937187,0.0
CAUGCGGUUUGGCC,0.000633015813150657,0.0
CGUGCUGCCUGGCC,0.00139117024928086,0.0
CAUGCUGCUUAGAC,0.00148447086106304,0.050789094564098
AGGCGGCUCCGGCG,0.0198133589745872,0.0352027583224967
CGUCGGCCUCGGCC,0.000630133278255648,0.0
CGGCCGCUCUAGAC,0.00205401862176077,0.0274551416921733
CAGGCGCUCCGGAC,0.00255952390052586,0.0344569929955749
CGGCCUGCUUGGAC,0.003724381247096,0.0
AAUGCGCUUCGGCC,0.00407297879590488,0.0268227151925583
CGUGCUCCUUAGCG,0.00367907331646069,0.021728256855009
AAUCGUCCCCGGAG,0.00928384801549626,0.0335231402014683
AGGGGGGCCCGGCG,0.0384463677183519,0.0
AGGGGGGCUUGGCC,0.0345277735734826,0.0
CAUGCUGUUCGCCC,0.00127109288047049,0.0
CAUGGUCCUUAGCG,0.002875052603655,0.10050419830983
AAUGCUGUUUGGAC,0.00563499200194683,0.0604210996441999
AAUGCGGUCUGCAC,0.0240917788279172,0.0
CAUCCUCUCCAGCC,0.000390892973656369,0.030126640750052
AAUCCGGUUUGCCG,0.0176646282737967,0.0
AGUGGGGUCCGGAC,0.00389589982203182,0.0
CAUCGGGUUCGGCC,0.000366867942975475,0.0760256787229941
AGUCCGGCUCGGAG,0.00994644253569446,0.0
CAGCCUCCCUGGAC,0.00225085502905323,0.0
AGGGGGCUCCAGAG,0.0604569311176614,0.0
AGUCCGGUCCGGCC,0.00176946743897299,0.0394509195297376
AGUGGUGCCUGGAC,0.00634295364565492,0.0
CGGGGGCCCCGGAG,0.00402762023480941,0.0
CAGCCGCCCCACCC,0.000760586107840848,0.025915749042581
AGGCGGGUCCGCCC,0.0321189035809892,0.0994440134212801
CAGGGGCUUCACAC,0.0086592308856574,0.00920536437869739
CAGCCGGCUUGGCC,0.00476348297499777,0.0
CAUGCGGCCCAGAG,0.00447463580406646,0.0
AGGGGUCUCCGCCC,0.0248917466497566,0.0
CGUCGUGCCUACAG,0.00238199594705951,0.0223644903717829
AGUCCGCCCCGGAG,0.0121274082281704,0.0
AAGCCGCUUCACCG,0.342141138081224,0.0384120760131876
CAUGCUCCCUAGAC,0.00180045626153967,0.0546428803991665
AAUCGUGCUCGGCC,0.00210584561026998,0.0707612465432085
CGUGCUCUUUGGCC,0.000516774966167916,0.0119776896589197
AGUGCGCUUCACCC,0.0036941774981805,0.0348693521552101
AGGCCGCUCUAGCG,0.0196997502648705,0.0
CGGGCGCUUCAGCG,0.0102807143162069,0.0
AGUCGGCUUUAGCC,0.000758790999688085,0.0215627062826906
AGGCGUGCCUGGAG,0.0268225619292669,0.0
AAUCGUGCCCGGCG,0.0119946879837705,0.0530135054565445
CAGCGUCCUUGGCC,0.00274813953818716,0.279457810092952
AAUGGGGUCCAGAC,0.00610738975184836,0.0327767947760425
AAGGGGCUCUACCC,1.12284467258559,0.0502860461713191
CAUGGGCUUUGCCG,0.00548865414047785,0.0
CAGCGGCUUCAGAG,0.00803943259653574,0.0245815595053405
CGUCCUGUUCGCCG,0.00463523535644014,0.0409422236051475
CGGGCUCUCUAGCC,0.00108992324101234,0.0
CGGCCGGUUCAGCC,0.00105926463550378,0.0
CGGGGUGCUUACCG,0.00488614553242977,0.0
CAGCGGCUCCGGCC,0.00169400167645001,0.0
AGUGGGGUUUGGCG,0.0314783983317357,0.0
CGUGGUCUUCACAC,0.00309015690429342,0.0257023881036289
AAUCGGGCUUACCG,0.0141896924514906,0.0236919765010084
AAGCCUGCUCGGAG,0.021665056098233,0.0
AGUGGUCUCCAGCG,0.00821939693590972,0.0201625446511682
AAUCCGCCUCGGAC,0.00629268315056115,0.0343426794719826
AAUGGUCCCCAGCG,0.00843978337301645,0.0536858547408635
AGGGCUCCCCAGAC,0.0141208435753155,0.0145948821996393
AGGCGGCUCCACCG,0.0220019171585691,0.0280972124536886
AAUGCGCCUCAGCG,0.0380295309688377,0.0200577375337994
CGUGGGCCCUACAC,0.00371561952420051,0.0
AAUCCUGCCCGGAC,0.00542060746002302,0.0502915490151544
AAGGCGCCCUGCAC,0.117677824681368,0.0384385724106632
AAUGGUCUUCACCC,0.0102028456408998,0.028485799703531
AGGCGUCCCCGCCG,0.0248486843850399,0.0288765612505166
CAGCGUGUCCAGCG,0.00664000657120901,0.0
AAGCCUCUUCACAG,0.019047021712816,0.0242315151520036
AAGCGGCUUCAGCC,0.00220805756979512,0.0344817672344484
AGGGCUGCCCGCAG,0.0341932579192468,0.0314041034163659
AAGGCGCUUUAGAG,0.147288114992822,0.021761286920459
AGUCCUCCUUGCAG,0.0161832661580403,0.0418412063960648
CAUCGGGCUUACCG,0.00417429309744649,0.0
AAGCCUCCCUAGCC,0.00535794782243555,0.0406173686344084
AGUGCUCCCUGCAC,0.013814819101547,0.00891031509814086
AAUCGGGCUCGCCG,0.0105866486535978,0.0
CAUCCGCUUCGGCG,0.0030982251990827,0.0
CAGGGUCCUUACCC,0.00212222468011782,0.0174896702964999
AAUCGUCUUCGCAC,0.00689171683691339,0.0346596046726355
AAUGCUGCCUGGAG,0.0135685980433975,0.0
CAGCCUGCCUACCG,0.004758551477034,0.0138895420964698
CAGGGGCUUCAGAC,0.0020024580823109,0.0
AGGCGUCUUUGGCC,0.00441705424936466,0.0
CGUGGUCCUUAGCC,0.000273126825551831,0.0371557206193429
CGGCCGCCCCGGCC,0.00209254719503334,0.0366319837105999
CAUGCGCUUUACAC,0.00320235624726323,0.0316325278634285
CAGCCUCUCUGGCC,0.00180710930075638,0.0241256791193889
AGUGCGGUUUAGAC,0.00862682145094973,0.0378899055574443
AGUCCGCUUCGCCG,0.0193435795827198,0.0391062709710259
CGGGCGCUCCGCCC,0.00349990146618868,0.0319147459578896
CGGGCGGUUUACCC,0.00309591138642432,0.0482665795148844
AAUGGGGCUCACCC,0.0133395704532666,0.0209195926024524
AGGGCUCUUCACCC,0.0193556720596609,0.0169469592454466
AAUGCGGCCCACCC,0.00742174816125326,0.0241831807803246
AAGGGUCCUCGGAG,0.026063033890159,0.0
AGGCGGGCCUACAC,0.0187209505658164,0.029368286295248
CAGCCGCCCUACAC,0.00481449860226931,0.0262407057501093
AAGCGGGCUCGCAC,0.0158628054420395,0.0
AAGCCUGUUCAGCG,0.0281011143484183,0.0248722565227131
CAGGCGCCCUGGCC,0.00233722527279045,0.0
CAUGCUCUUUACCC,0.00112941265430792,0.0369045376736579
CAGCCGGCCUGGCG,0.00390999445033045,0.0
AGGGCGCUUUAGAC,0.0441788939235825,0.101245491844895
AGUCCGCUUCAGCC,0.000789362582880346,0.0380825964208309
CAUGCUCUUCACCG,0.00500918492553381,0.0264817348679481
AGGGGGCCUUGCCC,2.79497811077156,0.0
AGUGGUGCCCGCAC,0.00901991745037,0.0
AGUCGUGUCCACCG,0.00746700030115954,0.0307640052316248
CGUCGUGUCCGGCC,0.00118346434632514,0.0
AAGCCGGUCUGGAC,0.0192481415133102,0.0378953529879753
CAUGCUCUUUGCAC,0.00372807133225748,0.0222315877250317
CGUGCGCCCUAGAG,0.00450088070842738,0.0
AAUCGGGUUUAGCG,0.00770763273829509,0.0
CGUCCUCCUUACAG,0.0033095976157741,0.0559750271623582
AAUCGGCCCCACCC,0.00458623709685831,0.0260372175928963
AGGCCGCUCUGGCG,0.0179184637759748,0.0
AGUGCGGUUCGGAC,0.00714730168339976,0.177072762654222
AAGCGUGUCUGGAG,0.0136062722607648,0.0
AGUCGUCUUUACAG,0.00923191260534007,0.0368357371568487
CAUCGGGUUUGCCC,0.00147589583488641,0.0
CAGGCGGCCCAGCC,0.000346457402723692,0.0452113388362087
AAGCGUGUCUACCG,0.0137968977276199,0.0
AGUGCGCUCCACAC,0.02179797831185,0.0297500278992019
CAGGGUCUCUACAG,0.00555180731957802,0.0260093625574199
AGUCGUCCCCACAG,0.00731382114465955,0.0336334380284695
AAGGGUGUUCGGCC,0.0107929382608492,0.0
AAUCCUGUUCGCAC,0.00823626497474982,0.0295205332181536
CGGCCUCCCCAGAG,0.00974587946738696,0.0292241741995136
AGGCGUCCCUAGCC,0.00303419832856175,0.0337684459192322
CAGGCGGUCUGCAC,0.00588833047904731,0.0
CGUGGUCUCCGCCC,0.0034911696323315,0.0494013353328555
CGGGGGGCCCAGAC,0.00144120763183432,0.0417630265394567
CAUGGGGCUCACCC,0.00183739059174203,0.0260634187519814
AGUCCGCUUUGGAC,0.00610648753442284,0.0215830561982697
CGUCCGCCUCAGCC,0.000335386445225432,0.0304130854427353
AGUGGUGUCCAGCC,0.00424965922565307,0.0
CGGGCUCUUUGCAG,0.00482498183301956,0.0
CGUGCUCUUUACAC,0.00399855989669804,0.0393362434190205
CGUGGGGUCCAGAG,0.00745899942415654,0.0
AAUCGUGCUCGGCG,0.00901598720311494,0.0
AAGGGGGUCUACCG,0.103120136375943,0.0950294506325713
AGGGGUCUUCAGCG,0.0201444823058263,0.0
AGUCCUCUCUAGCG,0.0102758806147556,0.0327810105981977
AGGCGUCUUCGGAC,0.0116616635554882,0.0245951065520251
AAUGCUGCUCGGAG,0.0158109868600044,0.0
AGUGGGCCUCAGCG,0.0137434375560812,0.0501819256369421
CAUCCUGCCCACCG,0.00376630335170663,0.01720541556189
CAUGCUGCCUAGAC,0.0015347340437635,0.0
CGUGGUCCCUAGAC,0.00134382207940555,0.0
CAGCCGCUUCAGAC,0.00226745279341011,0.0456507928997426
CAUGCUGUCUGGAG,0.00622044571643481,0.0
CGGCCGGUUUGCAG,0.00477401485812996,0.0
AAUCCUGUUCACAG,0.0101517789996643,0.0198553582157389
CGUGGGGCCCGGAC,0.00207809678279994,0.0
CGGCCUGUUCGCCG,0.00577973791358585,0.0438045810285102
AAGCGGCUCCACAC,0.0211713171989653,0.0380473204147746
AGGCGGCCUCGCAC,0.0175172084636019,0.0
AAUCGGGUUUGGCC,0.00169176989216341,0.0162337860693262
CAGGCGGUCUAGAG,0.00687711389484909,0.0
CGGGCUCUCCAGCG,0.00484305292602712,0.0486304458903404
CGGGGUGCCUGGCG,0.0121935921088335,0.0
CGUGGUCUUUAGCC,0.00048635128882503,0.021900059832277
CAGCGUCUCUGGAC,0.00299707988910386,0.136945823100133
AGGGGUCUUCAGAC,0.0197228341062871,0.0209882435810917
CAGCGGCCCCAGCC,0.000803411039151877,0.520386823928829
AGUCCUCUCUAGAC,0.00476095656889618,0.038172127478635
CGGGGGCUUUACCG,0.00808194882661357,0.0
CGGCGUGUUUGCAC,0.0102269478499234,0.0
AAUGGUCCCUGGCG,0.0149815983946372,0.0389405871735789
AGUGGUGCCUACCC,0.00712103414051334,0.0
AGGCGUCCUUGGAC,0.00848243643069656,0.0
AAGCCGCUUCGCAC,0.0305633429141061,0.0521979824923298
CAUCCGGUUUGCAC,0.00342362707382149,0.0441647398766283
CAGGGUCUCCGCCC,0.00296272775360091,0.0
AAGGGGCCCCAGCC,0.00509477859630579,0.0334927985960477
CGUCGUGCUCGGCC,0.00142827986505138,0.0
AAGCGUGUUUGGCG,0.017204657359039,0.0
AAUCCUCCCUGGAG,0.00962213505792093,0.0
AAUGCUCUCCACAC,0.0154829258265637,0.0249108689133793
AGGCCUCCCUGGAG,0.0311673889916906,0.0
AAGGCUGCUUGCAC,0.031825974954475,0.0393908728309133
CGUGCGCUCUGGCC,0.000732454643588418,0.0
CAGGGGCUCUGCCC,0.00759186696239989,0.197080211416184
CAUCGUGUCCGGCG,0.00315521283912065,0.0
AGGGGUCCCCAGCC,0.0101316619812899,0.0212333799264087
CGUCGGGUUCGGAC,0.00244880358453441,0.0665066576187859
CGUGCUCCUCGGAG,0.00381725264648011,0.0
CAGCCUGUUCGCAG,0.00515559856571234,0.0479494667524054
CGUCGGCUUCAGCG,0.00267323097276177,0.0
CAGGGUCUUUAGCG,0.00382522886997985,0.0
CGUCCUCCUUAGAC,0.00139981466604744,0.0
CAGGGUCUUUAGAG,0.00606191699233039,0.0
AGUGGGGUCUGGCC,0.00321909870317761,0.0
AAGCGGCCUUGGCG,0.0218427529125398,0.0
AGUGCUGUCUGCCG,0.0157981986112989,0.0217898086901565
AAUGGGCCUUACAC,0.0193435795827198,0.0366619792264158
AAGGCGGUCUGGAC,0.102159664821043,0.115132637994071
AGUCGUCUCCACAC,0.00839398984548068,0.0232388035883687
CGGCCGGCUCACCC,0.00108752303069554,0.0
AGUCGGCCCCAGAC,0.00351005083608701,0.0280636041839885
AAGGGUCUCUGCCG,0.0277690812221436,0.0220016580070466
CGGGCUCCUUACCG,0.0055147415522775,0.0
CGUCGUGCCCGGAC,0.00202264815553751,0.929538771764985
CAUGGUGCUCACCG,0.0024040463351818,0.0
AGGCGGGCCCGGCC,0.00599786912051048,0.0
CGGGGUCUCUGGCG,0.00582512335981749,0.0
CAGCGUCCCCACAG,0.00508845836906984,0.0373383938170676
CGUGGUGUCUGCAG,0.00257251640763513,0.0
CAGCCGCCUCAGAG,0.00457884563190923,0.0151969331912021
CAGGGGGUCUAGAG,0.00529288413350771,0.0
AAGGCUCUCCACCC,0.0233534808668732,0.0232393155918202
AGGGGUCUUUACAC,0.0254959463802705,0.0494259974240449
CGGCCGCUUCGCAC,0.00474993550354273,0.0
AAUCCUCUUUGCCC,0.00458176269598333,0.0409676168378834
CGUGCGCCUCAGCC,0.000294198024366906,0.0315594174530688
CAGCGUGUUCACAG,0.00440487820539281,0.0251690867360585
CAGCCGGUCCACCG,0.00746909962649122,0.0189154475026441
CGGGGUCUUUACCC,0.00197499700079993,0.0428112657246314
CGUCCUGUCUACCC,0.00130714624322188,0.0
CAUCCGCUCCAGCC,0.000252604102354196,0.0425726682287429
AGUCGUGUCCGGCG,0.0284668999668242,0.0
CAUGCGGCCUAGAC,0.00142592073090146,0.0405941304649188
AAGGGUGCUUGCCG,0.0552841769453043,0.04951083978018
AGUGCGCUUUGGCC,0.00475162544699733,0.0480009437213801
AGUGCUCCCCAGAG,0.0113979619149016,0.0216110590695509
CGUGGUCCUCAGAG,0.00340264468113208,0.054179584276686
AAGCCUGUCCAGAC,0.00848822273531228,0.0234803218437135
CAUCCGGCCUGGCC,0.00100158931774708,0.0
AAUGCUCCCCACAG,0.0176332495489054,0.0261497123171476
AGGGCUGUCUGCAG,0.0331537172952159,0.0808630133931768
CGUCGUGUUUGCCC,0.00124794798058003,0.0
AAUCGUCUUUACAC,0.0103587433617836,0.0347081899961554
AGUCCGGUCUAGCC,0.00108647774891032,0.03385704290123
CAGCGUGCCUGCCC,0.00449687012191953,0.0
AGUCGGCUCCGCAG,0.0117775791446655,0.0
CAGGGGCCUCAGCC,0.000631564914746101,0.0247161052907343
AAGCCUGCUUGCAG,0.0192151574776063,0.03893563677201
AGUGGUCCUCGCCC,0.0113799874187632,0.0
AGGCGUGUUCGGAC,0.0150929768799173,0.0
CGGGGUGUCCAGCC,0.00171582836195268,0.0606716803993133
CAGGCGCCCCGGAG,0.00542661700266162,0.0467991139601924
CGUCGGGCCUGGAG,0.00453223012629702,0.0
AGGCGUGUUCGGAG,0.0480989639885672,0.0
CGUGCGCUUCGGCC,0.000908708673361751,0.0
AGGCGUGCUCAGCG,0.0181249587655672,0.0
CAUCGUGUCUGGAG,0.00420929481017266,0.0
CGGGGUGCUCGCCC,0.00258590535924136,0.0
CAUCCGGCCUAGAG,0.00373888058849046,0.0
AAUCGGCCCUGGCC,0.00194160301066224,0.0290457137213427
CGUCCGCCCCAGCC,0.000294378535471191,0.0333679624977738
AGGCGGGCCCGGAG,0.0185409414257605,0.0
CAGGCUCUCUGCAG,0.00486999992690766,0.0211550680983695
CGUGCUCCUCAGAC,0.00177086355546901,0.0201209309740857
CGGCGUGCUUGCCG,0.00948212529536613,0.0274783543486012
CGGCCUCUCUAGAC,0.00174043319896986,0.0860872693917242
CAUCGUGCUUAGCG,0.00236912029329162,0.0275309469692509
AAGGGUCUCUGGCC,0.0107595100501822,0.0
CGUGGUGUUCACCC,0.00170154209287043,0.0
AAGGGUCCCUAGCC,0.00836289135589614,0.0451678067177528
AGUCGGGCUUAGCC,0.000760207614013969,0.00544573255884362
CGGGCUCUUUGCAC,0.00569239429738262,0.0
AGUGCGGUUCAGCC,0.00229596340066333,0.0420647058947743
CGGCGGCCCUAGCG,0.00392315572197252,0.0740931103041193
AGUGGUCUCCGGAG,0.0125568280555415,0.0
CGUCCUGUUUAGCC,0.000352787468989101,0.0470694198933739
AAGGGGCUCCGGAC,0.0303996146219322,0.0194974608859999
AGGCGUGUUCACCC,0.0174078838941863,0.0
AGUGCUGCCUGCCG,0.0212062017557136,0.0272655706938192
AAGCCGCUUCGGAG,0.0271277491067175,0.0
AAGCCGCCCUGCCC,0.0186733767216588,0.0282867364808945
AAGCGUGCUCACAG,0.0189475410184307,0.0197031164467831
CAGCCGGUUUGGAC,0.00268437872494176,0.0
AGUCCUCCUCACAC,0.0109097612657676,0.0325208526479992
CGGCGUGUCUGGCG,0.00550434198577266,0.0
CGUCGGCCCCGGCC,0.000618410773971551,0.0
CAUCCUGCCUACAC,0.00327157511785272,0.0812214489289863
AAGCGGGUCCACCC,0.036434729573135,0.0177966265638897
AGGGCGGCUUAGAG,0.111080399522248,0.0
AGUCCUGCUCGGAG,0.0135429485196859,0.0
CAGGGUCCCUGCCC,0.00401338896705763,0.0
AAUGGUCCCUAGCG,0.0135039028257326,0.0514600742450644
CGGCGUGCCUGGAC,0.00192633157670239,0.0
CGGGGUGCUUGGCC,0.00173427173200141,0.0
AGGCCUCUCCAGCG,0.0194970120701828,0.0271943440895816
CGGCCUCUUCACAC,0.00550545195592507,0.0265327223998837
AGUGGGCUUUAGAC,0.00658612558719158,0.0297992620952738
CAUCCGGCCCACAG,0.00330549884884349,0.0
AAGGGGCUUUGCCG,0.183356364807492,0.0
CAGGCUGCCUAGAG,0.00586114267293213,0.0377541714741216
AGGGCGCCUCGCCC,0.0901129626284276,0.0268045884602903
AAGCGUCUCCGCCG,0.0175441166179239,0.0129287501952015
AGUGCGCUCUAGCG,0.028680846115103,0.0228951048415015
AGGCCGCUUUAGAG,0.0357761827511154,0.0
AGGGCUCCUUGGAC,0.01187612882912,0.0125801009617459
AAUGCUCUCUGGCC,0.00234066044948442,0.0379172302687119
AAGGCGGUCCAGAC,0.0313398891712028,0.0314274018765853
AAGGGGGUUCGGCG,0.0297778756231912,0.0538558013254204
AAGGCUCCCCGGCG,0.025613967228921,0.0388556872838561
CAGCCGGUUCGCCG,0.0081652321120746,0.0
AGGCGGCUCCAGAC,0.00986649504160156,0.0
AAGGGGGUCCGGCC,0.00974706207622901,0.0
CGGGGUGUCUAGCG,0.00510547662448479,0.0
CGGCCGGCCUACAC,0.00513807153909143,0.0353527227780364
CAGCGGGUCUACAG,0.00531729701549589,0.0604088487514175
CAUCCUGCCUGCCG,0.00363805706462914,0.0
CGGGGUGCCUAGCC,0.00134909504966202,0.0
CAGCGGCUCUAGAC,0.00211608570620093,0.0
CGUGCGCCUCACCG,0.00498762167008763,0.0310178949364209
CGGGGGCCUUACAC,0.0050581897930613,0.0
CGUGGUCUUCAGCG,0.00266356958753911,0.0
AGUCCUGUCCGGAG,0.0141177756607915,0.0
CGUCGUGUUCGCCG,0.00242560703240236,0.0
CAUCCUCUUUAGAG,0.00494207870458175,0.0
AGGCGGCUUUGGCC,0.00376567957639478,0.0
AGUGCGGCCUGCCG,1.07710217072722,0.0
AAGCCUGUCCGGCG,0.0207040512587659,0.0
CAUGCGGCCCGCCC,0.00188352420833123,0.0
AGUGCUCUUCACAG,0.0118123739728635,0.0259647642668259
AGGGGGCCUUACAC,0.0601509749885235,0.0156607897598465
CGGCCGCCUCGCAG,0.00573886282225922,0.041039938977102
AAUGGUCCUUGCCC,0.00634125948068546,0.0
CGGGCUCCCUACAG,0.00579763183901491,0.0372577278548657
AAUCGGGUCCAGCC,0.0011801131730356,0.0240007572084283
AGUCGUGCUCGGAC,0.004839302321818,0.0179125495374623
AAGGCGGUUUACAC,0.0746967468938745,0.0325904396493994
AGUGCGCUUUAGCC,0.00225995065748357,0.0323115878488089
CAGGGUGCCUGGCG,0.00643782688394463,0.0
CAGGGGGUUUACCC,0.00937065036314415,0.0151906958534441
AAUGCUGCUUGGCC,0.00364772330643137,0.022755673333349
AGUGCUGUCCGCAC,0.00871582716595582,0.0
CGGGCUGUCCGGCG,0.00361774466844108,0.0547950898270297
AGUGGUGUUCGCAC,0.00986958276575349,0.0170883735873281
CGGGGGCUUCGGCG,0.0125895281286028,0.0
CAUCGGGCUUAGAG,0.00322134281060777,0.0
CGGCGUCCUUGCAC,0.00693929971490453,0.0176221284463747
CGGGCUGUUCAGCG,0.00766101399189412,0.0
CGUGGUCCUUGCAG,0.00303848203967313,0.0
AAGCCGCCCCGGCG,0.0308532853413046,0.0355299443965287
AAGGGUCCUCACCC,0.0187763819518019,0.0446523938281893
AGGCCUCCCUACCC,0.00229316792472601,0.0318603382401471
AAUGGUCCCCACCC,0.0084762715085058,0.0368508026659338
AGGCCGCCUUGCAC,0.0257914394436265,0.0
AGGGGGCUUUGGCG,0.131922994753662,0.0
AGGCCUCUUUAGAC,0.00822805283760242,0.024345834448619
CGUGGGGCCCGCCG,0.00434716988231109,0.0
AAUGGGGCCUAGAG,0.0152814608554784,0.0
AAUCGUGUCCGGAG,0.0191335742567209,0.0
CAUCGGCUUUGGCC,0.000506360750959566,0.0
CAUCCGGCUCAGAC,0.00315015995097873,0.0
AGUGGGGUUUAGAG,0.00990385691065471,0.0
AAGCGGGCCUGGCG,0.0178667253739147,0.0
CAUGGUCCCCGGAG,0.00746532955096629,0.0
AGGCGUGUCUAGAG,0.015173735971427,0.0
AAUGCUGCCCGGAC,0.00750466676756975,0.0232630027825102
CAGCCUCUUUGGCC,0.00159737341514244,0.0337766729749812
AGGCCGCUUCACCG,0.544667745068361,0.0181608100840259
CGGGGUCCCCGCCG,0.00324825795521076,0.0
AAGGGGGUCUAGCC,0.00560860348328205,0.0325657291951525
AGUGGUCCUUAGCC,0.000902522016492048,0.0304808800399321
CAUCGGCCUCAGAG,0.00489462808928228,0.0
AAUCGUGUCUGCAG,0.0118059840702492,0.0179721041260763
CGUGGUGCUUGGAG,0.00597878183656771,0.0
CGUGCUCUUUGGAG,0.00699232584183184,0.0
AAGCGGGCUUGCAG,0.020306745371071,0.0
AGUCCUGUUCAGCC,0.00139427456212554,0.0195137409358581
CAUGGUGUUCGCCC,0.00218214871440625,0.0
CAGGCGGCUUAGCG,0.00632548896516439,0.0528468868692703
CGGGCGCCCUGCAG,0.0218304632916213,0.0
AGUCCUGUCUGGAG,0.00832450431360678,0.135489365420388
AGGGCGGCUCACCC,0.0199502402563549,0.0343348513788361
CGGGGUGUUUACAC,0.00481668585082035,0.0272030716772654
CAUCCGGCCUACCG,0.00376005105837102,0.0265991134473047
CAGCCGCCCUGCAC,0.00347928777372296,0.0356565791239458
AGUCGGCUCCGGAC,0.00542661700266162,0.0
AGGCGUCUCCGGCC,0.0105909342358602,0.0435370288756871
CGGGGGGUUCGGCC,0.00111413820358878,0.0
CGGCGGGCUCACCG,0.00475053971854064,0.0
CAGGGUCCCUGCAG,0.00438775525804434,0.0
AGUCCGCUCUACAG,0.00851907990362374,0.035953624721727
AAGGGGGUCCACCG,0.0409589741227464,0.0
CAGCCUCUUUACCC,0.00193978189952917,0.0207042642863991
CAUGGGCCCUGGAC,0.00182304232279223,0.0
CAUCGGCCCCACCG,0.00280030116923251,0.0
CAUCGUGUCCACCC,0.00368219631119076,0.0
CAUCCUGCUUAGAG,0.00320243748691388,0.0908890185549016
AAGCGUCCCCGCCC,0.0179466804826272,0.0405314724299511
CAGGCGGCUUGGAG,0.00942047832959355,0.0
AGUGCGGUUUACAG,0.0922842776180145,0.0250808308715934
CGUCGGGCCUAGAG,0.00414444573046412,0.0
CAGCGUGCCCGCCC,0.00349133516906134,0.0
CGGCGGCUUUGGAG,0.01342010998436,0.0
AGUGCGCUUUACCC,0.0040960570359896,0.0276458996265441
CAUCGUCUUCAGCG,0.00385609323099863,0.0484083457728338
AGUGCUCCCUACCC,0.00134756000307304,0.0227403565153249
CAUGCUGCUCACCG,0.00371739545656155,0.0377811032085909
CAGCGGCUUCGCCC,0.00603856349187614,0.0425557393032581
CAUCGUCUUCGCCG,0.00328045982215313,0.0
AGUGGUCCCUGCCC,0.0099657560163463,0.0111905392115966
AGUGGUGUUUACAG,0.015184591230086,0.0
AGGCCUGUCUGCAC,0.0215583887558353,0.0
CGGCCGCUUUACCG,0.0144599723077095,0.0
AGGCCUCCUUACCC,0.00192303545159583,0.0322287140241757
AAGGGGGCUUACAC,0.0578202691870014,0.0403609936040803
AAGGCGCCCCGGAC,0.0505864245926492,0.0172772583595962
CAUCCUCUCUGGAG,0.00490437805455601,0.0737052564998971
CGGCCGGUUUACCC,0.00165620938489972,0.020155500536201
AGGCCGCUCUAGCC,0.00277954834948042,0.0377531005872222
AGGGGGCUUUGCAC,0.322167163889321,0.0
AAUGCGCUCUACAC,0.0267855555695984,0.0405737416957331
CGUCCUCUUUACCC,0.000858423129268052,0.064394630909256
CGGGGGGUCUAGAC,0.00260335136457596,0.0
CGGCCUCCCCACAC,0.00517765651517249,0.0504932306474489
AAUGCGCUCUACAG,0.0574287032057481,0.0370857303801692
AGUCGGCUUUGCAG,0.0109455090348337,0.0202919489879126
AGUCCUGCCCGGCC,0.00637723557209574,0.0293876895470433
CAGCCUGUCCGGCG,0.00405375421853546,0.0224119296343193
AGGGGGCUCUACAG,0.0598312091663972,0.0236930768195768
CGUGCGGUUCACAC,0.00289374862647816,0.0248119439059563
CGGGCUCCCUGGAC,0.00252194165488934,0.0
AAGCCGCCUUACCC,0.00366240818286628,0.0339530083617305
CGGGCGCCCUGCCG,0.110034641119097,0.0480348385096452
CGUGGGCCUUGGCG,0.00329830218800231,0.0
AGUGGGCCUUGCCG,0.0570610105094685,0.0394301334711425
CAUCGGCUUUGCCC,0.00138660886731115,0.0
AAGGCGGCUUGCAG,0.932749349774403,0.0263495793536332
AAUCCUCCCUGCAG,0.0144846114325278,0.0368095901247159
AGGGGUGCCCGGCC,0.0165212310307975,0.0581065180026586
AAUGCUCCUCGGAC,0.00699502894447246,0.0200204925492301
AAGGGUGCUCACCC,0.0194871132466191,0.0219097181771324
AGUGCGGUCUGCCG,0.295553146396684,0.0
CGGGGUCUCUGCCC,0.00360131067793594,0.106561993568668
AAGCGGCUCUACCC,0.00935947818648991,0.0429712434737762
CAGCGGCUCCACCG,0.00467240219205878,0.0
AAUGGGCCUUACCG,0.015589819157219,0.0328208772580377
AGUCCUCUUUAGCG,0.00808281478062907,0.0242661666298498
AAGCGUCUUCGGAG,0.0218202916099086,0.0
AGUCCUGUUUGGCC,0.00156971136864602,0.0193645905047012
AAGGCGCCCCACCG,0.0866692444251047,0.0231150175949007
AAGCCUGUUCACCG,0.0174566758453067,0.0253146808430341
AGGGCUCCCCGCAG,0.0366540149724651,0.0159260294060819
CGUGCUGCCCGGAG,0.00429319508840766,0.0
AAUGCUCUUUGCCG,0.0167102797526009,0.018876469257133
AGUCGUCUCUAGCG,0.00956048543852594,0.0156362766348295
CAGGCGGUUCACAG,0.00811974282801787,0.0322180846724843
CGUGCUGCUUGGAG,0.00512834550074228,0.0
AGGGCGCCUCACCC,0.0141782443595304,0.0328158306648523
CGGGCUCUUCGGAC,0.0014782429974737,0.0
CGGCGGCCCCGCAC,0.00527807821609242,0.161133173819684
CGUGGUGUUCAGCC,0.000528945776410586,0.0
CAGCGGCUUUGCCG,0.00592676247284995,0.0
AAGGCUCCUUACCG,0.0270404924916577,0.0250592414824215
AAUCCGGUUCGCCC,0.00500660436125878,0.0
CAGGCGCCUCGGCG,0.00961979279771344,0.0
AAGCGGGUCUGGCC,0.00759482225069299,0.064134610885607
AAGCGUCCUCGGAC,0.00793760785536576,0.0382273542453709
CGGCCUGCUUGGCG,0.00791635701324608,0.0996442805109226
CAGGGGCCUUAGAC,0.00190750426190952,0.0211340786678396
CGGGCUGUCUGGAG,0.00341300911817482,0.0
AGGCGUCCUUACCG,0.0248384175814296,0.0
AAUCGGCCCUAGCC,0.000851278184670516,0.0388601044463717
CGGGCGGUUUAGAG,0.00841801363583381,0.0
AGUGGUGUCUGGCG,0.0108864243233823,0.0598747569976414
CAUCGUGCUCGCCG,0.00364958186110516,0.0
AAUCGUCUUCACAC,0.00918762468327455,0.0373514279491979
CGGCCUCUUCAGCG,0.00673212754149639,0.0
AGGCCGGUUUAGCG,0.0186451040180401,0.0
CGUCGUCCCCAGAC,0.00218128722656006,0.159058056351852
CGUCGGCUUUAGAC,0.00223799664377796,0.0
CGUCCUCUCUAGCC,0.000405514104003912,0.0396595614963114
CAUCCUGCUCACAC,0.00331767849697901,0.0328213398962747
AGUGCUCCCUAGCG,0.00999063439820289,0.0131549433571661
CGUCGGGUUCGCCG,0.00264870591796579,0.0
AGGCCGGUCUGCCG,0.109279185070013,0.0
AGUCGGCUCCAGAG,0.0119280056505726,0.0370646879242898
AGGCCUCUUCGCCG,0.0258449486540904,0.0
AGGCCGCCCUGGAG,0.0845307437045427,0.0
CGUCCGGUUCACCG,0.00585811735411076,0.177110291035536
CAGCCUGUCUGGAC,0.00244211075438641,0.0
AGUCGGGCCUACCC,0.00124710268714455,0.113785852187797
CGUCCUGUUUACCC,0.00097788138118285,0.0177440450652736
AGUCCUCUUUGCAC,0.0111326613364282,0.0230457657035884
AAUGCGCCUCACCG,0.0575981010435555,0.0513130250989502
AAUCGGCCUUGCAC,0.00621401235716148,0.0621336639442548
CGUCGGGUCCGGAG,0.00437144147436631,0.0
AGGGCUGUCUGCAC,0.0290818099770725,0.0171130612873623
AGGCCUCUCUGCCG,0.0254311561447931,0.0
CGUCGUGUCCGGAC,0.00222714011120246,1.36751102591668
CAUCGUCCCCACCG,0.00324435635061545,0.0363641053173541
AAGGGGGUUCACAC,0.14618535092263,0.0192306761144635
CGUGCUGUUCACCG,0.00590254689584137,0.0300558287016934
AGGCCUCUUUAGAG,0.0260702577407902,0.0338509473590633
AGUGCGCCUUAGAG,0.015863907102255,0.0353405805139449
AAUGGGGCUCGGCG,0.0223490135704453,0.0
AAUGGGCUUUGGAC,0.00858905149808736,0.0693184324208427
CGGCGGGCCCACCG,0.00412020920572456,0.0287280072829733
CGGCCGCCUUACAG,0.00597113395660391,0.043349714653996
AAGCCUCCCCGGCC,0.010864755485159,0.017648963273248
AAUCCUCCCUGGCG,0.00826106074213914,0.049239381745185
CGGGGGGCUCGCAG,0.00601550544035786,0.0
AAUCCGGUUCAGAC,0.00495010916422359,0.0252032294575073
AAUCGUCCUUACCC,0.00134825317161846,0.033575972497004
CGUGGUCCCCGCAC,0.00249842473113085,0.0
AGGCGGCUUCACAG,0.0193820492221954,0.0
AGGCGGGCUCGCAC,0.0201188938875274,0.0
AGUCGUCUUUGCAG,0.0136716032735406,0.0
CAUGGGCCCCACCG,0.00450818646514956,0.0
CGGGCGGUCCGCCG,0.00646123716352261,0.0
CAUGCGGCCUAGAG,0.00338046392035439,0.0
AAUGGGGUUUGGCG,0.0233397733241927,0.0
CAGCGGGCUUACCG,0.00365668567008055,0.0
AAGGGGGUUCGCAC,0.0864419891361014,0.0
AGGCCUCUCUGGCG,0.0216046867325813,0.0
AAUCCGCUCUGGCC,0.00143481060044578,0.0951429580076094
CAUGCGCCCCGGAC,0.00187258884724015,0.0263934198898775
CGGCCUCCUUACAG,0.00544214986423572,0.0311557431049847
CAUGCUGCCCGGAG,0.00422257465182952,0.0
CGUGGUCUCUGGCG,0.00463523535644014,0.0
CAGCCUGUCCACCC,0.00163262501069101,0.0306979484431996
CGGCGUCCUCAGCC,0.00111850554615237,0.264183205311407
CAGGGGGUCUGGAG,0.00651896114056421,0.0
CAUCGGGCUCGCCC,0.00248473840875838,0.0
CAUGGUGUCUACAC,0.00304232165809693,0.0307856961760003
AGGCGUGUCCACCC,0.0127561677009232,0.0
AAGCGUGCUCGCCG,0.0392449926845265,0.0
CAUGCUGUUUGCAC,0.00300444452300645,0.0
CGUGGGCCUCAGCG,0.00244517088377112,0.0
CAGCCUGCUCACAG,0.00359966885639319,0.0296476859556438
AAUCGUCCCCACAG,0.0126047881626981,0.0250130073226547
AGGGCGCUUUACAG,1.47336654864314,0.0194127380396305
AGGCGGGUUCGCAC,0.0122309706841264,0.0
AAGGCGCUCUAGAC,0.03665491816699,0.0286575267678594
AGUGGUGUUCGCAG,0.00741637657030422,0.0277647158899928
AGUGCGGCCUAGAG,0.0174373139599414,0.0
AAGCCUGUUUGCAC,0.0151664142542008,0.0266890134069195
AGUGGGCUCCGGCG,0.0110846918631428,0.0
CAUGCUGCCUACCC,0.000999861113285746,0.0914001536138836
AGUGGGGCCUAGCC,0.00161626092826187,0.0
AAUCGUGUCCGCCC,0.0130858685232833,0.0373680164246679
CGUGCUGUCCGGAC,0.00211680472954656,0.0
CGGGGGGCCUACAC,0.00315108957564569,0.0
CAGCGUCUUUGCAG,0.00633878339342241,0.0
CAGCGGGUCCGCCC,0.00713113131760021,0.0
AGGCCUGCUUACCG,0.0173330625055155,0.0187992565993209
AGGGGGGUUCACCC,0.72542264015628,0.0
CGUCGGCUCUAGCG,0.00393815345012278,0.0
AAGGGUGCCCGGAC,0.0113027360643525,0.0
AGUCCUGCCCGGCG,0.0120994875970925,0.0284544971337509
CGGCCUCUUCGGCC,0.00185289872404441,0.0
AAUCCUCUCUGGCG,0.0107284379169831,0.0577975120566276
AAUGCGCCCUACAC,0.0326466729419949,0.0299813724703501
CGUCCGGCUUACAC,0.003148937062799,0.0
CGUCCUCUUCGGAC,0.00242894429158435,0.0126492808742125
AGUCCGGUUUAGCC,0.00107020980564862,0.0320362127701821
AAUCCGCUCUAGAG,0.0101540858535263,0.0
AAUCGUCCUCGGAG,0.00958815039463007,0.0
CAGGCGGUCUGCCG,0.0226611506314851,0.0293396382671388
AGUCGUGUCCAGCC,0.00405318525460404,0.0464822580287167
CAGCGGCUUCGCAC,0.005287969034085,0.0
CGGCGUCUUUACCC,0.00181811726385663,0.0573362149439426
AAUCCUCUCCGGAC,0.00530462901826936,0.019973942328691
AGUGCUGCUCGCAC,0.0129085277775094,0.0377872040888936
AAUCCGCUUCGGCG,0.00974587946738696,0.0
AGGGCGGCUUGGAG,0.10266187937597,0.0503317573980472
CAUGCUCUCCACCG,0.00351372981329314,0.0279450072720397
CAUGCUCUCCACAG,0.00371390198050673,0.0273906943506809
CAGCGUCUCCGGCC,0.00196803288876788,0.674417267494244
AGUGCUCUCCGGCG,0.0155619412446431,0.0184777303625476
CAUCCGGUUUAGCG,0.00296655062812168,0.0
AAGCGGGCUUGCCG,0.0132595823529681,0.0
CAUGCGGCUUACAC,0.00390709493646295,0.0258512560219905
CAGGGGGUCCGGAC,0.00222491297109126,0.0
CGUCCUCCCUGCCG,0.00391260176512604,0.0694779588947861
AAGCGUGUUCACAG,0.018110471807252,0.0232579999223173
CAGCGUCCCCACCC,0.00341408350158208,0.0377338461430676
AAGCGGGCUUACAC,0.0139445982042714,0.0240080800214984
AAGGGGGUUUGCAG,0.058302400893592,0.0
AGUCCGCCUUGGCG,0.0153119010650943,0.0257918145509305
AGGCGGGCUUAGCC,0.00253689737121032,0.0516423491874819
CAUGGGCUCCGGAC,0.00127512050697609,0.0495455898651586
AAUGGUGCUCAGCG,0.0158108028015789,0.0151743217955778
CGUGCGGUCUGGCC,0.000553391529888514,0.0230237494408975
AGUGGUGUCUAGCG,0.00904157020145113,0.0250291124349683
CGUGGUGUUUGCAC,0.00408587412901019,0.0
CAGGGGGCCUAGAG,0.00518806159161189,0.0
CGUCCUCUUCAGAC,0.00191179561008029,0.0238218106785604
CGGCGUGCCCGCCC,0.0109650728862024,0.0649551377272477
CAUGCUGCUCGCCG,0.00453223012629702,0.0
CAUCCGCUUUAGCC,0.000254748521467264,0.024718610278494
CAUGGUCCCUAGAG,0.00350587307975891,0.0
AAGCCUCUUUAGCG,0.0126383945299191,0.0235807391422512
CGGCGGCCCCAGAG,0.00662574183082734,0.0325482579100536
AGGGCGGCUCGCAC,0.158730039796775,0.0417235902094092
CGGGCGGCUUGGAC,0.00380688531175311,0.0
CGGGCUCCUUGGAG,0.0110764065660387,0.0259836605448759
CGGGCUGUCCGCCC,0.00399206872803457,0.0
CAUGCUCUUUGGCG,0.00454914594121788,0.0239459820501004
CGGCGUCCUCACAC,0.00527953932636366,0.0300921199691966
AGUGCUGUCUGGAC,0.0061218711248177,0.033350915049015
AAGGGGGUUCGGAG,0.0670821561307031,0.0
CAUGGGGUCUGGAG,0.00525868806520109,0.0
CGGCGGGUUCGGCC,0.00221491015105424,0.0
AAGGCUGUUUGCAC,0.023326392742826,0.038135371966407
CAUCCUGCUUACCG,0.00384277391536775,0.0284540581783953
CAGCGGCCUCAGAG,0.00404728514898608,0.0
AGUGGGGUCUAGCG,0.0100523176404725,0.0
CAGCCUGCUUGGCG,0.00604740383420864,0.0461210372622709
CGGGGUCCCUGCCC,0.00542661700266162,0.0
AAUGGGCCUCACAC,0.0161880300773137,0.0323646336752472
CGGCCUCUCUGGAC,0.00251945225079779,0.0268238645475588
AAGGCUGUUUACCG,0.0335420746329806,0.0168462964320857
AGUGGUCCCCACAC,0.0107315072408516,0.0273014986431294
AGGGCUCCUUGGCG,0.0382547891217638,0.0
CAGGCUCUUUGCCC,0.00236979353008994,0.0283090964423429
AAUCGGCUUUACCG,0.0111963612796063,0.0668650349397618
AGUCCGCUCUAGCG,0.0124176766677145,0.0
CAUGGUCUUCACCG,0.00342946825064721,0.0338254821663705
AGGCCUGCUCGGCG,0.0114068754862189,0.0
CAUGGUGCUCACAC,0.00325719241263361,0.0253542541129545
AAUGCGCCUUACAC,0.0387695174702685,0.0400849028065841
AGUCCGCCCUGGCG,0.010568855966785,0.103514946206287
AAGCGGGUUCGCCC,0.0374071625256572,0.0
CGGGCUGCCUGCAG,0.0115474284318333,0.0
AGUGCUCCUUAGAC,0.00491678298549798,0.0757144443502673
AAGCGGGCUCGCCG,0.0199919716242983,0.0
CGGCGGCCCUACCG,0.004417958699107,0.0324752622038237
CGGCCUGCUUGCCG,0.00312314790327164,0.0259937160331551
CAGCCGGCUCGCAC,0.00435267237102809,0.0208484791771909
AGUGGUGCUUGGCG,0.0128511287130933,0.0
CAUGCUGUUUACCC,0.00163845800308904,0.0230533142705445
AGGGCGGUCUAGCG,0.118155100509107,0.0511816268182859
AGUGCUGCUUAGCG,0.010082870685262,0.0211159698855997
AAUGCUCUUCAGAC,0.00642604271470471,0.0235187156677496
CGUCGGCCUUGGAG,0.00367875821939693,0.0
AGUCCGCCUCGCAC,0.0125151354623883,0.0691382380133998
CAUGGGCCCCGCCC,0.00671475336187928,0.0
AGGGCGCUUCACCG,14.0712635664958,0.13124393211654
AAUCCUCCCUGGCC,0.00320486078938354,0.0239384801208644
CAUCCUGCCCGCAC,0.00424362561050433,0.0257882929644409
AAGGGGGUCUACCC,0.482064477069774,0.0176575871095655
CGGGGUGUCCGGAG,0.00379647848241763,0.0
AGUCCUGUUUGCAG,0.0108925070955936,0.0
CGGGGGGUUUAGAG,0.0055822189238849,0.0
AGGGGGGUUCGCCC,0.26005320433413,0.0
CGGGGGCCCCAGAC,0.00185409414257605,0.0442558276575781
CAUCGUCUUUACCC,0.000843878681046192,0.0348550127331658
AAUCGUGUUCGCCC,0.00936857093206419,0.0
CAUCCUGUCUGGAC,0.00161694256620004,0.0462730058076101
AGUGGGGUCCAGAG,0.0156184674542582,0.0
AGUCGGGCCCGCAC,0.00838373003599607,0.0474157263610777
CGUGCGGUUUGCCC,0.00236692869265028,0.0
CGGCGUCCCUGGCG,0.00428932227013863,0.162630874513212
AGUCCGGCCUGCAG,0.0146954128337509,0.050795792213983
CGUCGGGUCUGCAG,0.00430920962800551,0.0
AGUCGGGCUCGGCC,0.00178445680388775,0.0
CGGGCUCUCCGGCG,0.00372403524363566,0.0
CGUGGGCCUCACAC,0.00340982830818584,0.0
CAGCCGGUCUACAC,0.00414297279249652,0.0
CAUGGUGCUCGCAG,0.00450799360155747,0.0
CGGCCUCCUCGGCC,0.00261592490412958,0.0
CAGGCGGUUCGGAC,0.00349417035114451,0.0709152914097495
AGUGGGGCUUAGCG,0.0231189516543434,0.0
CAUCGUGCUCAGAC,0.00227877492383649,0.284149329544732
CGUCCUGUCCGCAC,0.00318843044541936,0.0952906150699263
AGUCCGCUCCACAG,0.00991232343175921,0.0653021195309471
AAGCCUCUCUGCCC,0.0137868538806937,0.0405175785562242
CGGGCUGUCUACAC,0.00535364763036822,0.0
CAUCGUGCUCGGCC,0.000564306326487605,0.0
AAUCGUGCCCAGAG,0.0121603396696732,0.0
CAGGCGCUUUGCCG,0.0773091039806266,0.069288145653362
AGUCCGCCUUGGAG,0.0120339149929312,0.0457750054812836
AAUGCUGUCUGCAC,0.0125017306721642,0.0331052459906854
CGGCGGCCUCACAG,0.00437419470470759,0.0
CAUGGUCCUUACAG,0.00502491122708737,0.0
AAUGCGGUCUGGAG,0.0235975618146043,0.0
CGUGGGGUCUGGAG,0.00865243933202159,0.0
AGGGGGGCCCACCC,0.0533419941812555,0.0299129025772521
CAUGGGGUCUACAG,0.00238353399443793,0.0315895350580478
AGGGGUGCUCGCAG,0.0243389677822698,0.0
AAGCCUCUUUGGAG,0.0106411702321075,0.0480249134957059
CAUGCGCCCCACAG,0.00400701664512773,0.0468177280421911
CGGGCGGCUCGCCC,0.00544015646624112,0.0
AAGCCGGCCCGCCC,0.0143988162136225,0.0339929658948875
CAGGCUGUUUGCAC,0.00348513936574446,0.0
CGGGCGCUCUGCAC,0.00497213216179543,0.0
CGUGCGCCUCAGAG,0.00614616842842891,0.0373896677346458
AGUCGUGCUUGGAG,0.00727474437885744,0.0
AAUGGUCCCUGGAG,0.0204605843511549,0.0
CAUCCUGCUUAGAC,0.00189706378000262,0.034472574197041
CGGGCGCUUUACAC,0.00659830604684876,0.0327790362454494
AGUCCUCCUUACCC,0.00114867703455779,0.0400352103848465
AAUGCGGCUCACCG,0.0331465548281047,0.0300238939604654
AGGGGUCCUCAGCC,0.00746851817563721,0.0153573600414264
AAGCGUCUUUGGAC,0.00610183363323971,0.0247242479397822
CGUCCUGUUUAGAC,0.00264344271693655,0.0604934673968352
AGUCCGCCUCAGAG,0.00982651664551124,0.0
CAUGGUGUCCAGCG,0.00348038149630317,0.0533075543766391
AAGGGGCUUUAGAG,0.0450350356808978,0.0
AAUCCGGUCUAGCG,0.0103167443103969,0.0344230858789212
CGUGGGGCCUGCCC,0.00353160789062105,0.0
CGGCGGGCCUGGAC,0.00396983660697549,0.0410113262991763
AAGGGGGCCUACAC,0.032890283882331,0.0339840881060344
CAGCGGGUUUACAG,0.00674789364815095,0.0256785883939976
AGGCGGGUCCGGAG,0.0331676841060827,0.0
CAUCCGCUCCACCC,0.000354160182876218,0.0440079418790387
CGUCCUGUUCGGCC,0.000907598531330936,0.0197037067494809
AGGCCGCCUUGGCC,0.00463863113325804,0.0
AAGGGGCUCCAGCC,0.00510383177069721,0.0357559327624652
CAUGCGGCUUAGCC,0.000441163863734898,0.0372454217958889
AGGGGUGCCCGGCG,0.0409274114435307,0.0
CAGCGUGCCUGCAC,0.00467554175084396,0.0303157184281814
AAGCGGCUCUGGCG,0.0191219965701576,0.0
CGGCCUCCUCGGAC,0.00275486128711202,0.11838357764851
CAUCGUCUUCACAC,0.00254881554879676,0.051980087008614
AAGGGUGUUCGGAC,0.0137299187005133,0.0303364987330667
CGUCCUGCCCACCC,0.00220874800149045,0.0
AGUCCGCUUUAGCC,0.000879961416543173,0.0210146088962873
AGUGCGCUCUGGAG,0.0215005283200134,0.0
AAUCGUCUCCAGCC,0.0026291061323054,0.0495189174413289
AAGGCUCCCUGGAC,0.0148820860224508,0.0
CAUGGGCUCUGCCC,0.00460179209990016,0.0
CAGGGGCCCCACAG,0.0045549715407442,0.0
AGGCGGGUUUGCAG,0.02156086749132,0.0
CGGGCUCUUUACCG,0.00725515099268891,0.0376487753021585
CAGGGGCUCUGCAG,0.00562733836255539,0.0402212191417352
AGUCGUGUCCGGCC,0.00490304895481223,0.0
CGGGCUGUCCAGAC,0.00222942826885096,0.0
CAUGGGGCCCGCAG,0.00365355567689941,0.0
CGGCCUCCUUAGCG,0.00405471455072027,0.0
AAUGGUCUUUGGCG,0.0107990536655378,0.0255059479349225
AAGCGUGCCUGCCC,0.0137184238326965,0.0370042330525619
CGUGCUCCUUGCAC,0.00392617129723854,0.0236093971521351
CGGCCGGCUUGCAG,0.00641092253278785,0.0
CAGGCGGUCUGGAG,0.00774099911378555,0.0
CAGCCUGUUUAGCC,0.00136976697875639,0.0247867212029522
AAUCGUCUUCAGAC,0.00467356493309733,0.0
AAUGGUGUCUGGAG,0.0127149131221245,0.065860573603498
CGGGGGGUCCACCC,0.00592632830960383,0.0
CGUGCGGUCCACCG,0.00365405414960244,0.0237794268683799
CGUCGGCCUCACCG,0.00309015690429342,0.0
CAGCCGCUCUGCCG,0.00952425171468215,0.0528572912471866
CAUGGUGUCUAGCG,0.00274520915683741,0.0
AAGGCGGCCUAGAG,0.10213593744942,0.03879848653678
AGUCGUCCCCAGCG,0.00837132806848721,0.0
AAGGGUGCCCGCAC,0.0228163639919747,0.0298075007891704
AGUCCGCCCUAGAC,0.00461037804010585,0.053132591942227
CGGGGUGCCUAGAG,0.00559171249348334,0.0
AGGGCGGUCCGCCG,0.158548819627978,0.0
AAGCGUCCUUGCCC,0.012455709368075,0.0363339418425157
AGUGGGCUUCGCCG,0.0248185830108605,0.0
CAGCCUCCUCGGCG,0.00937416725329281,0.0
AAUCCUGUUCGGCC,0.00193260627239198,0.0279861673055568
CGGCGGCUUUACAG,0.0070098861318871,0.0
AAUCGUCUUCGGAG,0.0126639559022577,0.221750664449443
AGUGGGGUUCGCAC,0.0084805057899782,0.0422417825189679
AGGCCUCCCUGGCC,0.00485460808866526,0.02631691468626
AGUCGGGUUUACCG,0.0136456433595531,0.0236883399327991
CAUGCUCUUUAGAG,0.00479001474444077,0.0505357104503256
CGGCCUGUCCAGAG,0.0242458464798407,0.0
CGGGGGGCUUACCC,0.00210475083264567,0.0
AGUGCGGCUUAGCC,0.00215971094365145,0.0319116646864061
CAUCGUGUUUGCCG,0.00401600157989884,0.0
CGUCGUGUUUGGAC,0.00117850773290126,0.511463092351797
AAGGCUGCUCACAC,0.0244650764236287,0.0368127049489863
AAUGCUGCUCAGAC,0.00710978861257185,0.0288066571022442
AGGGCGGCCCGGAG,0.11688064055651,0.0
CGUCGGCCCCAGAG,0.00522186942115894,0.0493159345556847
AAGGCGGCUUACAG,0.114755917424697,0.0300119131428395
AGGGCUCCUUGCAG,0.0371164097443065,0.0234469729536444
AGUCGGCUUUACCG,0.012469054175219,0.0
AGUCGGGCUCGCCC,0.00612241859726519,0.0245277068042244
CAGCCGCUUUACAC,0.00458268166759161,0.0381705194877995
CAGCGGCUCUACCC,0.0038571115094554,0.0
AGGCCUCCCUAGAC,0.00763404800004061,0.0289459302409889
AAGCGUCUUUGCCC,0.0133824395001934,0.0
AGUCGGGUUUAGCG,0.00755882246477722,0.0
CGUCGUCUCCACAG,0.00612335239099619,0.0
AAUGCUCCUUACCG,0.0142852354072302,0.0251169080132521
CGUGGUGUUCGCAC,0.00334893851696824,0.106477257858201
AGUCCGCCCUACAG,0.00897994314068175,0.0295937375997364
AAUCGGGUCCGCCC,0.00691926437265702,0.0556626128612048
CGGGCGGUCCGGAC,0.00272746243195851,0.0
AGGCGGCCCUAGCG,0.0225267959834723,0.0
AAUGCGGUUCGGCC,0.00430383969957301,0.0192189346855484
AAUCCGCUUUACCC,0.00113494160212287,0.0479205959917263
AAUGGUGUCUACCC,0.00984039812839294,0.0
CGUCGGGCUUAGCG,0.00270917865581889,0.19169010605003
AGUCCUCCUUAGAG,0.0108282137425036,0.0311448444140674
CAGCGGCUUUACAC,0.00425289390895976,0.0
AAGCCUCUUCACCG,0.0178776882365463,0.0189617823507417
CAUGCUGUUCGCCG,0.00264575306855892,0.0
AGGGCUCCCUGGCC,0.0066113368188595,0.0
AGUGGGCUCCACAG,0.0127847668001159,0.0274446221043603
CAUGGGCUCUAGAG,0.00317286183360541,0.0
AAGCGGCCCUGGCG,0.0151730176087216,0.0599974457715497
CAGCGUCCUUAGAC,0.00202344793733092,0.0506647355570658
AAUGCGGCCUGGAG,0.0389314658161347,0.0
CGGGGUCCUUACCC,0.00110547815469412,0.0313233847708019
CGGCCGGUUUACAC,0.00478816121006558,0.0
AAUGGGCUCUACCG,0.027402882920785,0.0266118221241149
AGUGGUGUUUGCAG,0.00959370888278544,0.0
CAUCGUGCCCACAC,0.00274900358205943,0.0365014407467323
CGGCCGGUUUAGAG,0.0060322823401177,0.0265442784443798
CGUCGUCUUUAGCG,0.00299298215887539,0.0
AAUCCUCUUCAGCG,0.0105948236718631,0.0292951770701251
CAUGGUGCUUGGAC,0.00196372544015527,0.0
CAUGGGGCUUAGCC,0.000395404367399032,0.0588122919800783
CAGCCUCUUUGGAC,0.00201885094373112,0.0164280862254273
AGGGCUCUUUGGCC,0.00772127205152784,0.0187588318554804
CGUGCUGUCUGCCC,0.00239849723618442,0.0
AGUCCGGUUUGCCC,0.00471527866714789,0.0
AAUCCUGCUCAGAC,0.0053016811878303,0.0223771726144213
CGGGGUGUCCACCG,0.00856308539743961,0.0
AGUCGGGUUCACAC,0.00946297229052478,0.0
CGGGCUGUUUGCCC,0.00315258431650137,0.0
AGUCGUCCCUACAG,0.00687250895514858,0.0265561858901274
AAUCGGGUCUACAG,0.00994533256554206,0.0530470992851054
AGUGGUCCUUACAC,0.0102797737593185,0.0296222789310024
CAGGCGCUUCACAG,0.0105236577697851,0.0834576199250883
CGUCGGCCUUGCCC,0.00108688277323423,0.0397111200032131
CGGGCUGCCUGCCG,0.00841699880598018,0.0
AAGCGUCCCUAGCG,0.0155014428313735,0.0328527574622096
CAGGCUGCCCACAC,0.00391976659571634,0.0274600637943395
AAGCCUCCUCACCC,0.0104419240694181,0.024252566438663
CGUGGUCUUCGGAC,0.00247734097812553,0.0
AAUCCUGUCCACCG,0.0118232090251226,0.0486077404365834
AAGGGGCUUCAGAC,0.013668301067857,0.0265054712528866
AGUGGUGUCUAGCC,0.00251555189295523,0.0
AAGCGGCUUCGCAC,0.0212752620804686,0.0
CAUCCGGCCUACAC,0.00418210076031699,0.0721146020009029
CGGCGGGCCUGCCG,0.00559925866418979,0.0
AGUGCGCCCCGGCC,0.00310025545626824,0.0269973441803317
CAUCCUCUUCGGCG,0.00354831896896784,0.0
AGUGGUCCCCGGAG,0.0127868561556969,0.0346397387567593
AAGGCUCUCUAGCG,0.0300019031087728,0.0272377923531119
CGGCGUCUCCGCAG,0.00467173327263258,0.0
CAGCGGCCCCACAG,0.0045793891473264,0.0209064219139607
AGGCCUGCCCAGCG,0.015276467978148,0.039941826883648
AGUGCUGUCCGGCC,0.00444359771896457,0.0
AAGCGUGUUUACCC,0.0121172016903584,0.0320750689106887
AGUGGGCUCCAGCC,0.00223729378481777,0.0572176526724406
AGUGCGGCUCAGCG,0.0215444584168494,0.0237161980330363
AAGCGUGCCUAGAC,0.00971782082151964,0.0568464412719086
CAGGCGCUCUAGAC,0.00260587858347132,0.0
AAGGCGGCCUACCC,0.0190582696031554,0.0186432428106932
AGGCGGCUCCACAG,0.0243152492177249,0.0269813849607646
AAUGCUGCCCAGCC,0.00241817233171211,0.0146705731007478
AGGCCUGCUCGGAG,0.0190216324997617,0.0
AGGCCUCUCCGCCG,0.0208838054839176,0.0816999895632768
CGGGCGGCCCACAC,0.00454682487280231,0.022195308381431
CAUCCGCUUCGCCC,0.00150074799970583,0.0309091764502476
AAGCCGGCUCAGAC,0.0183662329082033,0.0261093762890438
CGGCCUCUUCACCC,0.00203120533989628,0.0311525493447632
CAGCCUCUCCGGCG,0.00505057902637205,0.0963465770979937
AAUCGUCUCUGCAC,0.006913414095191,0.0
CAUCCUCCCCGGCC,0.000536322117774539,0.0829458399990074
CAGCGGGUUCGGAC,0.00249589596116007,0.0
CGGCCGCCCCGCAG,0.00605913118488907,0.0338103646895474
CGGCCUGUCCACAC,0.0049032009920523,0.0471348639387974
AAUGGGGUCUGCAC,0.0119396253141364,0.0203531232333894
CGUGGUCCUCGCAC,0.00326016553656846,0.0
CGUCGUGUCUAGCG,0.00380777628017199,0.0
CGGCGUGCUCAGCG,0.00501421686357046,0.0
AGGCGGGUCUGGCG,0.0270388729125674,0.0
CAUCCGGCCCGGAG,0.00731879266806337,0.0
AGGCCUCUCCGGAG,0.0154009432810753,0.0
CAGCGUGUUCGGCG,0.00488321091048837,0.315180292352706
CGUGCUGCCCGGAC,0.00164185442431141,0.0
CGUCGUGUUCAGCG,0.00298359976966261,0.0
CAGCCGGCUCGGAC,0.00422722762665247,0.0310465096450632
CGGGGGGCUCGCAC,0.00722056464765592,0.0465391677921026
AGGCGUCUCCACCC,0.0143070251478,0.0347983374446296
CAUCCUGUUUAGAG,0.00383228120020641,0.0
CAGCCGCUUUGCCC,0.00198855857988238,0.0
CAUGGGGUUUACCG,0.00381685314332506,0.0
CGUGGGCCUCGGCG,0.00224216035846406,0.0
AAUGGUCCCUAGAC,0.00669377453027289,0.058106833518379
CAUCCUCUUUGGCC,0.000495067354227567,0.0276762518844337
AAUGCUGCUUAGAC,0.00755537157965396,0.0301427189956258
AAGGGUCUCUACAC,0.0211313235232092,0.0523906345350047
CGUGGUGCUCACAG,0.00273465212769329,0.036426676701189
CGGGGGGUCUGCCG,0.00675971822814187,0.0
CAUCGUGUUCACAC,0.00332297694502786,0.0382833696894517
CGUCCUGUUCGCAC,0.00384854706029217,0.0
CAGCCGGUCUGCCC,0.00506370249022872,0.0434305644017918
CGUCGGCUUCGGCG,0.00398543600740647,0.0
AGUCCUCCUUGCCC,0.00482987198882565,0.0250725833822945
CGGCCGCUUUGGAG,0.00668689690765134,0.0404661889514669
AAUGCGGCCCACCG,0.0214313543476471,0.018955084911652
AAUCCUCCUCGGCC,0.00259957552996206,0.0351568866311906
CGUGCGCUUUGGAC,0.00245911433646929,0.0552818889728508
AAGGGUGCCUAGCC,0.00990729358842723,0.0290997664251956
CAGGGUGUUCGCAC,0.00613883519242184,0.0345811865530523
AAGGCGGUUCGCAG,0.242867019196811,0.0332021517715383
CGUCCGCUCCACAC,0.00424356876278219,0.0291968506375177
AGGGCUCCUCGGCC,0.00981649843771659,0.0439792224221136
AAGGCUCUUCGGAC,0.0177943263347903,0.0146156083053354
AAGGCGGUUCGCCC,0.0488987878462384,0.0347759339108069
AGUGCUCUUCAGAC,0.00818701870141587,0.0811189833517982
AGGGGUCUCCGCCG,0.022777446859066,0.0
AAUCCUGUCUACAC,0.0080064453125091,0.0165651608474945
CGUGGUGUUUAGAC,0.00160363827686364,0.0
AAGCGUGUUUAGAC,0.00869171222913301,0.0265484540993552
AAUCCGGCUUGCAC,0.00634825711860279,0.0
AAUCCUCUCCACCG,0.0126714364354005,0.0312351781179101
CGUCCGGCUUACCG,0.00359685699714523,0.0245504607615646
CGUGCUGUUUAGCC,0.000444392358807327,0.0313311105703532
CAUGCGCUUUAGAG,0.00366986075765699,0.0
AAUCGUCUUCACCC,0.00862170848987944,0.0172816311789655
AGGCGGCCUUGCAC,0.0264568228107313,0.0
CAUCGGCUUCACAG,0.0036021712061744,0.0
AAUCGUGUCUGGCC,0.00208423971954853,0.0
AAUCCUCUUUACAC,0.00819116809732823,0.0219354691333157
AGGGCUCCUUAGCG,0.022182209115533,0.0
AAGGCUCCUUACAG,0.0252035664753079,0.0164255787261649
CAUGCUCCCCACAG,0.00444894930192599,0.0366361485517859
CGUGCUGCUUACAC,0.00365791364266991,0.0
AAUCGUCUUCGGCC,0.00183343047938625,0.0
AGGGGGGCCUAGAG,0.0464265173301044,0.0
CGGGGUGCUUGCAC,0.00313248782079059,0.042710175237581
AGUGGUGUCCGCCC,0.00927047071288028,0.0
AAGCCUCCCCACAC,0.0190126287810147,0.0244232800763066
CGGGGUCUUCACCC,0.00352002125055996,0.0381848787663811
CAUCCUCCCUACCC,0.000750071098919831,0.0
AAGCGUCCUUAGAG,0.0270682098452031,0.0330428242787558
CAGGCUCUUUGCAG,0.00794611775389738,0.0309369249718659
CAGGGGGCUCAGAC,0.00197096546139228,0.0237255726917671
CAUGGGGUCCAGAG,0.00396316087277094,0.0
CGGCGUGUUUAGAG,0.00595557512463824,0.0
AGUGCGGCCCGGCC,0.0048685737349276,0.0
AGGCCUCUCUACCC,0.00927421635761275,0.0242388128585047
CAGGGUCCCCGGCG,0.00566528765787128,0.0
AGGCCUGCUUGCAG,0.031195869700486,0.0
CAUCCUGUUUGCAG,0.00345206717236382,0.0
CGUGCGCCCUACAC,0.0035530869398918,0.0413672923804042
AAGGGUCCCCGGAC,0.0209744399878916,0.0268620031096073
AAGCGGGCCCGCAG,0.0163304642241492,0.0390459321622777
AAUGGUCCUCAGAC,0.00681674810897482,0.0443059620215306
CAGGGUCUUCACCG,0.00519860331191601,0.0533545555947484
CAGCCGGCUUAGAC,0.0044024153157057,0.0152862319734997
CAGCCUCUUCACAC,0.00500471063847522,0.0379059741701999
AAUGGGCCUUACCC,0.0141911210581522,0.0511301251527489
AGGCCUCCCCAGAC,0.017478084910908,0.0170542319918952
AGGGGGGUUUAGAC,0.0256506257318792,0.0516744630874625
CAGGCUCUCCACAC,0.00451277551284672,0.0271479625404066
CAGGCGCCUCGGAC,0.00315048534711043,0.0811483128318478
AGGGCUGUCCGCCC,0.0325463299758646,0.0187083383494889
CGGCGGCCUUGGCC,0.00208932594474685,0.0
AGUGCGCCUCGGAC,0.0121059075252796,0.016845571261749
CAGGGGCUCCACCG,0.00544930894950668,0.0286193211667717
CGGCCGCUUCACCC,0.00159326177186022,0.0223159138544193
AGUGGGCUUUACAG,0.0218965105795025,0.0461191169283908
AAGGCUCCCCACCC,0.0185136351791835,0.0392253362536659
CAUGGUCUUCAGAC,0.00116400529130335,0.0
AGGGGUGUCUACCC,0.0195230843178228,0.0215471543939609
CGUGGGCCUCGCCG,0.00428838101003985,0.0388031113940429
AGGCCGGUCUGCAG,0.0425162967176923,0.0
CAGGCUGCUUACCG,0.005409663431477,0.00760783975132479
AGUGGUGUUUAGAC,0.00538544685921657,0.0222844635864157
AGGCGGCUUUGCAC,0.0142839617899704,0.0
CAGGCUGCCCGGCC,0.000918542052285385,0.0278509026055595
CAGCCUGCCUAGAG,0.00655751605981515,0.0380747462007142
CAGCCUGUUCAGAG,0.00680882029759568,0.0185724034459042
AGGCGUCUUUACCC,0.0078016428856447,0.0336806436862787
CAUCGGGCUCAGCC,0.000380581573219538,0.0426986945320896
CAUGGUGUUUAGAG,0.00261393409370026,0.0
CAUGGUGUUUAGCG,0.00287317252118323,0.0
CAUCGGGCCUGCAG,0.00437286354381145,0.0
AGGGGGCUUUAGCC,0.0114450255714571,0.0276738925983549
AGGCCGGCCCGCAG,0.0168435312952331,0.0356421705941983
CAUCGGGUUCACAG,0.00409236995433453,0.0
CAGCGGCUUCACCC,0.00379385600131074,0.00998967135288734
CAUCGUGCUUGCCG,0.00448421265059121,0.0
AGUGCGCCCCGCCG,0.88856672326814,0.0265913926401675
AGGGGUCCUUAGAC,0.0137523776733058,0.037685616750382
AAUCGGGCCCACAG,0.00990235153644728,0.036695837013897
AAUGGUGUUCGGCG,0.0170301980503282,0.0
AAGGGUCCUUGCCG,0.035896124969641,0.0
CGUCCUCUCUAGAG,0.00620706841381883,0.0
AGGGGGCUCCGGAG,0.182807176864516,0.139538364240902
CGUGCUGCCCAGCC,0.000796725537018562,0.0
AGGCGUGCUUGCCG,0.026406795363962,0.0310162599990553
CGUCCGGUUUACCG,0.00342215723285387,0.0
CGGGGUGCCUGCAC,0.00387709127122529,0.0629492242411656
CGUCGUGCUUGGCC,0.000979059613241481,0.0
AAGCGGCCUUGCCG,0.0273217151428784,0.0162102214685007
CAUCCGCCCCGGAG,0.0045579814338328,0.0
CGGCCUGUUCAGCC,0.00124287302486732,0.0559063931894783
AAUCGUGUCCACCG,0.0120389755973959,0.0190128903013997
CGUCGUGUCCAGCC,0.000836063671718645,0.0927811852059196
AGGCCGCCUCGCAC,0.0333157541244135,0.0272311562430281
AGUGCGCCUUACAG,0.0232890969542827,0.045902147997795
AAUCGUGCCUAGCC,0.00128406179753235,0.0406128393654724
AGGCGGGUCUACAC,0.015055802060016,0.0
CGUGGUGUCCAGAC,0.00179660285133338,0.0
CGGCCUGUUUGCCC,0.00195988329785817,0.0389209140558364
AAGCCGGCCCGGAC,0.0219552406626721,0.0
CAGCCUGUCUACCC,0.00117129355725911,0.0356087734190138
AAUCCGCCUUACAG,0.0108482838779962,0.0276135178416325
CAGCCGGCUCGGCC,0.00466438778006554,0.100512770325822
CGGCCGGCUCACAG,0.00502511496586033,0.0284858807937189
AAUCGGGCUUAGAC,0.00686275540779805,0.0247869895448124
CAGCCGCUCUGCAC,0.00509072091169726,0.0585135118397173
AAUCGUGUUUAGAC,0.00469246048429742,0.0290937313544278
AAUCGUCCUCAGAG,0.0114158662706381,0.108010223900699
AAGGGUCCCUGGCC,0.0138509160532868,0.0496148333895578
CAGGCUGCCCGCCC,0.00183005528083625,0.0550401778247564
AGGCGGGCCCAGCG,0.0179633420043973,0.0
AGGCCGCCCUGCAC,0.0183094689984726,0.029856191027494
AAGGGGCUCCGCCG,0.0300940908568877,0.0
CAGCGUCCUCAGCG,0.00414444573046412,0.0
CGUGCUGCCCGGCC,0.00106608549412294,0.163849078755082
CGUGCGCCCUGCAG,0.00602318718633464,0.0
CGGCCGGCUUGCAC,0.00473220680741169,0.0
AGGCCUGCUCACAC,0.0154415047710037,0.0198846392230701
CAUCGGCUCUAGCG,0.00230402098784117,0.0
AAUCCGCCCUGGCC,0.00234982297995994,0.0204464730888646
CAGGCUGCCUGGCC,0.00219977271153091,0.0
AAUGGGGCUCGCAC,0.0451885282368103,0.0
AAGCGUCCUCGGCG,0.0170936527490661,0.0534001843868965
CAUCCGGUUCAGAC,0.00298763985059648,0.0
CAGGCGCUCUAGCG,0.00631564914746101,0.0
AGGGGGCUCCAGAC,0.0220404437901032,0.0
AAGGGUCCCCAGCG,0.0217547046062257,0.0176394371542064
CGGGCUCCCUGCCC,0.00301215294360252,0.0
AGGGGUCCUUAGCC,0.00343880109601819,0.0212537751624801
AGUCGUGCUUACAG,0.00850321079814683,0.0363046903080632
CAGCCUCUCCGCCG,0.00738002178319489,0.0434315491744441
AAUGCGCUUUAGCC,0.00213639733739962,0.0256611422270938
AAGGCGCUUCAGCC,0.0144255726913773,0.016111538872675
AAUCGUGCUCAGCG,0.0155037586398264,0.0296741456889895
CGGGCGCUCUAGAG,0.00643517210997187,0.0
AGUCCUGCCUAGAC,0.00607787766811303,0.0353995780688647
CGGCCUCCCCACCC,0.00175159348668836,0.0278421550965003
AAGCGUGUCCGGAG,0.0317443391077415,0.0
AAGCGGCCUUACAC,0.0185008961958993,0.0300511760638981
CGGCGUGCCCGCAC,0.00339034357499621,0.0
AAUGCGGCUCAGCC,0.00343638004116526,0.0280678071732341
AAUGGUCUCUGGAC,0.00533710820369438,0.0649670034499327
AGGGGUGUCUAGAC,0.0209746401275875,0.0
CGUCGGGCUCGGCC,0.00101834716164215,0.0
CGUCCGGUCUGCAC,0.00387299665338109,0.0
AAGCGGGCUUGCAC,0.0194651004999417,0.0
CAGGCGCUUCACCC,0.00162496699697718,0.0315499536590773
AGUCGUGCUUGCCC,0.00417030293466954,0.0
CAUCGGCUCUGCCC,0.00137545445478631,0.0
CAUGGGGCCUAGAG,0.00347414089831805,0.0
CGUCCGGUCCGGAG,0.00343867084086787,0.0
AGGGGGCCUCGGCC,0.0182000608080207,0.0
AGUCCUGCUUGGCC,0.00172871132512158,0.044350225006171
AGUGGGGUUUGCCG,0.024899105991429,0.0382562102970659
AAUGGGGUCUGGCG,0.0196286766560718,0.0
CGGGCUGUUUACCG,0.00609367389538236,0.0393274900397982
CAGGCGGCCCGGCG,0.00592908153994511,0.0317911214848473
AGGGGUCCUUACCC,0.0189272110387972,0.0270652002291999
CAGCCUCCUUGCCG,0.00704634504291112,0.0300853045741827
AGUGGUGUCCGCCG,0.0128709287573322,0.0
AGUGCGGUUCGCCC,0.0117959288935464,0.0
AAUCCGGUUUGGAG,0.00782839749087668,0.0
AGUGCUGCUCACAG,0.0124860252886522,0.0215961741305635
AAGCGGGUUUAGCC,0.00536404594707538,0.0307522013370389
CGUGCGGUUCGGAC,0.0020080441977358,0.0
CAGCCGGCCCGGAG,0.00856308539743961,0.0301424083522128
AAUGGUCUCUGGAG,0.0165069140963522,0.0
AAUGCUGUUUGGCC,0.0020669650844132,0.0336352934479238
AAUCCUGCCUGCCC,0.00463385950741774,0.0769906466603188
AAGCGUGUCCGGCC,0.00808894013182691,0.0430903208597808
AAGCCGCCUCGCAG,0.0402392170798209,0.0136824214813904
CAGGGUGUUCAGCG,0.00695857554744593,0.0324737687413098
CGGCGUCCUUGGCC,0.00211259134433648,0.450737893108568
CAGCGGCCUUGCCC,0.0106245844125144,0.0
CGUGGUGCUUAGAC,0.00189541600815672,0.03870212828974
AGUCCGCCUCAGCC,0.00088101480960947,0.0242066881699527
CGGCGUGCUUAGAC,0.00186767724984767,0.0474087837537625
AAUGCUCUUCACAC,0.0114202860618273,0.0310838698819303
CGUCGGGCCUACAC,0.00316202101834676,0.0369027191255721
AGGGGGGCUCGGCC,0.0139196256950154,0.0
AAUGGUGCCCACCG,0.0165756533527371,0.0552563357944104
CGUCGGGCUCACAC,0.00390959148274823,0.0247547346271066
CAUGGGGUUCAGAG,0.0034628995659008,0.0
CGUGGGCCUUGCAC,0.00390237337158505,0.0429853467668298
CGUCGUGCCCGCAG,0.0039281655563052,0.0484170348679164
CAGCGGCUCUGCCG,0.0054771643333584,0.0
CAUGCGCUUUGCAC,0.00404403170433255,0.0320792615114713
CGUGCUCUUCGCAG,0.00369882417332091,0.0265472694604876
CAGGCUCUCCGCAC,0.00582099323832017,0.0165150534826559
CAUGGGCUUCAGCC,0.000530565042354579,0.0500244638421608
CAGCGUCCCUAGAG,0.0043030171227021,0.0608332660552434
CGUCCUGCUUGCCC,0.00127174055092895,0.0
CAGCGUGUUCAGCC,0.00143668917971276,0.163629019756986
AGGCGGCUCCGCAC,0.0165632410070127,0.0
CAGCGUGCUCGCCC,0.00412020920572456,0.0626050627154332
CGGGGUGUCCGCCG,0.00372308060758244,0.0
AGUCCUGUCUACCG,0.0121461687783899,0.0348230705127883
AGUCCUCCUCAGCC,0.000860561083044677,0.0413895651609291
AAUGCUCUCCACCG,0.0150093335351395,0.0318606668611175
AGGGCUCUUCGGCC,0.0101382117425707,0.0256471854289015
CGGCCGGUUCACCG,0.00764682894960746,0.0240305968203482
CAGGCUCCUCGGAC,0.00245160049602615,0.0213276190576749
CGGGGGCCUUACAG,0.00465184910323741,0.0
AAUGCUGUCUGGCC,0.00302118018767973,0.0234185280501325
AGGCCUCCUCACCG,0.0206841147626092,0.0351112193982779
AGGCCGCCUCACCC,0.00231637285188092,0.0361245309927929
CGGGGUCUCUACAC,0.00542966840673419,0.0233472673303587
AGGGCUCUCUGGCG,0.0264218784971129,0.0
AAGCCGCUCCGCAC,0.0248719945955324,0.0514794622491567
CGGCCUCCUCACCG,0.00648057196932791,0.0342703912495191
CGGGCGGUCUACCC,0.00162187161577229,0.0261198655616039
AGUCGUCUUCGGCC,0.00225445409369834,0.0493443670371348
CGGGGUCUUCGCAG,0.00535991817027886,0.0
AAGCCUCCUCAGAG,0.0256547401325193,0.0345351099506136
CAUGGGCCUCACAG,0.00284294435194995,0.0403232688516625
AAUCGUCCCCAGCG,0.0101278552874819,0.0309906742330711
CAGCGUCCCCGGCC,0.00217654529780667,0.589631705949696
CAGGCUCUUCAGAG,0.00627841402777077,0.0126225621886695
CAGGCUGCUCAGCG,0.0040666005357616,0.0
CGUCGUCUCCAGCC,0.00101646743787464,0.0
AGUGGGGCUCGGAG,0.0444982594218253,0.0
CAGCGGCUCUAGCG,0.00435700283823747,0.0
AAUCGUCUUUGGCG,0.00785782755663185,0.0411548266816848
CGUGGUGUCCGGAC,0.0017952340110657,0.0
CGUGGGGCUCGGAG,0.00242026275021583,0.0
AGUGGGGUCCACAG,0.0120853909698277,0.0315177208624842
CGGCGUCUUCGCCG,0.00556785027800617,0.0277316739736163
AAUCCUGCUUAGCG,0.0110554681793354,0.0377157043069595
CAUGGGGCCCGCAC,0.00285523269519509,0.0
AGGCCUCCCCGGAG,0.0303803377578727,0.0318465396335853
AAUCGUGUUCGGAG,0.0124092915054302,0.0
CGUCCGGUCUACCG,0.00433794383854741,0.0
AGGCGGCCCCACCG,0.0131629841467095,0.0
CGGCCGGUUUGCCC,0.00338050721744851,0.0484383428909503
CAUCCGGUUCACCC,0.00058763125715519,0.0238824129603279
CGUGGUCCUCAGCC,0.00055313397843799,0.0603347261536131
AAUGCGCUCCGCCG,0.0464053276827607,0.049425547018503
CAUCGUGCUUGGCG,0.00391992125822406,0.0
CAGCCGGUCCACAC,0.00420021326797164,0.0928087421396474
CGUGCUGUCCGCAG,0.00420867995554074,0.0
AGGGGUCCUUGCAG,0.0256720727433607,0.0440333980848784
CAUCGUGCCCGGAC,0.00209040025878672,1.30485197769004
AGUCCUGUUCGCAC,0.00945588012713788,0.0355712488365788
AAUCCGGCCUGCCG,0.0420569072451553,0.0
CAGGGGGCUCACAG,0.00443260211681434,0.0
CAUGCGGUCUACAG,0.00444571429890031,0.0444301656966772
CAUGGGCCCCGGAG,0.00287035494875791,0.130736586036363
AAUCCUCCUCACCC,0.00368301658903996,0.035336898292421
CGUGCGGUCCAGAC,0.00107961548748326,0.0330459752280494
AGUGGGCCCCAGCC,0.00148598987824788,0.040836606063933
AAGGCUCCUUGCCG,0.0369622638745807,0.0
CGGCCUGUUCACAC,0.00474908324238779,0.0201128493319824
CAUGGUCCUCAGAC,0.00179578929532523,0.00997084214342178
CAGGCUGCUUGCAC,0.00589130632832919,0.0296087382235429
AGGGCGCCUCGGAC,0.0772015470665849,0.0
AAUGCUGUCUGGAG,0.0161194149627469,0.0
AAGCGUCCCUACCC,0.0134852765585321,0.0610402145756082
AAUCGGGUUUAGAC,0.00511495729521149,0.01975138794182
AGUCCGGUCUACCC,0.00194428532495017,0.0331073841866945
AAGCCUGUUCAGAG,0.0208907482384003,0.118905389637311
CAUCGUGCUCGGCG,0.0024665826410952,0.0
AAUCGGGUCUACAC,0.00765881384303333,0.0446090983148834
CAGGGGCCCUAGCG,0.00350273916126993,0.0
CAGCCUCUCUGCAG,0.00365200361416495,0.0340568460902534
CAGGCGCCCUACCG,0.00623235855644863,0.0452659199366849
CGGCCGCCCUAGCC,0.000421900551161177,0.0332434847223124
AAGCCGGCCUGGAC,0.0197567408635153,0.0270380045175542
CAGCGUCUCUACAC,0.00320555695466123,0.0433223208339363
AAGGCUGCUCAGCG,0.0188272880114865,0.0
AGGGCGCUUUACAC,0.223125175448468,0.0256543981601502
AGUGGUGUUCACAC,0.0121586565776774,0.0
CAUCGGCUUUGCAG,0.00285672778562377,0.120001657096678
AGGGCGCUUCAGCG,0.172548908317678,0.0
AAUGCUGCUCACCC,0.0094566247432594,0.0283441604428004
CAUGCGCCUCAGCC,0.000279937658953535,0.0355647849546316
AAUCCGGCUCACAC,0.00902211818170518,0.0277468954401533
AAGCCUGCUCACAG,0.0209369326486547,0.0238532576749421
AAUGGGGUCUACAC,0.0248535187594339,0.0133603181958378
AGGCGUGCCCACCG,0.0326784092629029,0.0
AAGCGGCUUCGCCG,0.0269915745926038,0.0
AAUGGUCCCCGCAC,0.0105219842591191,0.0269239649079414
CGGCGUGCUCGCCC,0.00391159101809294,0.0
CGGCCUCCCCACCG,0.00407706565383216,0.0297990084502758
CAUCCGCCCCGGCG,0.00421647577595177,0.0248105715857415
CGGGCUCUUUAGAG,0.00810307810459165,0.0493589260555037
CAGCCGCUCUGGCC,0.0013529876175555,0.0308922788194676
CGGGGGCUCUAGCG,0.00486379725764527,0.0
CAGCGGGCCCGCAC,0.0043164096440924,0.0249103483994768
AGGCCGGCCUACAG,0.017702184551738,0.0
CGUCGUCCUCGGCG,0.00250977210500988,0.0663194677919618
CGGCCUCCCUGGAG,0.00981579251952029,0.0372522923672756
AAGGCUGUCUGGCG,0.0267323097276177,0.0
CGGGGUGCCCGGCC,0.00213933939528006,0.0
AGUGGGCUCUACAC,0.0304019303167567,0.0
AAGGGGCCUUACAC,0.0811146922059666,0.0205982196712824
CAGCGGGCUUAGCG,0.00441036478359249,0.0
CGGCCGCCCCAGCC,0.000499186024780944,0.0183731728656539
AAUGCUGCCUGGCC,0.00311890254991476,0.0222422651899396
CGGCCGCCCUGCAG,0.00558028334173375,0.0
CAGGGGGCUUGCCC,0.013359997509626,0.0
AGGCGUCCCUGGAG,0.018923228877838,0.0
AAUCGGGCCCAGAG,0.0109013868568129,0.0
CAGCCUGCUCAGCC,0.00105551426843281,0.0497617790220488
AAGCGGCCUCGGCC,0.0082612802302123,0.0307209270271101
CGUCGGCCCCGGAG,0.00539889482129426,0.0
CGUCGUCUCUGGAC,0.00274680613714971,0.607348788734378
CAUGCUCUUUACAG,0.00403815982972251,0.0593415536436334
AAGGGGGCUUACCG,0.041260952188756,0.0299158089941862
CGUGGGGCUUACAG,0.00244794825670188,0.0
CAGGCGGUCCACCG,0.00476663499020041,0.0514598461177644
CAGGCGGCUUAGAC,0.00452893395893244,0.0276927230081055
CGUGGGGUCUGCAC,0.00512083144140053,0.0
AAUCGUCCUCGGCC,0.00223315847932261,0.0
AGGGCGGUCUAGAG,0.273993912180683,0.0
AAGCCUGCCCGCCC,0.0130036660481249,0.0535433136336996
CAGGGUCUCUAGAC,0.00225657234427966,0.0
CGGGCGGUUCACCC,0.00175770392721277,0.0326701040402287
AGGCCUGUUUGCCG,0.0256192495484155,0.0563476970345927
CGUGGGGCCUACCC,0.00192034173971016,0.0
CGGGCGCUUUAGCC,0.00090974696506708,0.0390290642614092
CAUCCUGCUUGGAG,0.00577453562923519,0.0
CAUGGUCCCCGCCG,0.00310686045512744,0.0
AGGGCGCCCCAGAC,0.0553615002261786,0.0706772799758229
CAUCCGCCUCGCAC,0.00359436667381464,0.0346248109840523
AAUCGUGUUUGGCG,0.0102164371121537,0.0466160193979578
AGUCGGGUCUGGAC,0.00448220841709014,0.0357223618329299
CAGCCUCCCCGCAC,0.00611952383669911,0.0650080476379013
CGGGCGCCCUAGCC,0.000442137535295482,0.0178234701665943
CGUGGGGUCCAGCG,0.0033520346080471,0.0776870249311834
CGUGGGCCCUAGAC,0.00125993521848873,0.0
CGGCGGGUCCGGCC,0.00419124729547844,0.0912595899251586
AAUGGUCCUUACAC,0.0107268971226907,0.0313692902185785
CGUGGGGCUUAGCC,0.000363420622976055,0.0192607027981804
AAUGCGGUCUGGCC,0.00535475718464571,0.0149330545459191
CAUGCGGUUCACCG,0.0129786589980323,0.0
AGGCCGCUCUGCAG,0.0212448287170173,0.0
CAUCCGCCUUACAC,0.00289137488121022,0.0245184297886835
AAGGCGGCCCGCAC,0.097873039728966,0.0
AGGGGGCUCUAGCC,0.00932968592680215,0.0337350164445342
CAGGCUCCCCACAC,0.00556104388788676,0.0382296186551829
CGGGGGGUUUGGCC,0.00132624759840919,0.0
AAUGCUCUUUGGCG,0.0136226736801884,0.0284728746609073
AGUCGUCUCCACCC,0.0103611143261603,0.0126333968316793
AAGCGGGCUUACCG,0.0162935545862744,0.0228467795821509
AGUGGUGCCUGCCG,0.0115226189651619,0.0380110584957585
CAUCCUCCUUAGCC,0.000322973081718967,0.0449009818453308
AAUGGUCCUUGGAG,0.0192554285712619,0.0717493480514859
CAUGCUCUUUACAC,0.0046729201967364,0.0263312853870386
CAGCGGGUUCACCC,0.00536233109862682,0.0131984188466558
AGUCCGGUUUAGAG,0.0131690230942462,0.0
CAUGGUCCCUAGCC,0.000530538986580498,0.0
CAGCGGGUUCACCG,0.0050539949369285,0.0367868689321392
AGGGGGCCCCGGAG,0.0614720498461228,0.0
CGGGCUGCCUACAC,0.00394697313684751,0.0144793330978548
CAUCCUCUCCGCCC,0.00223567108760304,0.0615822947196421
CGGGGGCCUCGCCG,0.0109381744390068,0.0
CGUCCUGUUCAGAG,0.00533754374377955,0.0646683292458341
AGGGCGCUCUGCAG,0.373166657224618,0.0
AAGCCGCCCCAGCC,0.00261404654300618,0.0128416774142924
CAUGGGCUCUACAC,0.00309344081173688,0.0
AAGGCUCUCCGGCC,0.00977462299093199,0.0541277859552132
AAGCCGGUCCGGAG,0.0299018123974275,0.0
CGGCGGGUUUACAG,0.00534904353023891,0.0
AGUGCUCUUUACAC,0.0093458403934728,0.0207422199427348
CAGGCUCCUUGCCG,0.00892711994573656,0.0167281432683854
CAUCGUGCCCAGAG,0.00288299554758101,0.0
CGUGCUGCUUAGAC,0.00146375853361267,0.0
AAGGGGGCUUGCCC,1.0,0.0
AAGCCGGCCCGCAC,0.0170017828144266,0.0487359789651531
AGUGCUCCCCGGCG,0.0090089958979016,0.022766682128211
AAGGCGCUCCACAG,0.186794358528437,0.0279101345996407
CAGGCUCUUCGGCG,0.00452487260985823,0.0
AAUGCGGCCCACAC,0.0226429999301383,0.0212277816995239
AAUGGUGCUCACCC,0.0107467400031904,0.0265959145444332
AGGGCGCUCCACCC,0.0424031073962587,0.0285243659455649
AGGGCUGCUUGCAG,0.0288414644400719,0.045173758853461
CAGCCGGUCCGCCC,0.00245583091075673,0.0
AAUGGGCCUCGCAC,0.0860815670971707,0.0376606124825108
CGGCCGCCCUACAC,0.00442687976832228,0.0392409524411106
AAGCCUGUUUGCCG,0.0189998756194675,0.0
AAUGGGCUUUACAC,0.0636649096369024,0.024529228426217
AAGCCGGUCCGCAG,0.0241372885752683,0.0275511230358753
AAGCCGCCCCGGAG,0.025907875485596,0.0
CAUGCGCUUUACCC,0.00112574845525832,0.0285903164236398
CAUCCUCUCCGCAC,0.00266165514689807,0.0235717186514154
CAGGCGCCUUAGCC,0.000631737929742161,0.0287233944856034
AGGGGUCCUUGGAC,0.00912740789323706,0.0
CGGCGGGCCCAGAC,0.00465583640246876,0.0
CAGCCUCCUUACAG,0.00433597338938159,0.0254454198340234
CAGCCUCCCCAGCC,0.00117979558754227,0.0356705161672002
AGUCGUCCCCGGCG,0.0128128457007288,0.0
AGUGCGCUUCGCCC,0.014385616800669,0.0
CGUCCUCUCUACAG,0.00537940921136177,0.01839206110759
AGUCGGGUUCACAG,0.0109802529594182,0.0
AGUGCUCCCCGCCC,0.00653512488170999,0.0208749395284244
CGUGCUCUCCGCAG,0.00562236881197831,0.0
AAGCGGCUUCGGAG,0.0153777886890822,0.0
CGUCGGCUCCACCC,0.00279110946194245,0.0
AAGCCGCUUUGCAG,0.0193811653574415,0.0311067753937397
CAGGCUCCCUGCAG,0.00568329556523895,0.0223989286269355
CGGCCGCUUCGCCC,0.00350823695605077,0.0671873459066609
AGGCCGCCCCGCCG,0.0737466893110517,0.0432608505222884
AAGGCUCUCCACCG,0.0262091085586368,0.0271954908251427
CAUGGGGCCCGGAC,0.00142201910640051,0.0
CGUCCUCCCCAGCG,0.00428838101003985,0.0102763517411794
AGGGCGGUCUGGCG,0.227777091813839,0.0
AAGCCUGUUUGGCC,0.00701872847254243,0.0281966431148924
CAUCCGGUUUAGCC,0.000324998493031868,0.0311564882162905
CAGCGGCCUUGCAC,0.00527757134216405,0.0
AAGGCUCUCUGGAC,0.0134575664316847,0.0212389609225466
AAGGCGCCCUGGCC,0.0348098461563825,0.0435426500610751
CAUGGGGUUUACAG,0.00300096731622383,0.0
AAUGCGCCCUAGAG,0.0366064740970144,0.0221441912611028
AGUCCUCCCCACAG,0.0147332558285197,0.0311897292589824
CGUGCUGCUUGCCC,0.0031597550327685,0.0
AGGGCUGUCUAGCG,0.0347079874813354,0.0
AAUCCGGUCCGGCC,0.0016690829910712,0.0218523851320233
AAUGGGGUUCGCAC,0.0173157690848512,0.0
AAGGGGCUCUGCAC,0.0614168684728318,0.0
CGUGGUCCCCACAG,0.00353160789062105,0.0486623048097593
AGUCGGGUUCAGCC,0.00106424490894752,0.0267902949367855
CGUCCUGUCCGGAC,0.00301159359316732,0.0
AAUGCUCUCCGCCC,0.00797205229460117,0.0203290106578755
CAGCCUGCCUGCCG,0.00908127743302558,0.0
AGGCGGGCCUACCC,0.00311411160897787,0.0217378830761032
AAGGCGGUCUGCAG,0.108470229853484,0.0
CAGCGUCCUCGCAG,0.00600767934465984,0.0219702601770073
AAUCCUGCUCGCAG,0.0153607799514391,0.0473509124586348
CGUGGGCUUUGCAC,0.00256934394289565,0.0
AGGGCUGUUCACCC,0.0132995599073244,0.0265823224061653
AAUGCGGUCUAGCC,0.0022417228382599,0.0225709862181506
CAGGCGGCCUGGCG,0.00713462697020688,0.0
AGUGGUCCUCACAG,0.00919473157306916,0.0367413318250713
AGUCCGCCCUGCCC,0.00502696589708808,0.0156651757835135
AAGGCUCUCUAGCC,0.00597932799367346,0.0356519184667402
CAGCCUGUUUGGCC,0.00161426106940701,0.0
CAUCGGCCUUACAC,0.00262326403869146,0.0312331881617294
CAGCCGCUCUACCC,0.0010289506412157,0.0310501954859193
AAGGCGGUCCAGCG,0.0460291153944962,0.0140671525512939
CGGCCGGUCCACCG,0.00618031380858685,0.0342929171130622
CGGGCGCCCCACCG,0.00840078583562404,0.0567325782173823
CAUCCUCUCUAGCG,0.00342171880389572,0.0
CAUGCUCCCCAGAC,0.00161018007232143,0.0334688086588837
AGGCCGGCCCGGAG,0.0752874591227853,0.0
AGUCCUGCCCGCAG,0.0132180121917753,0.0
AAGGCGCUUUACAC,0.113898519104475,0.0171990655816629
CAUCGUCUCCAGAC,0.00203596275204749,0.136801297172463
CGGGCUCUCUGCAC,0.00866798729128847,0.0285929159482215
CGGGGUCCUUGGCG,0.00505216128797179,0.0
CAGCCGGCUUAGCG,0.00516783919148047,0.0
CGGCGGGUUUGCCG,0.00398543600740647,0.0
CGGCGGCCCCGGCG,0.00472983199636749,0.0
CAUGCGGCCUGGCG,0.00339794145651388,0.0
CGUGCGGUCCGGAG,0.00561846709871532,0.0
CGGGCUGUCUAGAG,0.00618031380858685,0.0
CAGGCGGCUUGCCG,0.0667710458363115,0.0
AGUCCUCCCCACAC,0.0110973559267392,0.0269240756788279
CAGGGUCUUUACAC,0.00443173721884032,0.0181568125428259
AAGCCGCUUUGGAC,0.0130146997049075,0.0
AGGGGGCCUCGGCG,0.152962766762524,0.0
CAUCGGGUCCACAC,0.00285245252704008,0.0
AGGCGGCUCCGGCC,0.00488444155839928,0.0
CGUCGUCCCCGGCG,0.00288414644400719,0.0
AGGCGGGCUUAGAG,0.0281769145681809,0.0
AGUGGGGUCCGGAG,0.0497677901428309,0.0
AAUCCUCCCCAGAC,0.00447848826709192,0.0284467735923717
CGUCGUGUUCAGAG,0.00458934193706944,0.0
CAUCCGGUUUACAG,0.00412338348092158,0.0294946227501598
AGGCGGGUCUAGCC,0.00498114844274164,0.0
CGUCCGCUUCGGAG,0.00442768750465923,0.0324100572844239
CAUGGGGUUCAGCG,0.00292751706722535,0.0
CGUGCGGCUUACAC,0.00253680322608274,0.0218586237285041
AAUGCGCUUCGGAC,0.0113534653668854,0.0294715521957653
AGUGCGGCUUGGCG,0.0223652240034496,0.0355280845217119
CGGGGGCUUCAGAG,0.00719055741191355,0.0
AAGGGGCUUCGGCG,0.0479116070482191,0.057493634708662
AAUCCGGUUCAGCC,0.000806931699097562,0.0298117093518509
CGUGCUCUCUACCG,0.00541213921090939,0.0
AAGGGGCUCUGGCC,0.0102316231948177,0.0
CAGCCUGCUUACCG,0.00538285396231758,0.0346840047104466
AGGGGUGCUCGGCC,0.014408321951344,0.0
AAUCGUCCCCACCG,0.00707689454419874,0.020765387622636
CGUCGGCCUCACCC,0.00030823306740663,0.0
CAGCCGCUCUACAG,0.00584803887264132,0.0395502011763032
CAGGGUGCCCAGAG,0.00591544321679027,0.0
CAGCCGGCUUACCG,0.00544236589114364,0.0469870665691298
CAGGCGGUCCAGCG,0.00391097983199636,0.0
AAGCGUGUUUACCG,0.0159518910464876,0.0164093144670356
AAUGGGGCUUGGAG,0.0108465748367568,0.0
CGUGCGGCCUGCCG,0.0146689375938748,0.0
AAUCCGGUCCACCG,0.00989069758709903,0.0262850749197571
AAUGCGCCCCGGCG,0.0306461841748108,0.0208284783532299
AGGGCUGCUUGCAC,0.0273818387573265,0.0349656624680809
AGGCCUCUUCAGCG,0.0210195047760792,0.0
AAUCGGCUUCGCCG,0.0152106168864184,0.0
AAGCGUGCUUACAC,0.0142367943090661,0.0337008908814902
CGUCCUCUCCGGCG,0.00362970810980497,0.0
AGGGGUGCUUGCAG,0.0304004625179137,0.025520848401046
CGGGGGCCUCGCAC,0.00685760847254157,0.0
CAUGCGCUUUGGCG,0.00510186978829653,0.0
CAUGCGGCCUGCAG,0.00468919047699129,0.0
CAUGGGGUCCAGCG,0.00390773204937554,0.0
CGUCCGCUUUAGCG,0.00341889700049485,0.0271642835252585
AGUGGGGCCCGGAC,0.00629648512077833,0.0
CAUCGGGCCCACCG,0.00422863576376995,0.0
CGGGGGCUCCAGAG,0.00378912096597884,0.0
AAGCGUCCCUGCAG,0.0204234508042381,0.0
AGUGGGGCCCGCCG,0.0241536753947833,0.0
AGGCGGCCUUGCCC,0.0219559396218799,0.0
CAGCGUCUCUACCC,0.00294696577718864,0.0307406645664057
AAGCGGGUCCGCCC,0.0182068704090801,0.0603043295161051
AAGGCUGCCCGGCG,0.0322477760111413,0.0242112491426447
CAUCCUCCCCGCAG,0.00330443785751085,0.143763126893549
AAUCCGGCCUAGAC,0.00768842866139991,0.0202214249131153
CGGGGUGCUCGGCC,0.00272567685917163,0.0
CAUCCGCUCCGGCG,0.00259258926716143,0.0373771742721706
CAUCCUGCUCGCAG,0.00313114041761296,0.0
CAGCGUGCUCACCC,0.00296266516560941,0.0
CGUGGGCCUCACCC,0.00170407069392434,0.0325256044229574
CGUGGGGUUUGCCG,0.00263793882073829,0.0
AGUCGUGCUCGCAC,0.00806033933777236,0.0
AGUCGUGCUCACCG,0.00792605179997339,0.0
CAUCGGCCUCGGAG,0.00312679908102417,0.0
AAUCCUCCUCGGAC,0.00479390243577325,0.0363423943850679
AAGGCUGCCCACCG,0.023383249152076,0.0459768296931885
AGUGCGGUUCGGAG,0.0397305887694869,0.0
CGGCGUCCUUACCC,0.000702892832599336,0.0291700164964961
AAUCGUCUCCGGCG,0.0072685418213945,0.0
AGGCGUCCCUACCC,0.0115790704234808,0.0208483971046732
CAGGGUGCCCGGCC,0.00124442866873407,0.0
AGGGGUCUCCAGAC,0.0192186074135442,0.0203180269248551
CAUGCGCUUCACCC,0.00082947191782809,0.019688323022582
AAGGCGGUCUACAG,0.563960209835474,0.088998728072798
AGUCCGCCUUACCG,0.0110246371102208,0.0247767148097989
AGUCCUCCUUGGCC,0.00161814196726908,0.0179644599320066
CGUCGUGCUCGGCG,0.00245081409650858,0.0
CGGCCUCUCUGCAC,0.00550301914463212,0.0558060633026246
CGUGGUGUUUACCC,0.000982864041548825,0.0261425899858147
AAGGGUCCCCGGAG,0.150508818632644,0.0
AAUCCUCUCUGGAG,0.00746581908077292,0.0
CGUCGUGCUUGCAC,0.00399589254865529,0.0334424422166862
AAGCGUGCUCGGCC,0.00995135274263984,0.0169814601818745
CGGCCUGUUUACAC,0.00520703604345506,0.0484473239944959
CAUGGUGUUUACAC,0.0029040028739143,0.014207897810903
CGUGGGGUUCGGCG,0.00298599431201387,0.0
CAUGGUGUUUACAG,0.0028494904787254,0.0
AAUCGUGUUCACAG,0.011415403152331,0.0360803575181997
AGUCCUGCCCGGAC,0.00540247110956562,0.0429374475148076
AGUGCUCCCUGCAG,0.0180149572718382,0.0221996900069337
AAGCGUGUCUAGCC,0.00800693988979141,0.0115975379300077
CGUCGUGUCCACCC,0.00713406593954161,0.0
CGGCGUGCCCGGAG,0.0191915007740328,0.0
CGUCCGCUCUGGCC,0.000818986369726846,0.0282663747243919
AAGCCUGUUUGCAG,0.0134206814419475,0.0493921176210663
AGUCCGCUUCAGAG,0.00977807573750484,0.0378236151188416
CGUCGGCUUUGGAC,0.00256069076804377,0.0
AGGGCGCCCUGCCC,0.0735519561146083,0.0510272113279931
AAUGGGGCCUGCAG,0.015488623177438,0.0
AAGGCGCCUCACCG,0.200317914976926,0.0488363666273628
CAGCGUCCUCACAC,0.00537047958539271,0.032562434306753
AGGGGGCUCCGCAC,0.0393165725902191,0.0269414901086995
AGUGGGGCCCACCG,0.0139453234655293,0.0189650658424876
CGUCCGCUUUGGAG,0.00374384394174011,0.0
AAGCGUCCUUGGCC,0.00644466351426387,0.0292668339936947
AGUGCGCCCCGGAC,0.0112248658910133,0.0279525508837951
CAUGCUGCUUACCG,0.00408632590633538,0.0
AAUCCGCUCUAGCC,0.000867359146818788,0.0382074466979654
AGGCCGGCCCAGCC,0.00355395008713676,0.0295746544736333
CGUCGUGCUUAGAG,0.00236450000592373,0.0
CAGCGUGUCUACCC,0.00335886620031894,0.0
AAGGGGCCUCACAC,0.045086186122241,0.0515701243264218
AAGCCUCCUCAGCG,0.0159705356827397,0.0232619797007517
AAUGGUGCUCAGAG,0.0161161293094728,0.0
AAGCCUCCCCAGAC,0.0130148763379314,0.0266769367743058
AGUCCGGUUCAGCG,0.0110936632864134,0.0
AAUCGUCCUUAGCC,0.000909390130928626,0.0303312667685076
CAGCGUGCUCAGAC,0.00265294045980107,0.0508347463519908
AAGCGUGUUCGGAG,0.01677513748045,0.0
AAUGGGGCCUACCC,0.0116920653686976,0.0152300382701684
AGUCCUGUUCGCCC,0.00945479586155743,0.0265000444222937
CGGCCUCCUCACAG,0.00650847206391004,0.0392147935691828
CGGGGUCCCUGGAG,0.0106867926273481,0.0
CAUGGGGUCCGGCG,0.00594561834750127,0.0
AAUGCUGUUCACAC,0.0142948369387499,0.0258964267371648
AGGCCGGUCUGGCC,0.0100292636893793,0.0
CAUCGGCUCUAGCC,0.000245318404874204,0.0482682182653546
AAGGCUCUUUGCCC,0.0116277542193339,0.026655200392021
AAGGCGCUUUAGCC,0.01636370448282,0.042481598841901
CGUGGUGUCUGCCC,0.00243288543576117,0.0
CAGGCGGUCUACCG,0.0308536596335653,0.0240455761413805
CGGGCGGUCUAGCG,0.00494425104686948,0.0
CGUCCGCUCCGCAG,0.00322451155230618,0.0
CAUGCGGCUCACCG,0.00454063871651279,0.022124744509267
AAGGGGCUCUGGCG,0.0484602089362041,0.0
CAGGCGGCUCGGAG,0.00710736087987488,0.0
CAUGCUGUCCAGCC,0.0004491847394025,0.0533753103410579
CAUCGUGCCCAGAC,0.00215269357377744,0.166776320874507
CAUGCGCCUUGGCC,0.00128904817760672,0.036887160578354
CAGCCGGCCUGCCG,0.0155685047844878,0.0
AGUGCUGCCUGGCC,0.00280110654776839,0.0354546178241132
AGUGGGGUUCACCG,0.0159977149470057,0.0
AAUGGUGCUUAGAG,0.0119119397294308,0.0
CGUCGUCCUUACCC,0.000545707011589373,0.0835262938850024
AAUGCUGCUUAGCG,0.011476062928939,0.0205318961921582
CAGCGGCUUUGGAC,0.00292751706722535,0.0497316217683576
AGUGCUCUUUGGCC,0.00169386378457565,0.0171764861081486
CGUGCGGCCUGCAC,0.00359277278631705,0.0
AAUCCGGUCCAGAG,0.0115725339100384,0.0
CAGCCUGUCCGGAG,0.00605288465789434,0.0
CAUGCUGCCUGGAC,0.00175124334306284,0.0
CAUGCGCCUCGGCG,0.00316286647851209,0.0
CGUCCGGUCUAGCG,0.0029965157859815,0.0412637538623188
CAUCGGGUCCGCAC,0.00386897693708282,0.0406026646437917
AAUCCUCCCCAGCG,0.0091078308758122,0.017543022136057
AGGGCGGCUCACAC,0.100855908411781,0.0257507137925632
CAUGCUGCCCGGAC,0.0020700089519145,0.0
AAGGGGCCCUGCAC,0.47076632470783,0.0
CAGGGUGUCUAGAC,0.00289406379658115,0.0627990748078612
AGGCCGCUUCGCCG,0.128685986151397,0.0
CGUGGGCCCCGCCG,0.0030529260982176,0.0
AGGCCGCCCCAGAC,0.00740340439739264,0.0
AGUGGGGCUCAGAG,0.0127448958332516,0.0
CGUGCUGUUUAGAG,0.00500004554653033,0.0
CAGGGGCCCUGCCG,0.0270273424763574,0.0
AAGGCUCCCUAGCC,0.00506202276105409,0.0289773084425333
CGUCCGCCCCGCCG,0.00536291746616085,0.0
AGUGCUGUCCAGCG,0.00839589800411798,0.0
AAUGGUGCCCGGAC,0.00786154859942848,0.0
CAGCGGCCUUAGCG,0.00330158869248192,0.0
AAGGGUCCUCAGCG,0.0259819162599795,0.0154987868175405
AGUCGUCUUCGGAG,0.00940651535646552,0.0
AGUCCGGCCUGGAC,0.00548338480463982,0.0
AAGCGGGUUCACCC,0.0290206039707556,0.0253954890486886
CGGGCGCUUUAGAG,0.00776583934063269,0.0
AGGCGGGCCCGGCG,0.0238972133932025,0.0
AAUGGUGCCUGCAG,0.0154027509944573,0.0
CAUGCUGCCCAGAG,0.00343855694742454,0.0
CAGCGGGUCCGCCG,0.00533514268946386,0.0
AAUGCGCUUUAGCG,0.0293301240643004,0.0406338382682133
CGGCCGGCCCAGAC,0.00268116554931341,0.0
CGGGGGGCCCGGCC,0.00103240940051908,0.0
CGUCGGGUCCGGCC,0.000890660337968579,0.0
AAGCCGGCCUAGCG,0.0182192894059828,0.0
AGUGGUCCCUGGAG,0.01555210114128,0.0
CGUCCUGUCCGGAG,0.00387495865776477,0.0
CAUGCGGCUCGCAG,0.00473333557562405,0.0
CAGGGUCCUUACAG,0.00880982620540796,0.0416553100066248
AGGCCGCCCUACAC,0.0212626854631187,0.0182792403190635
CAGCCUGCCUAGAC,0.00257371972302794,0.0232392002086354
AAUGGGCUUUACAG,0.0134913617225041,0.0351830259833481
AGUGGGGCUUAGAG,0.016265602013644,0.0575238652283738
CAGGCGGCUUAGCC,0.000832704407138589,0.0552617399040918
CGUCCGGUUUGGAC,0.0024903029169894,0.0
CGUCGGGUCUACAG,0.0028991290229371,0.0
CAGCGUCCUUACAC,0.00433883255133444,0.0
AAGGGUGCCUACCC,0.0182302907316781,0.0355191401934802
AGGCCUGCCCGGCC,0.00976253391420088,0.0
AGUGCUGCUUGGAC,0.00566135616053757,0.0
CGGGCUCCCCACCC,0.00181902853231457,0.0138189453440173
AAUGGUGUCUAGCG,0.00917958374510694,0.0252638728361123
AGUGGUGCUCAGCC,0.00263672421180592,0.0
AAGCCGCCUCGCAC,0.0355998688259926,0.0516125274865508
AGGGCGCCUUGCCC,0.0656799594060228,0.0
AGUGGUGCCUACAC,0.00877394266587661,0.0191282427363444
AGUCCGGCUUACCC,0.00112389336519141,0.0350353635594529
CAUCGGGUCCACCC,0.00257594695983889,0.0557154978569911
AAUGGUCCUCAGCG,0.0147761728029242,0.0
AGGGCUCUCCGGCC,0.0160434173524275,0.0
CGUCCUCUUCAGAG,0.00603523601965288,0.0
AGGGGUCCCCAGCG,0.0303778136354269,0.0
CAUCCGCUCUGCAG,0.00442540988763009,0.0407787474159667
AGGCGUCUUUACCG,0.0197088747439187,0.0126571106824495
CAGGCGCUCCACCG,0.0104418298282261,0.0405424447664453
AAUCGUGUCUAGAG,0.0112570001513546,0.0673979211209808
AGGGGGGUUUGCAC,0.203721455171937,0.0
AGUCCUCCUCAGAC,0.00457739819512983,0.0268708083203513
CGUCGGGCUUACAG,0.00326541953468618,0.0
CAGGCGGCUCGGAC,0.00253865581372547,0.0445545030031138
CAGCGGGUUUAGAG,0.00481029350619075,0.0
AAUCCUCUUCGCAG,0.0109484183193885,0.0
CGGGCUGCUCGGCC,0.00320787716731412,0.0
CAUGGUGCUCAGAG,0.00403750427641257,0.0
AGGGCUCUUUACAC,0.0294958009430302,0.0415249749862428
AAGGCUCCUUAGAC,0.0178504035700525,0.0252733549712403
CGUCGGCCCCGCCC,0.00234119607470704,0.0
AAGGGUCUUUGCAG,0.0270727892688341,0.0
AAUCCGCCCUACAC,0.0105644056710384,0.025890406538665
CAGGCGCUUUACAC,0.0068637608332331,0.0219792823813218
AAGGGUGCCUAGCG,0.0194963522560734,0.0275285760084378
AGUGCGCUCUAGCC,0.00192768921905178,0.0273295912998128
CAGCCUGCUUGCAG,0.00591917378850571,0.0153890637075443
CAGGGUGCUCAGCC,0.00130238808063879,0.0
CAGCCUGCUCGGCC,0.00346412493729708,0.0503048296254311
AGGGCGCUCCGCAG,0.139005558078132,0.065686945727049
CAUCGUGUCCGGAC,0.00152600340952761,1.23763224546312
CAUGCGCUCUGGCG,0.00327409481526327,0.0
AGGGGGCCUCGCCC,2.5551694242417,0.0332250881147129
AAGCGGGUCUAGAG,0.0237784955008341,0.0
AGUGGUCUUUGCCG,0.00984660166113837,0.0
AAGGGUGUCCAGAG,0.0157040760709993,0.0321831591929644
CGUGCUGCCCGCCG,0.00351802478334943,0.0
AAUCCUCCCUACAC,0.0103123239408417,0.019618389966881
CAGCCUGCUUGGAC,0.00288911055148397,0.0508009753450524
AAGCGGCUCCAGCC,0.00234445706917285,0.0188128538312728
CAUCCGGCCUACAG,0.00401720397558145,0.0
AAGCGGGUUCGGCC,0.00755113529244634,0.0218495422568507
CAUGCGCCCCAGAC,0.00114915209878411,0.0193939579285892
AAGGCUCUCUACCC,0.0133906799186048,0.0454593517025263
AAUCCGGUCCAGCC,0.000936628953161806,0.0222011008732852
CAUCCGGUUUGCAG,0.00351751902935528,0.0
CAGGCUCUUUAGCG,0.0112971320592025,0.0663754826667538
CAUGCUCCUCACCC,0.000924405911540768,0.0322148162819582
CGUCCGCCCCGGAG,0.00549361227429942,0.0288964135596419
AAGCCUGCCUACCG,0.0134520737643855,0.0247301330483816
AGUCCGCUUUGCAC,0.0128263903969512,0.0339602323947112
CGGCCUGCCUGGAC,0.00257513075357785,0.0
AGGCCUCCCUGGAC,0.00883104473107708,0.0366031818248575
AGGCCUGCCUACCC,0.00369676969151038,0.0351156815813492
CGGCCGGCUCAGAC,0.00381078637999821,0.0327005626099935
AAGCGGCCUUAGCC,0.0025557331506685,0.0418231194033371
AGGGGGCCCCGGCG,0.0513828415481348,0.0
AAGGGUGUCUAGCG,0.017031463859608,0.0
AAUGCUGUCUACCG,0.0164657995630233,0.0109469908650886
CGUGGUGCUUGCCC,0.00164021067106869,0.0
AGGGGGCCUCACCG,0.0546206112272405,0.0
CAGGGUGCCUGCAG,0.00562920302310776,0.0232886524446678
CGGGCGGUCUGCCG,0.0152089461550441,0.0503673045092986
AGUCGUGUCCGCCG,0.00827533543861629,0.0
CGUGCUGUUCGCCC,0.00158496860151366,0.0
CAGCGUGCUUAGAC,0.00241718940069174,0.0
CGUCCGCCUUAGCG,0.00296727879469707,0.0352276201367076
AAGCGUGCUUAGAG,0.0217856061752686,0.0168129425503488
CGGGCUCUCCGGCC,0.00278114121386408,0.0
AGUCCUCUUCGCAC,0.0093110239530941,0.0313174472784175
AGUGGGCUUUGCAC,0.0322125446993011,0.0281781825223612
AGUGCUCCCCAGAC,0.00650012306129509,0.0261281737284099
AGGGCUCUCCAGAC,0.0177137782140052,0.0210914416818606
CGGCCUCCCCGGCG,0.00372890442082335,0.034127042053244
AAGGGGGCCUGGAC,0.0217240353798071,0.0
AGGCGGCUUCGGCG,0.0283567339452808,0.0
AAUGCUCUCUAGCG,0.0127027114073168,0.0185821202625373
CAGGGGCCUUACAG,0.00587922159739928,0.0536810759951061
CAUCGUCCUCGGAG,0.00249307573973503,0.0
CAGGGUCCUCGCAC,0.00740443393492531,0.0269314270497466
CGUCGGCCUUGGCG,0.00552482598040339,0.0
AGGCCUCUUUGGCG,0.0148141190286227,0.0874414559962383
CAGCCGGUUCGCAC,0.0067911587780402,0.0
CGUGGUCUCUACAG,0.00395191897056117,0.0508094176343593
CGUCCGGUCCAGCG,0.00441450986327632,0.0550185428773395
CAUGGGCUCCGCCC,0.0029339511706698,0.041832465178084
CAGGCGCUUUGGCC,0.0015231483063743,0.0281735562303067
AAUGCGCCCUGCCC,0.0185301366813399,0.0
AAGGCGGCUUAGCG,0.21813947851018,0.0338634304544685
AGGCGGGUCCAGAG,0.0202576952614791,0.0
AAUCCGCUUUGGAG,0.0128236478699342,0.0262591740216357
AGGGCGCUUCGGAG,0.176834228848191,0.0
CAGGCGCCUUAGCG,0.00550459949884802,0.0376350990430219
AAGGCUGCUCGCAC,0.0237313348407642,0.0362321963959649
CGGCGUCUCUGGAC,0.0028009303960098,0.0
CAGGGGCCUUAGCG,0.00407672414814436,0.0
AAUCGGGCUCACCG,0.0168391158842656,0.0331913128882909
AGGGCUGUUCGGAC,0.0185409414257605,0.0
AAGGGUCCUCAGAC,0.013878170017698,0.0304767156200792
AGUGCGCUCCAGCG,0.0205484156190606,0.0448931643209942
CGGCGUGCUCACCG,0.00495951108096475,0.0
AGUCCGCUUCGCAG,0.0202503899260079,0.038787522414707
AAUGGGCCCUGGCC,0.00528038383260168,0.0290732781595058
CGGCCGGUUCACCC,0.00166547417569061,0.0348111666294543
AAGCCGCCCCGCCG,1.30607921157517,0.0377183887824081
CGGCGUCUUCACAC,0.00497982119828581,0.0422678851643674
CGGGGUCUUUAGAC,0.00184718876401897,0.0
AAUGCGGCUCAGAC,0.0153561000480765,0.0305147545314855
CGUCCGGCUUGCCG,0.00643386514432374,0.0
CGGGGUCUUCGGCG,0.00519409351998256,0.0
CAGGGUGUCUGGAC,0.0031693916967112,0.0
AAGCGUCCCUACAG,0.0195371711143088,0.0400140588919344
AAUGCGCCUUGGAC,0.0137826467235742,0.0520167809507396
AAGCGUGUUUAGCG,0.0111874155043572,0.0284152224758002
CAGCCGCUUCGCAC,0.00422624400146012,0.0592537190633879
AAGGGUCUCCGCAG,0.0195904286762753,0.0363359371723633
AGGGCUCUCUAGAC,0.0131365502267189,0.022801373389799
AGUCGUGCCUAGCG,0.0088826372552564,0.0347028826706127
CAGCCGCCUCACCC,0.000765435417097969,0.0394631768266297
CGGCGUCCCUAGAC,0.00157376691147039,0.0366005665361488
AAGCGGGUCUGCCC,0.0213976198083962,0.0
CGUCCUGCUCGGCC,0.000877983298712895,0.0
AAGCCUCCCCAGCG,0.0185409414257605,0.017071666661885
CAGGCUGCUCGCCC,0.00208103454802924,0.0355822965753265
CGUGCUCCUUAGAG,0.00422612718016479,0.0394205845575134
CAUGGGGCCCAGAG,0.00434809688303234,0.0
AAGCCUCUUCGGAC,0.0121000119746429,0.031463234727201
AGUCCGCUCCAGAC,0.00508506832352082,0.0324829270252625
AGUGCUGCUCACCC,0.00337761336050676,0.0151438516126696
CGUGCUCUCCGCCG,0.00457055765379213,0.019993921923537
CGGGCUGUUCACCG,0.00645763558204908,0.0177089076233191
CAGGCUGUCUGGAG,0.00788522796267977,0.0
CAGGGGCUUUAGCG,0.00434074259663149,0.0340425182876535
AGGGCGCCUCGGAG,0.129369939611205,0.0
AAGGCGGCUCGGCG,0.103065821454963,0.0
CGUCCGGCCUGCAG,0.00399564474136545,0.0
AAUCCUGCUCGGAC,0.00516158076321539,0.0339283626710802
AGUGCUGCCCACAG,0.0156211081303651,0.0248229503069741
CAUGGUGCUUAGAC,0.0014591042934422,0.0
AGUCCUGUUUGCCC,0.00397151713892892,0.0298405790067593
AAGCCGGUCCGCCG,0.0284723127482296,0.0602086808986521
CAUGCGGUUCAGAC,0.00241594085244758,0.0
CAUCCUCCUCAGAG,0.00409574240521551,0.0
AAGCCUCUUUGCCC,0.00726944105952655,0.0330751227608223
CGGCCGCCUUGCCC,0.0026880131975703,0.0462387074358967
CAUGGGCUCUGGAG,0.00301884559111742,0.0
CGGCCUCCUUAGAC,0.00225782362047445,0.0358925214461872
CGUGCUCCCUAGCG,0.00351823058800507,0.0355065439021904
CGUCCGCUUUACCG,0.00444642198276988,0.0
AGGCCUGUUUGCCC,0.00820872449448202,0.0
AGGCCGGCCCAGAC,0.0145824759698474,0.0222060216077056
CAGCGUGCCCGCCG,0.00671143452651228,0.0539171494029579
AAUGGGGCCCACAG,0.0165012338981741,0.0
CGGGGGGUUUGCAC,0.0043661918448723,0.0
CAUGCUCUCUAGAG,0.0051048847537887,0.0
CGUGCGGUCUGGAC,0.00220032114651259,0.0
CGUCCGCUCCAGAC,0.00205487591097684,0.030633625458143
CAGCGUCCUCAGAG,0.00625522670323639,0.0364468603063908
AAUGGGCCUUAGAG,0.0141227296674206,0.0521493186543304
AAGGGGCCUCGGCC,0.0251601979764345,0.0
AAGGCUCCUUGCCC,0.0141306694919529,0.0362134420766454
AAUCCGCCCUGCCC,0.00533040518319075,0.0346458445252232
CGUCGGCUUUGCCC,0.00165526629738697,0.0372946947540082
AAUGGUCUUUACCG,0.0116849663004793,0.00697391961299946
AGGCCUCCCCAGAG,0.0252034073754428,0.0202772829953104
CAGGCUGCUCGCAC,0.00571871360711563,0.0219686276911768
CGUCGGCCUUAGCG,0.00307219087578009,0.0
CAUCCUGCUUGGCG,0.00289961103620026,0.0
AAUCGUCUUCGCCG,0.0105495466476244,0.0176289807912174
AGUGGGGCUUGCAG,0.0201769068456806,0.0
CGUCGGCCUUAGAC,0.00150301642531876,0.0
CGUGGGGCUCGCCC,0.00391808573525506,0.0
CGUCCGCCCUGCCG,0.00441450986327632,0.0
CAGCGUCUCCGGAC,0.00229502881196061,0.184820123866487
AAGCGUGUCCACAG,0.0107246621972536,0.0282144624834701
CGGCCUCUCCAGCC,0.00168432004989717,0.0240716607170368
AGUCCGGCUCAGAG,0.00773000443521758,0.0604515603781968
CAGCGUGUUCAGCG,0.00395183527183678,0.0329280221298255
CAGGCUGCUUAGCC,0.000703939100256362,0.0238080035190956
CGUCGUGCCUAGAC,0.00183164175971503,0.0727866000400823
AAUCCUGCCCGGAG,0.0075910376127208,0.0
AGGGGGGUCUGCCG,0.0637344861510519,0.0
AGUGGUCCCCACCC,0.00863490652689085,0.0153834371560617
AAGGCUGUUCGCAG,0.0382479797965375,0.0
AAUGCUGUUUACCG,0.0121560992465298,0.0
CGUCGGGUUUGCAC,0.0027492499148518,0.0
AAGGGUGCCCGCAG,0.0285051208314414,0.0294866515148343
AAGCCUGUCCACAC,0.0170037864528556,0.0177323135618006
AAUGCUCUUUACCG,0.0174266121178486,0.0371830117488226
AAUGGGGUUUGGCC,0.0030369182460172,0.047824581174823
AAUCCUCUUCACCG,0.0106786434793937,0.0277791480581024
CAUCGGCCUUGCAC,0.00364627048447239,0.0512972541253114
AGGGGGCUCCACAC,0.0610831015256448,0.0
CGGCCUGCUCAGAG,0.00436462839589466,0.0
AGUGCGGCUUGGCC,0.00396247497859126,0.0215100772286441
CGGCCUCCUUGCAC,0.00515375320987242,0.0425267545564467
CGUGCGGUUCACCC,0.00103269007941175,0.0152301421822791
AGGGGGGCCUGCAC,1.23454145370294,0.0
CAGCCUGUCUGGCC,0.00153202145114265,0.0
AAGGCUCCCCAGCC,0.00782839749087668,0.0351778114489769
CAUCGGCUUCAGCC,0.000242815620831126,0.0197382936165129
AAGCGGGCCUGGAG,0.0361414003154318,0.0
AGGCGGCCUUAGAG,0.0187350874092763,0.0
AGUCGGGUCUAGCG,0.00593392256040398,0.0
CAUGCUCUUCAGAC,0.0014040203344348,0.032763085642628
AGGGCGGUCCAGAG,0.0882434210020745,0.0
CAUGGUGUCCAGCC,0.000562598847368013,0.0
AAUGGGGCUUGCAG,0.0216796348259329,0.0
AGUGGGGUUUACAC,0.0405063311359623,0.0178310278128237
CAGCGGGUUUGCCG,0.00811166187377024,0.0
AAGCCUGUCUACAC,0.0292883253649575,0.0345345444364951
AAGGCGGUUCACCC,0.0380180186195864,0.0423856689716751
AAGCCUCUUCGGCG,0.0179898306402814,0.0321799778459382
CGGGGGCUCCAGCC,0.000807478186046523,0.0520161336680099
CGGCCUCCCUACCC,0.00107493812673768,0.029481814579933
CAUGGUCCUCACCG,0.00292915713280923,0.043986286166061
CGGCCGCUCCACCC,0.0012083552527374,0.0337960179429933
CGGCCGCUUCGGCC,0.00175830583938564,0.0437713058496592
AGGCCGCCCCACCC,0.00230975982500514,0.0287474891548408
AGGGGGCCCCACCC,0.0557819739890907,0.0891761416716525
CAUGGGCCUCGGAC,0.00143627011044624,0.0
CAGGCGCUUUGCAC,0.008311456501203,0.034636876433628
AGGCGUCUUCGGCC,0.00876742191450693,0.0187583004798529
CGGGGUGUUUGCCG,0.00618031380858685,0.0557678845015537
AAUCCUCCUUAGAG,0.0114379328795536,0.0616166425283716
AAGCGGGCUCAGCC,0.0019179161397564,0.0137016476948231
AAUCCUGCCUAGCC,0.00154342099832548,0.0227903624023952
AAUGCUGUCCACAC,0.0156987227466648,0.0182087415421192
AGUGGGCCUUACAG,0.0165467601701898,0.0198020566855918
CGGCGGGUUUACCG,0.00492136099572656,0.0
CGGCCUGCCUACAC,0.00668980204370333,0.0418429697418949
CAUCCUGUCCACCG,0.00262487759768106,0.0
AAUCCGCCCUGGAG,0.00805751192801743,0.0
AGGCCUCCUUGCCC,0.00795288847454657,0.0491857181606645
CAGCGGCCCUAGCG,0.00429553725703199,0.0
CGGGGUCCUUACAC,0.00575530655527429,0.0163299552279379
CAGCCGGCCCAGAC,0.0028630406952919,0.0436853684898943
CAGGCUGCUCGGAG,0.00570155710510477,0.0
AGUGCUCCUUACCG,0.0152225693409105,0.0307065077898923
AAGCGGCCUUGGAG,0.0202791546844256,0.0
CGGGGGGUUUGCCC,0.00916267454180027,0.0
AGUGGGCUUUGGAC,0.00627225236111128,0.0
AGGCCGCUUUAGCC,0.00295511148688214,0.0314627368249693
CAUGGGGCUCGGCG,0.00229554512890368,0.0
CGUGCGCUCUGCAC,0.00328032040609609,0.0439680108429549
CGUGCUCCCCGGAG,0.00284352466310568,0.0
CGUCCGGCCUGGAG,0.0038392858507888,0.0
AGUCCGGCUCACAC,0.00949598512206934,0.0330706642463132
AAUCCGCCCUACCG,0.0128253128659396,0.0235074791359694
AAGGCGGCCCAGCC,0.00844334991105173,0.0344191438750662
AGUGGGCCUCACAC,0.0150366397817164,0.0320662628086456
CAGGGGGCUUGGCC,0.0022732188721239,0.0
AAUGCGGCUUGGCG,0.0356483049062303,0.019745574321854
CGUGGGCUCCAGCG,0.00272725591553298,0.0
CGGCGGCCCUAGCC,0.000442667104747267,0.0403160939065448
CGGCCUGCUUACAG,0.00631867904310745,0.0232815211811614
AAGGGGGUUUAGCC,0.00907637821310647,0.0344032871936995
AGUGCGGUCUAGAC,0.00921779758382982,0.0395175361468633
CAGCCUGCCUGGCC,0.00337903842792425,0.0
AAUGGUGUUUAGCC,0.0013725091587411,0.0256195212551025
CAUCGGCUCCACCC,0.00164054988235502,0.0273695105406248
AAUCCGCUCCACAC,0.0134439584859202,0.0257628190450005
CGGGGGCCCUACAG,0.00474685699366746,0.0
CAGCCGCUUCGGCG,0.00444982594218253,0.0
AAGCGGCUCCGCCC,0.0199839221828314,0.0313844354861665
CAGGGGGCCUACCC,0.00249441236934642,0.0338955395569763
CGGGCUCCCUGGAG,0.00537637054893327,0.0
CGUGCGCUUUAGCC,0.000549949408615627,0.0397569694951031
CGUCGGGCUCGCCG,0.00452218083555135,0.0637261042361816
CGUCGGGCCUACAG,0.00356999493291041,0.0
AGUCCGCUUUAGAG,0.0126751944876706,0.0238117762889928
CGGGGGGUCUGGCG,0.0045443483886668,0.0
CAGGGGGUUUAGAC,0.00184252671031399,0.0540032786134867
AGGCCGCUUUGGCC,0.00481197864801411,0.0
AAUCCGGCUUGGAC,0.00480998667073668,0.0283319203313841
AGGCGUCUUCACCG,0.0158237344926749,0.0391075051661171
CAUCGGCCUCACAC,0.00299859669972176,0.0
CAGGGUGUUCACAC,0.00411437321534818,0.0250916627587304
CGGGCUCUCUGCCC,0.00257829042321414,0.0
CAGGGGGUUCAGAG,0.00417873490466952,0.0
CGUCCUCUUUGCAG,0.00546375568585214,0.0324801824534722
CGGCCGCCCUACCG,0.00687197347669585,0.0241333837785536
CAUCGGGUCCGGCG,0.00306941759621092,0.0
CAGCCGGCCCAGCC,0.000570523879135957,0.0373561774045554
AGGGCGGCUCGGAG,0.266371525150093,0.0
CAUCCGCUCCACCG,0.00351341475906331,0.0302573252335358
CAUGGGGUUCGCCC,0.00296555380331385,0.0
CAGCCGCUUUAGCG,0.00385949057341212,0.0467908551126724
CAGGGUGUCUGCCG,0.00721036611001799,0.0
CGUGCUGCUUGCAC,0.00402268946121037,0.052045898697855
CAUCGUGUCCGCCG,0.00348936377709688,0.0
AAUGCUGUCCGCCG,0.0108405504344792,0.0
CGUCCUGCCCGCAC,0.00312567594917036,0.0506858250873334
CAGGCUCCUUGGAC,0.00180462376147011,0.0
CGGGCUCCUUAGCC,0.000389117187390604,0.0459762606139007
AGUCGUCCCCGGAC,0.00448609650970783,0.0897695203797446
CGUCCGGUCCAGAC,0.0031212137576029,0.0
CAUCCUCUUUACCC,0.000741046904515685,0.0480842867536584
CGGGGGGUCCAGCG,0.00721036611001799,0.0
AGGGCUCCUCAGCG,0.0242438060989201,0.0135785061633157
CAUGGGCCUCGCAG,0.0030147872237009,0.0
AAGCGUGCUUACAG,0.0195431544758016,0.0305643517700752
AGGGCUGCCCGGCG,0.0279968215528984,0.0261268315894225
AAGCCUGUUCAGCC,0.00665444286254304,0.0278486162275838
AAUCGUCUCUGGAG,0.00909011136048961,0.0
AGGCGGCUCUACAC,0.0188210160696542,0.027016292572555
AGUGGGCCUCGCCG,0.0312898610099659,0.134654779454882
AGGGCGGCCCGCCG,10.0868800353326,0.0
CGUGGUCCCCGGCG,0.00588318333702017,0.193568626527392
AGGCGUCUCCGGAC,0.0108602046116208,0.0284675689878898
CAGGGGCUCUGGCC,0.00115880883911003,0.0306242469769364
AGGCCUGCCCACCG,0.0199560600081005,0.0194801250201504
AAGCGGCUUUACAC,0.0151966597760482,0.0356881409406314
AGUGCUCCUCGGCG,0.0134874251623856,0.0
AGGGCUCCCUGCAG,0.0371942521934954,0.0
AAGGCUCCCUGCAG,0.04417218151536,0.0202787507319709
CGUCCGCUCCAGAG,0.00672066911425564,0.0713732447573887
AGUGCGCUUUGGAG,0.0297053792735303,0.0
CGUCGGGCUCGGCG,0.00524153196424454,0.0
CAUGGUGCUUACCG,0.00339288946608187,0.0395614820639432
CGGGGGCUUUGCAC,0.00743675123121165,0.0
CGUGCUGCCCACAC,0.00341750403398552,0.0335510845435736
CGUCCUCCCUGCAC,0.00456995035141985,0.0
CGUGCUCUCCAGAG,0.00441450986327632,0.0
CGGCGGGUUUAGAG,0.00370818828515211,0.0
CGUCCGGUCUAGCC,0.000324616890104629,0.029755230864235
AAGCCUGCCCGCCG,0.0211272684000061,0.026013056271677
CGGCGGGCCCACAC,0.00444876037083622,0.0437818441167142
CGGCCGGUUCGGCG,0.00725941621960995,0.0
AGUGCUCUCCGGCC,0.00275577425420197,0.0
AGGCGGCUUCGCCG,0.0345711303667827,0.0
CAUCGUCUCCACAG,0.00393413524159507,0.0310426687145723
AGGCCUCCUCGGCG,0.0239908545115144,0.0
AAGCGUGUCCGGCG,0.0164540822176662,0.0
AGGCCUGCUCGCCC,0.008454058888783,0.0414211029397277
AAUGCGCUCUGGCC,0.00418332605497507,0.0295562558462022
AAUGGGGCUUAGCG,0.0150331957506166,0.070740144552353
CGUGGGCUUCAGAC,0.00114839873606365,0.0214070380556472
CGGCGGCCUCAGCG,0.00273667032114547,0.0339648113467951
CAUCGGCUCCAGCG,0.00244426345298619,0.0
CGGGGUGUCUGGAG,0.006505593482723,0.0
CGGCGGCUUUAGAC,0.00145419148437337,0.0
CGGCCGCCUUACAC,0.00633731947116065,0.0495903284105601
AGGCGGCCUCAGAC,0.00891076990920591,0.0098049855044467
CAUCCGGCUUGGCG,0.00376193014435721,0.0
AGGGCGCUUUGGAG,0.212602795015387,0.0
AGUCGUCUCUACCG,0.0088705680546776,0.0149236728433263
CGUCGGGCCCAGAG,0.00300351699108893,0.0
CGGGGGCCCUAGCG,0.00305002499644546,0.0
AGGGCGGCCCGGCC,0.027123832469399,0.0399669008480397
AAGCCGGCCUGGCC,0.00957593449882192,0.0195390866887464
AAGGGUCCUUACCG,0.0405007798520159,0.0146275108258041
AGUCCUCCCCGGCG,0.00722017613193638,0.021841284262109
CGGGGUGUUCGCCC,0.00336396827555993,0.0
AGGGCUCUUUGCAG,0.0315258431650137,0.0
CAUCGUCCUUGCCC,0.00104092930567011,0.0
AAUCCGGUCCGCCG,0.0130415096469332,0.0403644242129601
CAGCCGGUUUGGAG,0.0101357146460824,0.0
AAGGCGGUUUGGCC,0.0325602296916798,0.0185530746909497
CGGGCUCCCCAGAC,0.00272020854251181,0.0
CAGCCGCCUUACCC,0.000937268964355665,0.0517079243252119
CAGCCGCCUUACAC,0.00553932150955384,0.0195264617031779
AGGCCUCUCUACCG,0.0241551196182936,0.0278183306242616
CGGGCGCUCUACAC,0.0064539214511545,0.0389341352854133
AAUGCGCCUUAGCC,0.00307401481735298,0.0354432557113429
AAUGCGGCUUACCC,0.00391440768099644,0.0281612580161584
AAGCCUCCUUGCCC,0.00935166494375043,0.0391307940079455
CGUGCGGCCCGCCG,0.0100430099389536,0.041465405964081
CGGGCGGUCCGGAG,0.00434292321684481,0.0
CAUGGGGUCUGCAC,0.00342943229141169,0.0686724411498867
CAUCGGCCUUGGAG,0.00399459307140369,0.0
AGUGCGGCCUAGCC,0.00204574291314442,0.0174277171021898
AAGCCGGCCUAGAC,0.0135800617318724,0.0314205970644922
CAUGGGCCCCACAG,0.00320252624626773,0.0222076931189486
CGGCGGCUCCGCCG,0.00699530024488402,0.06094620298714
AAGGGUGUUCACCG,0.0268709296025515,0.0
AGUGCUCCUUGCCC,0.00489520093727752,0.0200195727987013
AAUCCGGUCUACAG,0.0161978554214062,0.0171370617171428
AAGCGUGUCCAGCG,0.0160768947439056,0.0537342715595123
CAGGCUCCUCAGCC,0.00070842897667121,0.0
CGUGCUCUUCGGCC,0.00098977092651484,0.0
AGUGCGGUUUACCC,0.0075055272958082,0.015761780498285
AAUGGGCCUUGCAC,0.0780477243809156,0.028227523367603
AAUGCGCCUCAGCC,0.00281723998134588,0.037213716607246
CAGGCUCCCUACCG,0.00515665934753727,0.0243049374640084
CGUCGGGCUUACCG,0.00205219633183402,0.0844255719849799
CGUGCGGUCUGCCG,0.00458539411604831,0.0
AGGCGGCUUCGCAG,0.014255923851807,0.0
CGUGCUGUUUGCAG,0.00395846545591306,0.0
AAUCCUCUUUGGAG,0.0101081214454791,0.0
CAUGGGCUUUAGAC,0.00166858390753853,0.0574285153930154
AAGGCGGUCCGGCC,0.0227788708945058,0.0329122621418575
AGGCGUCUUCACAC,0.0175596078142619,0.0656262700305903
CGGCCGCCCCAGAC,0.00269105914912637,0.0653407611566488
AGGGCGCCUUACAC,0.155479037384592,0.0621106499238709
CGGCCUGUCUGGAC,0.0030318520570426,0.0
AGGGGGCUCCGGCC,0.0139645662008307,0.0
CAUCCUGUCCACAC,0.00411682087578565,0.0190425525409094
CGGCCGGUCUGCCC,0.00240531132009866,0.156751477847182
AAGGCUCCUCGCCG,0.0375026701746589,0.042775694618465
AAGGGGGCUUAGCC,0.00609276476722701,0.0252783513756883
CAGCGUGUCCGGCG,0.00787687054035579,0.40395203024789
CGUGGUGUCCACAG,0.00342458946969314,0.0
CAUCCGGCCCAGAG,0.00423954453332939,0.0
AGUCGGGCUUGCCG,0.0114881127265496,0.0
AAGGGGGCCUACAG,0.0409918773018515,0.0
AGUCCGGCUCGCCC,0.00410938079782516,0.0
CGGCGUCCCUGCCC,0.00372780832898889,0.0379137517564155
AGGCCUCUUCGCAG,0.0161452018033308,0.0
AAGGCGGUUUGCCC,0.0746400264445641,0.0
AGGGGUGUUUGCAG,0.0179615370062055,0.0
AAGCCGGUCCGCAC,0.0266552309839732,0.0645072288425847
CGGCGGGCUCAGAC,0.00449859576543396,0.0
AGUCCUGCCCACCG,0.0135026421252821,0.0316719651735648
AGUGGUCUUCGCCC,0.00869231232433506,0.0148508946543965
AGUCCGCUCCACAC,0.0104806020879881,0.0246172641364588
AGUGGUCUUCGCAG,0.00925775401780088,0.0273933287645255
AGUGCUCUCUGCCG,0.0230418221341879,0.0265660885119645
CAUCCGGUCCGGAG,0.00518055716308015,0.0
CGUGCGGCUCAGAG,0.00665572256309353,0.0
AAGGGGCCCUGGAG,0.0612282251734418,0.0
AGGGGGGUCCACAG,0.0387489411814688,0.0
AGGCCUCCUCAGCG,0.0172830014470216,0.0430280064071381
AGGCCUGCCUGCCG,0.0169708076473628,0.0
CGGCGGCCUCAGCC,0.000451777325189097,0.0404520724350846
AAUCGUCUCCGGCC,0.00318724742458,0.0
AGUCGGCCCUGCAG,0.0108988936458481,0.0
CGUCCUGUUUAGAG,0.00381549920015651,0.0
CAUGGGGCUUACCC,0.00171970397449772,0.04777185204997
AAUGGGCCUCAGCG,0.0124671847518045,0.0418928014120368
AAGCCUCCCUAGAC,0.0117619887625902,0.0184331570006206
CGGCCUGUUCGCAC,0.00339365445739367,0.0
CGGCCGCCCUGCCG,0.00876892692213108,0.0475817838459218
CGGCGGGUUCGGAG,0.00678327125332703,0.0
AGUCGUGUCCAGCG,0.00841640724686953,0.0418969969951497
AGUGGUCCCUGCAG,0.0126743491302999,0.0193758019222251
CGGGCUCUCCACCG,0.00552399729794046,0.0252634275766927
CGUCCUGCUCACCC,0.00156529887838727,0.0360538108878897
AAUGGGCCCCGGAG,0.0231490701426893,0.0
AAUGGUCUUCGCCC,0.00943849342871656,0.0336765898762889
CAUGGUGCCUACCC,0.00193976719362795,0.0
AGUCGGCUCUAGAG,0.0096909002236685,0.0
CAGCGUCCCUACAG,0.00541402153043322,0.0258458900896235
AGUGCGGUUUGGCC,0.00475688612493145,0.0231836449921335
AAUCCGCCCCGCCG,0.0688699723178182,0.0378274601987592
CAGCGUCCCUACCC,0.00351010130410766,0.0242967075042061
CGUCGGCUCUGGAC,0.00324537026478305,0.0
CGUGCUGCCUGCCG,0.00392034831141703,0.0471775272439224
AAUCGUCCCUGCCC,0.00662726917130261,0.0137656590302658
CAGCGUGCCCGGCC,0.00230070076086079,0.80893224879304
AAGCCUGCUCAGAC,0.0179145582694848,0.026805293121014
AAUGCGCCCUGGCG,0.0422321443586768,0.0
CGUCCUGCCCAGAG,0.00640103930175066,0.0
CAUGCGCUUCGGAC,0.00168928577434707,0.0427208805245411
AGUCGUGUCCGCCC,0.00983877543091125,0.0260018932149666
AGUCGGCCUCGGCC,0.00152024490609543,0.0356604459363333
CGGCCUCUCCGCCG,0.00434910971715371,0.0253929162952155
CGUCGUCCUUAGAC,0.00120019486907825,0.115517006565089
CGUGGGCUUCACAG,0.00345258271405623,0.0
AAGCGGCUUUGGCC,0.00254798497090476,0.0
AGUCCGGUUCGCCG,0.0175006905866914,0.0
CGUCGGGCUCACCC,0.00129009829228425,0.0218482746180937
AAGCGGCUCUAGCC,0.00194618858532519,0.0589081120553296
AGUGCGCUUCGGAC,0.013112490610919,0.0
AAUCCGGCUCACCG,0.00943078296730695,0.0353698925275932
CAUCCUGUCCGGAC,0.00260634445968182,0.0265288136101881
CAUCGGCCUUACCG,0.00270157429956191,0.0441095313201077
AGUCCUCCUUGGAC,0.0047149485147836,0.0
CGGGGGCUCCGCAG,0.00254894298320248,0.0
AAGGCUCCCCGCAG,0.0354414291862789,0.0460553096956064
AAUGGUGCUUGCCC,0.00592353859304384,0.0252412149744111
AAGGGGGCUCGGAC,0.0154507845214671,0.0
AAGCGUCUCCGCCC,0.0135287281651884,0.04385353806162
AAGGCGGCUCGCAG,0.563234801742979,0.0616719277435326
CGGCCUGUCUGCAG,0.00392671871816291,0.0
AGUGCGCUCUACCG,1.69012773014128,0.0370296128146679
CGUCCUCCUUAGCG,0.00352161277394949,0.0
AGGCGGGUCUAGAC,0.0104101030463785,0.0353421245006955
AAGCGGGCUCGCAG,0.0701647391210154,0.0330558053521051
CAGGGGCUUCACCG,0.0120576710579292,0.0
CAUCCUGUUUGCCC,0.00125000004444286,0.0524508353874109
CGUCGGGCCUGGAC,0.00420604689751049,0.0319698471477493
CGGGGUCUUUGCAC,0.00499179192232015,0.0
CAUGCGCCCUGCCC,0.00331793259748458,0.0673080623575526
AGGCGUCUUCAGCC,0.00813130270155177,0.0397220714110325
AGGGGUGUUUAGAC,0.0159743659238557,0.0
AAGCGUGUUCGCAG,0.0140187605902092,0.0527822894502425
CAGGGUGCCUACAG,0.00529034862015034,0.0529752558754247
CAUCGUGUCUAGCG,0.00335699496566695,0.0
CAGCGGCUCUGCAC,0.00417116585667875,0.0366053011979529
AGUCCUGUUCGCCG,0.00943628401018382,0.0361199810352475
AGGCGUGCCUAGAC,0.00858093156894703,0.0766109399424403
AAGGGUGCCUGCCC,0.0175920965671808,0.0
AAUCCGCCUCACAC,0.0101785431365103,0.0274535626642752
CAUGGGGCCCACCG,0.00327000730613061,0.0
CGUCCGGCCCGGCG,0.00598094884701953,0.0
AGUGGUCUUUACAG,0.0101992702360989,0.0523125938014572
AAUCGUCUUCACAG,0.0133681240287924,0.0309298744565338
CGUCCGGUCUGCCC,0.00137066720588845,0.0
CAGGGGGCUUGCAG,0.00576829288801439,0.0
AAUGGUGUUCAGAG,0.0177684021996872,0.0471704660801751
AAGGCUCUUCGCAC,0.0253881955734035,0.029546596933657
AGUCGGCCUCACCG,0.00862813472715636,0.0
AAGGCUCCUCAGCG,0.0329144235402263,0.0530595829412559
CGUCCGGCUUGGAC,0.00281610629198605,0.0
CAGGCGCUUUACAG,0.0187802702065031,0.0278981500695499
CAGCCUGUCUGGCG,0.00491150766245312,0.0305395387089198
CGGCGGCCUCGCAG,0.00786585393820144,0.0433340487799658
AGGGGGGCCUAGAC,0.0311246850649049,0.0
CGGGGUGUUCACAC,0.00505057902637205,0.0384806445233337
CAUCGUCUCUAGCG,0.00294840658758271,0.0
CGUCCUGCUUGCAC,0.00388610640994476,0.0
AGUGCGCUUUAGAG,0.0255529069605688,0.0
AGUCGGGCUCGCAG,0.00820771833838783,0.0
AAGCCUGCUCAGAG,0.0186840042454037,0.0438036554024569
AGGCCUGUCCAGCG,0.0235195275493444,0.0274367124620496
CAUGGGGUCCGGAC,0.00169279913103412,0.0
CAUCCGGCUUACCC,0.000469312013994995,0.0313265768900358
AGUGGUGCCUGCAG,0.0100258424005964,0.0
CGGCGGGUUCAGAG,0.00848278365884469,0.0407050668167425
AGGGCUGCUCAGAC,0.0219277533928661,0.018327562974283
AGUGGGGUCCGGCC,0.00294115562798577,0.201127435655107
CGGCGUGUCUAGAG,0.0066505550766315,0.0
AGUGCUGUUCGCAC,0.0147236887792804,0.0356579157584012
AAUGCGGUCCAGCG,0.0251909590838,0.0229015209892009
CAUGCUCUUUAGCC,0.00040463943828207,0.0206280275132311
CGGGGUCCCUAGAC,0.00224396789398995,0.0
CAUGGUGCUUACCC,0.000890364944125706,0.0
AAUCGGGCUUGGAC,0.00538651203500689,0.102555917842203
AGUCGGGUUCGCCC,0.0104865969784409,0.0337237650754427
CGGGCUGUUCGGCC,0.00159025618466562,0.0
CGUGGUCCCUGGAG,0.00208325184559107,0.0
AGGGCUGCUUAGCC,0.00468887780696999,0.0262868727088859
AAUCGGGUCCACCC,0.00827880545373849,0.0230615343137739
CGGCGGCCUCGGAC,0.00307604659879437,0.0
AGUGCUCUCUGCCC,0.00746675467412967,0.0523026110477533
CGGGCUCUCCGGAC,0.00233849711676259,0.0
CGGCGUCUUUGGCG,0.00531794443994682,0.0
CGGCCGGCUCGGCC,0.00280923354935766,0.0
AGGCCGGCUUGCAC,0.0217276657333131,0.0
AAUGCGCCCCACCG,0.0381384704581413,0.0456389320941088
AAGCCGGUCUACCG,0.229135134453357,0.022354398603234
CAUCCUCCCUAGCG,0.00339751122004304,0.0
CAGCCGGCCCGGCG,0.00529741183593159,0.0
CAUCGUCCCUGCAG,0.00244086323568702,0.0
CAGCGUGUUCGCAG,0.00475408754506681,0.0816346313404293
CAGCGGGCCUAGCC,0.000900213776040661,0.0508631303548278
CAUCCGCUUUGGAG,0.00391732011604873,0.0
CAUGCUGCUCGCAC,0.00282144760826791,0.0
CAGCGUCUCUGGCG,0.00265621997730754,0.0
AAGGGUGUCUAGCC,0.00843890025026311,0.0203001939274676
CAUGCUCCCCGCAG,0.00355008723423477,0.0
AGGCCGGCUCAGCG,0.0204495677490006,0.0
AGGGCGGUCCGCAC,0.0860332425539706,0.0
AGGGCUGCCCACCC,0.0186185835590342,0.0214960002324413
CAGCGUGUUCACCG,0.00420361425037486,0.0145834031688728
AAUCGGGUCUGGAG,0.0118383475770114,0.0
CGUCGGCCUCACAG,0.00350680727341164,0.0348669391366641
CAGGGGCUCUACCC,0.00707328690640548,0.046043473022948
AAUGCGCUCUGGAC,0.0177294678620336,0.0125302066107026
CAGCGUCUUUAGAC,0.00204364023041183,0.0346617441357531
CGUGGGCCCCAGCG,0.00351540785442554,0.0
AGUGCUGCUUAGAC,0.00683280245504501,0.0217324207007217
AAGGCGGUCCGCAC,0.0975162266039442,0.0251511683992412
CGGCGUCCCUACAG,0.00540418137681082,0.0432018460517188
AAUCCUGUUUGGAC,0.00457930491473347,0.0
AAGCCGCUCUAGCC,0.00265282801646666,0.0175073871942643
CAGCCGCCCCACAC,0.00497041110531852,0.0312711610229529
AGGCGGCUCUGCCG,0.0352753295843957,0.0
CGGGCUGCUCAGCC,0.00163877524294276,0.0
CGGGCUCCCCGCCG,0.0102380956021034,0.0
AGGGCUGCUCGCCC,0.0156157395163582,0.0358172614499074
AAGCGUGUCUACCC,0.0130785428575651,0.0236949605499679
AAGCCGCUCCACAG,0.0268355731162323,0.0331018110610063
AGUGCGGCUUACAC,0.0212909867210908,0.0222314507452527
AGUCGGCUUCGCCG,0.0115976259124098,0.0
AGGCGUCCUUAGAC,0.00633638233910672,0.0325982822973585
CGUCCGCUUUGCAC,0.00434050940892082,0.0332234504583041
AAGGGUGUUUAGCG,0.0180697964268996,0.0
AGGCCGCUUCACAC,0.0250935632951056,0.0452100791477231
AGGCCGGUUUACCC,0.0112415584501867,0.036986283285199
CGGGGUCUUUGGAC,0.00239176230982463,0.0
CAUGCGCCCCGCAC,0.00308076433011624,0.0193274403576997
CGUCGGCUUCAGAC,0.00225226186516831,0.0533500253376113
CAGGGUGCCUGCAC,0.00869619376606468,0.0393757029411588
AAUCCGCCUCACCC,0.00103539417356934,0.0361372799017962
CGGGGUGUCUACCC,0.00293941754310838,0.0
AAUCCUCCUCAGAC,0.00489323893289384,0.0307427190715241
CAGCGUCUUCACCG,0.00461101782584222,0.0397247747296328
CAGCCUGUUUGGAC,0.00261423252207036,0.0
CGGCCUCCCCGCCG,0.00571210821702724,0.0329492067128433
CAUGGUGCCCAGAG,0.00313697746344938,0.0
CGGCCUCCCUGCAG,0.00517490390671147,0.0183524966348499
AGGGGGCCCCAGAC,0.021932577052424,0.0420494465014161
AGUCCUCUCCACAG,0.0104407854553573,0.0203854480955937
CGUCGGGUUUGCAG,0.00433015617162136,0.0
AAGGCGCCCUGCAG,1.36537576443266,0.0
CAGCCGCCUCGGCG,0.0075730605823529,0.0202064876121148
AGGCGUGCCUGGCC,0.0080783877123476,0.0
AGGGGUCCCCAGAC,0.0153864062526276,0.05747784480389
CAGGGGGUCUGCAC,0.00693863452129689,0.0544669971127168
CAGCGGCUCUAGAG,0.00493407769080596,0.0601368348449704
CAGGCGGUUCGCCG,0.012275381909469,0.0400171667878605
CGUCGUGCUUGCCC,0.00155014428313735,0.0
AAGCCGCCUUACAG,0.0197926505515503,0.0274764523737188
AGUCCUGUCUAGAG,0.0108527160006456,0.0460144949044158
CGGGCGGCUCACCC,0.000986055092576043,0.060054902300912
CAUGCUCCUUAGAC,0.00136493201900744,0.0346600285402115
AGUCGGGCCCACCG,0.0115799563992469,0.0343019359436671
AAUGCGGUCCGGCC,0.00485378263750036,0.0226895766866238
CGUGGUCUCUAGCG,0.0024449593088915,0.125255618937269
CAGCGUGCUCGCCG,0.00517128298269512,0.0237485648391708
AGUGGUGCUUAGAG,0.00928897464643892,0.0
AAUGCGGCCCAGCC,0.00208971362424117,0.0330335926092871
CAUCCUCUUCACAG,0.0034847281398606,0.0
CGUCCGCCUCAGAG,0.00539286069784026,0.0
AGGCCGGUCUGGAC,0.0223581940722406,0.0
CAUCCGGCCUAGCG,0.00337857154869414,0.0248009261306113
CAGCGGCCCCGGCG,0.00317844710155895,0.0378108686475048
CAGCGUCUCCGCAG,0.00339917259472276,0.0226593967860148
CAGGGGCUUCGCCG,0.00480691074001199,0.0
AGGGGUGUUCGCCC,0.0169638958332246,0.0
CAGGGUGUCUACCG,0.00451371233211399,0.0391762980170361
AAGCCUCUUCGCAC,0.0246137715159372,0.0266364164001124
CAUGCUCCUCACAG,0.00463013608762117,0.0
CGGCGUCUCUACCC,0.00257513075357785,0.0
AAGCCUCUCUGCAC,0.0244798367261994,0.0298503891702954
AAUCGGGUUUACAC,0.00612407232802337,0.0152541870769342
CAGGGUGUCUACAC,0.00363372667300046,0.046566911184485
AAGCGUCUCUACAC,0.0142497046681002,0.028905232592073
AGUGCUGCCUAGCC,0.00121306898747125,0.0190074835827294
CAGCCUCUCCACAC,0.00417244640643106,0.0504678182097161
CAGCCUCUCCAGAC,0.00215861272316547,0.0533963038683367
CGGCGUGUUCGGAC,0.00187674450731956,0.0
CAGGGUCUCUACCG,0.00531871510068734,0.0318956047455865
CGGGCGGCCUAGAC,0.00160835114965866,0.0438218662925125
AGGGCGGUUUACCG,12.9240302102418,0.0978101644785483
CAUGGUGCCCACCC,0.00202683583287817,0.0230262075605455
AAGGCGCUUUGGCC,0.0351679102360591,0.0174658601719167
AAGGCGGCCUAGAC,0.050078542763559,0.0230490303964359
CGUGGGGUUUGGCG,0.00433259112354542,0.0
AAGCCGGCCUGCAC,0.0220648045622355,0.0
AGUGGGCCUCAGAC,0.00620119324712937,0.0280734789177877
CAGGCGCUCCAGCG,0.00592172327266271,0.0
CAUGCUCCUCACAC,0.00358407542588131,0.0315616514592271
CAGGCGGCCCGGCC,0.000925554241865663,0.0
CAUGGGGUUUAGAG,0.00314576384087454,0.0
AAUCCGGCUCGGCC,0.00500406053533967,0.0155033578158277
AGUGCUGUUUACAC,0.00713113131760021,0.0403963521895104
CGUCCUGUCCGCCC,0.00365858041511663,0.0
CGGGGUGUUUGCCC,0.00203929546545963,0.0
AGGGCUCUUCACAC,0.0434380592481572,0.0313954257932019
AAGCCGCCUCGGAG,0.056146579684789,0.0
CAUCCGGCUCGGAC,0.00274018732718067,0.07405414042092
AGUCCGGCCUAGCC,0.000892429068691372,0.0219208842062458
AAUCCUGCUUACAG,0.00942209056098813,0.0237191053685675
AAUGGUGCCUACCG,0.0140170229606854,0.0308602787553795
CAUCGGGCUCACAG,0.00334150937976226,0.0
AAGCGGGUCCAGAG,0.017870209694596,0.0
AGUGGGGUCCACAC,0.0113594552868107,0.0392268431746112
AGGCGUCCUCGCAC,0.0188424201481306,0.0236214573823882
CAGCGGCCUCGGCG,0.00416312805161753,0.0
AGUCGUGCCUACCC,0.00860972442016959,0.0270673512305338
CAUGGGCUCUGCAG,0.00469615242803015,0.0
AGGGCGCCCCACAG,0.200097692529961,0.0354782318645592
CAGGCUGUUUGCAG,0.00502884849824177,0.0
AGGGGGGUUCACAC,0.191810453559356,0.0
CGUGCUGCUCGCCC,0.00228555001223211,0.0
AAUGGGCUCCACAG,0.0268335143841176,0.0282200725111737
AGGCCGGCCUAGCG,0.0193485960712008,0.0
AAGCGUCCCUAGCC,0.00658057562494977,0.0
AGGCCGGUCUACCG,0.296517722505311,0.0240916655796371
CGUGGUCCUCGGAC,0.00243603609973496,0.0
CGUGGUCUUUAGCG,0.00357267309865153,0.0
CGUGGUGCCUAGCG,0.00412957331755576,0.0
CAUCCUGUUCACCG,0.00370342503751543,0.0359821554549241
AGGGCGCUUUGGCG,0.307067548033157,0.0409570498697105
AGUGCGGCCUACCC,0.00286368762506215,0.0163756088038227
CAGGGUCCCCGCAC,0.00735921759866411,0.0347488635023553
CAGGCUGCCCGGAC,0.00324761712871602,0.0268155404936543
CAGGGUCCCCACCC,0.00267506120073162,0.0317464505690314
AGGGGGCUUUGCAG,0.0864831912281586,0.0
CGUGCGGCUUGGAC,0.00287073747913649,0.0
CGUCGUGUCCGCAG,0.00346272901332171,0.08191894757809
CGGGGUCUUUGGAG,0.00544136324451668,0.0
CAGCGUGCCUACAG,0.0050838065199666,0.0275931210124229
AAGCCUCCUUGCAG,0.0216310983300539,0.0301166759406084
AGGCGGGUCUGCCG,0.0208953466861746,0.0
CAGCCUCUCUAGAG,0.00620169897747469,0.0240096231006912
AGUCGGCCCCGGAC,0.00776281630628729,0.0
AAGCCUGCCCGGAC,0.00966560553015058,0.0218811125762315
AAGCGGCCUCAGCC,0.00230948568636666,0.016326576707322
AAUCGGGUCUAGAC,0.0051119282282309,0.0811392940345918
CAGCCUCCUUACAC,0.00467206469525407,0.0292629231832246
AGUGGUCUCCAGCC,0.00412914675280857,0.0347607064612861
AAGCCGCCCCAGAG,0.0207194428448792,0.0253654301931417
CAGCCUCUCUGGAG,0.006649704730758,0.0368866682341206
AAGGGUCUUCGGCG,0.0252459988596047,0.0
CAUCGGGCCUAGAG,0.0037384415695298,0.0
AGGGCGGCCCACAG,0.144274208713439,0.0485532906439503
CGUGCUGCCUACAG,0.0041310518615291,0.0
AAGGGUCCCCGGCC,0.0134004899405232,0.0
CGUCGGGCCCGGAG,0.00457173898169438,0.0
AGUGGUGUUUGCCC,0.00798203241041217,0.0
CGGCCGCUUUAGAC,0.00196093107712274,0.083344740911498
CAUGCUGCUUGGCC,0.00135955029987165,0.0
CAUCGGGUUUACAG,0.00380110416473451,0.0
CGUCCGCCCCGGCC,0.000490762000757846,0.0211427081466877
CGUCGUCUCUACCG,0.00455823809138299,0.0
CAGCGUCCUCGGCG,0.00723979617577317,0.0699319442955398
CAGGGGCUUUGCCG,0.0122456450346883,0.0
AGUGCGCUCCACCG,0.0941462280439423,0.0243813468503385
CGGGGUGCUUACCC,0.00284384004960337,0.101007588625204
AGGGGGGCUCAGAG,0.0397161149666564,0.0
AAGGGUGUUCGGAG,0.0302037916774486,0.0
AAUCGUCCCCAGCC,0.00236879090242319,0.0386448007359303
CAUGGUCUUCGCAG,0.00433306134181366,0.0292076750878663
CAGCGGCUCUGCCC,0.00361941029674147,0.0
CAGGGGGUUCGGAC,0.00199097357592059,0.0
CAGCGUGCCUACCC,0.00375643608811877,0.0491429476344624
AAGCCGCUCUAGAC,0.00903687353868963,0.0231399328009417
CAGCCGGUUUGGCG,0.00768363338364852,0.0
CGUGGUGCCUAGAG,0.0047591721306765,0.0
AAGCCGCUUUAGAC,0.00841005351032659,0.0254154989138433
CGGGGUGUCCACCC,0.00502972347188185,0.0
CGUGCUGCCUGGAG,0.00696929003947028,0.0
AAGCCUCUUCGCCC,0.0169236630459434,0.0240158388854237
AGGCCUCUCUGGAC,0.0095992108090817,0.0257289068411299
AGUGGUGCUUGCCG,0.0115043190774297,0.0
CAUCGUCCUUAGCG,0.00342591980917982,0.0448822776872417
AGGCCUGUUUGGAC,0.0138502417146279,0.0442471919553272
CGGGCGCCCUGGCC,0.00167366490192906,0.0
CAUGCUGCCUAGCG,0.00381764524677287,0.0572805999606974
CAUCCGCUCUAGCG,0.00285943527496429,0.0629244239034456
CGUGCUGUCUGCAG,0.00329616736457965,0.0
CGGCCUGUCCGGAC,0.00516714761045786,0.0
AAGGGUCUUCGCCC,0.0368841128096463,0.0422582009170433
CGGGGGGUCUAGCG,0.00333470169528067,0.0
AGUGCUCUUCGCAC,0.0142571138039241,0.0407632675374475
CAUGCUCCCUGCCG,0.0038169450763692,0.0255357151540234
CAGGCGCCUUACCC,0.000778384415677946,0.0364706455931286
AGUGGGCCCUAGCG,0.012750963226137,0.0202609179054685
CGGCGGCCCCAGCC,0.000431474692851301,0.0776000298718668
AAUGGGCUUUGGCC,0.00265031705295239,0.0384323855751555
AAUGGGCUCUGGAG,0.0260276630312844,0.0
AGUGCGGUCUGCCC,0.0141688417009087,0.0
AGUCGUGUUUAGAC,0.0040346954297567,0.0
AGGGGUCUUCGCAC,0.0324466474950809,0.0
AGUGCGGUCCACAC,0.0236421528233243,0.0273885748233706
CGGCCGGUCUGGCC,0.00202935677296881,0.0506930024285914
CAUCCGGUCCACAC,0.00352123606128002,0.0220812273895145
CGUGGUCUUCGCAC,0.00364739831326437,0.0
CAUGCUGCUUACCC,0.000723358199818785,0.0329636395560296
AAUGCGCUUCGCCC,0.0124221845276177,0.0
AAGCGUCUUCACCC,0.0159961063281071,0.0219107260768366
AGUCGUGUUCAGAC,0.00510821855607688,0.062959935482837
AAUCGUGCUCACAC,0.00699989534206656,0.0338090951026798
AAUCCUCCCUACCG,0.0129414500602714,0.0180329060592951
CAGCCGGCUUACAG,0.00424610448701059,0.0160274263002403
CGUCCGCCUUGCCC,0.00144059113236125,0.0280198037557423
CAUGCUGUUUGCCC,0.00161202292580991,0.0
CGGCCGGCUCGCAC,0.00636902568060477,0.0643978083165423
AGUGCUCUCCAGAC,0.00728394127440593,0.0258889893926621
AAUGGUCCUUGGAC,0.00439753097918679,0.0
CGUGGGGUUCACAC,0.00327075048960927,0.0377421104603975
CAUCGUGCUCAGAG,0.00245791790548396,0.0
CGUCCUCUUCGCAC,0.00433375663407005,0.0253679062052339
CAGGGUCCUCAGAC,0.00282047048355509,0.0558797825216992
AAUCCGGUUUACCG,0.0338662373419771,0.0352313406311407
CGUGCGCCUUAGAG,0.00486610914814022,0.0509403199437233
CAGCGUCUCCGCCC,0.00321530344558879,0.0285953832855939
AAGCCGGCCUAGAG,0.0281999947433723,0.0242685606566368
AAGGCGCUUUGCAC,0.279577216083951,0.0222617768312095
CGUCGGGCUUGGAC,0.00309015690429342,0.0
AAUGCUGCUCACAG,0.0155457538825919,0.01960972934475
AAUCGGCCUUGCCC,0.0171442194526255,0.0350600658374108
AGGCCGGCCCACAG,0.0232097654442038,0.105079079525248
AGGGCUGUUUAGAG,0.0666364604233531,0.0
AAUCCUGCUCAGAG,0.013487981276069,0.0620557593519958
AGGGCGGUCCGCCC,0.0801089588776067,0.095738524692857
AGGCGUGUCCAGCC,0.00751712149759153,0.02339228301727
AGGCCGCCCCGCAG,0.0293273381671621,0.0
CAUCCGGUUUACAC,0.00369973175542542,0.0501934856439634
AGUCGGGCUCGCCG,0.00953426459495411,0.0
AAUGCGCCUUGGCC,0.00649681032578636,0.0484675867815413
CAUCCGCCCUGCAG,0.00524491496188181,0.0
CGGCGGCUCCGCCC,0.0101202638615609,0.0
CAUCCGCUUUGCCG,0.00462944854575794,0.0
CGGCGGGUUCGCAC,0.00634512217681583,0.0
AAUGGGGCUCACAC,0.0109723707716508,0.0285314766493932
AAUGGGCUUCAGCC,0.00200510471213003,0.0302061732011479
CAUGGUGUCCACAG,0.00373498639380723,0.0318869639813868
CAUGCUCCCCAGCG,0.00352223194046896,0.0440722145654026
CGUGCUCCCUGGCG,0.0031539654539396,0.0900308951543802
CGGCCGGCCCACAG,0.00519583904261726,0.0
AAGGCGGCCCAGAG,0.0809621108924877,0.0214680183772499
CAGGGUGUUCACAG,0.00474472910501746,0.0
CAGCCUGCUUACAG,0.00560673480082937,0.0420457910601512
AAGGGUCUCCACCC,0.0260970848101105,0.0371571106760286
AGUGGUCCUCGCCG,0.0164387938718194,0.0
CAUCCUCUCUGGAC,0.00223061529590787,0.0468210459935503
CAUCCUCCUUAGCG,0.00351802478334943,0.0695688144366889
CAGGCGCUUCGCAC,0.00580448391482143,0.0
CAUCGGCUCUGGCC,0.000450236905319507,0.0
CAUGGGCUUUACAG,0.00342766340306022,0.0
AAUGGGCUUCGCAC,0.0197478713951142,0.0205309610913024
AAUCCUGCCCGGCG,0.0137549667081353,0.0354424930317992
CAUCCGGUCCACAG,0.00425279019501768,0.0322953814703272
AGGGGGCCUUGCCG,0.71921421077619,0.0
AGUGCUGCCCACCG,0.0116380063103235,0.016664208009091
AAUGCGGUCUGGCG,0.0537397599137278,0.0
CAGCCGGUCCACAG,0.00657480192402856,0.0309859493219434
CGGCCGCUUCACAC,0.00447664959155704,0.029001355062128
AAGGCUGUCCACAG,0.0243349856213107,0.0260305259361039
CAGCCUGUCUAGAC,0.00186575511202621,0.0589210600635602
CGUGCUGCCCGCCC,0.00189660423755575,0.0
AGUGGGCUCUGCAC,0.0135396413283502,0.0234719124002581
CGGGGGCUUUGGCG,0.00394177494878374,0.0
AGUCCGGCCCGCAC,0.00666385914324401,0.0
CGUCGUGCCUGCAG,0.00427867879056012,0.0
CGGCCUGCCUACAG,0.00715781242116946,0.0
CGUCCGGCUCAGCC,0.000311775425053017,0.0292433824118689
AAGGGUGCCCAGCC,0.0102866033886164,0.0314867841212806
AGUGCGCUUUGCCC,0.0135888090010267,0.0
CAGCGGGUUCGGCC,0.00270388729125674,0.0
AAUGCUCCUUAGAG,0.0109288009887445,0.0181944917324642
AGUCCUCUUCGGCC,0.00200882177135433,0.0260113322126466
AGGGGUGUCUGGCG,0.0431037270752724,0.0
AAUCGUGUCUACCC,0.00792845971444427,0.0278759114585772
AGUGGGGCCUAGAC,0.00822112000767525,0.0411357332015092
AAUCGGCUUCAGCG,0.00851162205537024,0.0
AAGGCGCUUCAGAG,0.0909657595172612,0.0440470331611048
CAUCGUGUCUAGAC,0.00150279209450901,0.259001505395841
AAGGCUCCCCAGAC,0.0130126369491345,0.0290961416719192
AAGCCGGCCCAGCG,0.0185971260967477,0.0356377971936808
CGGGCUCCUUGCAC,0.00507909425723864,0.0359690449068177
CGGGGGCUCUGGAG,0.00790269634540614,0.0
AAGCCUCCCCGCAG,0.0281882605416034,0.0192188583760484
AAGGCGCCUCAGAC,0.065618898335505,0.0531269908237236
AGGCGGCCCCGGCG,0.0203586807812272,0.0
CGGGCGCUCUGCAG,0.00748143250513145,0.049014861475228
AGGCGUGCCUGGCG,0.0213220826396246,0.0
CAGCGGCCUUGGAG,0.00612749061364166,0.0391051850462428
CAUGCUCUCCACCC,0.00112064963578263,0.0
CGGCGGCUUCAGCC,0.00102461379931165,0.0264656653374189
AGUCCUGUUUGCAC,0.00765679469731901,0.0222220909585611
AAUCCUGCCCGCCG,0.00952515397422314,0.0284207411806485
CGGGGUCUCUGCCG,0.00733013963344022,0.0
CAGGCGGUCCAGAC,0.00162370374616127,0.0
AAGGCGCUUCACCG,11.2430252909462,0.0898848384277718
CGUCCGGUUCGCCC,0.0016671980548937,0.0
CGUGGGCCCUGCAC,0.00643129101908784,0.0374091653543397
CGUGGGGUCCACCG,0.00505251931796881,0.0
CGUGGGCCCUGCCG,0.00509804687436427,0.0
CAUCGGCCCUACAC,0.00348813165711909,0.0191731231265393
AAUCCUGUUUAGCC,0.00108975329196306,0.0273412513312848
CAGGCUCCUCGGCG,0.0112407049807183,0.0292157960019364
AGGGGUCUCCGGAC,0.022754791749797,0.0442479679163532
CAUCCGCCUCAGAG,0.00365596028113588,0.0412306216217476
CGUCCUCCUUACCC,0.000370274852104773,0.0258298157941454
CAUCGUCUUCAGAC,0.00156300279613913,0.16644648816959
AGUGCGCUUCGGCC,0.00419530242714939,0.0
CAGCGGCCUCGCAG,0.00584320578266393,0.0
CAGGCUGCUCGGCG,0.00549361227429942,0.0
AAUCCGCUUCACCC,0.00120938172047767,0.0388562163958117
AAGCGGCCCCGGAC,0.00637967877015417,0.013673133829715
CGUCCUCUCCGCCC,0.00355751697785473,0.0444654672310091
AAUCCUGCUUAGCC,0.00142613476837868,0.0250066771695145
CAGCCGCUCCACAC,0.00569673963654093,0.0364775605373626
CAUCGUGCUCAGCG,0.0029579576784413,0.0
CGUGCUGCUCGCAC,0.00419650937620095,0.0556076630334041
AAUGCGGCCUGGAC,0.00961842403722431,0.0353870899286469
CAGGGUGCUCGCAC,0.00536082468479633,0.0
CAGCCGCCCUACCC,0.000978564068547541,0.0222940008849083
CGGCCUCCCUGGCG,0.00493110144302142,0.0399168114607749
CAUGGUGCUCGGCC,0.000770560047868215,0.0
AGGGGGCCCCAGAG,0.0589729009211885,0.0477514470814999
CGUCGGGCCCAGCC,0.00044893320643488,0.0429170176716299
CGUGCUCCUUACCC,0.000421385032403649,0.0255947276441314
AGGCGUGCUUGGAC,0.011226625083488,0.0
CAGCGUCUCCAGCG,0.00606443292467585,0.0437339809004452
AAGGGGCCCCACAC,0.0412468769399166,0.0494783762635624
CAGGCGGUUCGGCG,0.00654928776730845,0.0
CGUCCGGUCUGGCC,0.000486728010566363,0.0
AAUGGUGUUCGCAC,0.0124408914328696,0.0
AAGCGGGCCUACAG,0.0138754104133959,0.0
CAGCGGCCCUAGCC,0.000755865717596953,0.0
AAUCGGGUUUGCAC,0.00808852129787404,0.0432102376975981
AGUGCUCCCCGCCG,0.021543805762136,0.0172524325403533
AAUCGGGCCUGGAC,0.00646954031687047,0.0
AAGGGUGCCCGCCC,0.0182899642152595,0.0164288849141099
CAUCGGCUUUGGAG,0.0051446936568777,0.0
CGUGGUGUCCGGAG,0.0055956895293962,0.0
AAGGGUCCCUGCCG,0.0388541787231011,0.0150592204544952
AGUGGUGCCCAGAC,0.0055854948739576,0.0379098324564594
CAGGGGCUCUAGCG,0.00540454220081444,0.0
CGGCGGGCUCGCCC,0.00393910110876964,0.0
AAUCCUGCCCGCCC,0.00835090845070299,0.0
AAUGGGGUCUGCCC,0.0716011965628964,0.0
CAUGCGCUCCAGAG,0.00395317369738438,0.0
CAUCCGCCUCAGAC,0.00218412966495798,0.024180325740229
CAUCGUCCCCACAG,0.00280135719361179,0.0285687729065211
AAGCCGCCCUACAC,0.0188210433673778,0.0659345925620465
CGGGGGCUUUGGAC,0.00239508096105127,0.0
CAUGGUCCUUGGAG,0.00408573046760135,0.0
CGUGGGCUCCACCG,0.00488675975562681,0.0
CAUGGUGUCUGGCG,0.00430414711669441,0.0
CGUGGUCUCCACCG,0.0036931143490336,0.0
CGGCCUGUCCGCAC,0.00481151947514144,0.0291153947100511
AGGGGUGUCUGGAC,0.014083624194113,0.0
AGGGGUCUUUAGCC,0.00450596584450754,0.0240823871899474
AAGGGGCCCCAGAC,0.0235259417944449,0.0652261861075748
AAUCGUCCUCGGAC,0.00519518108120308,0.0631051607412067
AGUCCGGCUUACCG,0.0106839057094629,0.0204153385763502
AGUCGGCCUUAGAC,0.00484070652232771,0.0292896956000453
CAUCCGGUUCGCCC,0.00136409636820697,0.0
AGGGCGGUCUACCG,6.1048858877866,0.0829518509961818
CAUGCGGUUUGCAG,0.00400296748035842,0.0
CGUCGGCUUCGGAC,0.00256682388017921,0.0
CAUGCUGUCCAGAC,0.00183640124026124,0.0307663210112368
CGGCCGGCCUGGAG,0.00337916438455108,0.0
CAGCGUCUUUGCAC,0.00446097838815291,0.0198710774742718
CAGGCGGCCUAGCG,0.00488720199632868,0.0
CAUGGGCUUCACCC,0.0059968227103562,0.0
CGUCCGCUUUGGCG,0.00349643251322443,0.0950349915428171
AGGGGGCUUUGCCG,0.391556079806833,0.0433141040632124
CAGGGUCCCCGCAG,0.00488503845948182,0.0334049434864865
CGUGGGCUUUACAG,0.00264870591796579,0.0
AAGGGGCUCUAGAC,0.0164275791245869,0.0268069445393861
AAGGGGCUUCGCAC,0.0840448662233577,0.0155464980213716
CAUCCUGCCCACAC,0.00322419653554648,0.0
CGUCCGCCUUACAC,0.00376665990094292,0.0378193262375984
CAUCGUCCCCGGAG,0.00387299665338109,0.09709434259692
AAGCCUCCCCACAG,0.0213367976725022,0.0338506781491964
AAUCCGCCCCGCCC,0.00540394380949164,0.0469268317502565
AGGGCGCUCUACAC,0.190196127893667,0.0207036298034127
AGUCCUCCUUACAG,0.00985061511253689,0.0
CGUGGUCUUCACCC,0.00204672730024629,0.0238470860178639
AAGCGGCCCUGCCC,0.0906011174683603,0.0293927203531609
AGGGCUCCUCACAC,0.0291430819648004,0.0187756985021164
CAGGCGCUCUGCCG,0.0322485605140365,0.0225032507059753
CAUGGUGUCUGGAG,0.0034622700393654,0.0
AAGCCGGUUCACAC,0.0222652347631826,0.0645607238668763
AGGCGUGUCUAGCC,0.00997709362273577,0.020554796592959
AGUGGGCUUCGGAC,0.0074351047939666,0.0268216326631954
CGUGGUGCCCACAG,0.0053197637846064,0.0262490689744138
CGUCGUGUUUGCCG,0.00379831786152733,0.0
CAGCGUGCUUACAG,0.0056517343381156,0.0
CGGGCUGCUCGGAC,0.00273083633402674,0.0
CAGCGGCCUUGGAC,0.00190920522112396,0.0
CGGCGUCUCUGGCG,0.00403910272529692,0.135714269187635
AGUCGGGCUUGGCG,0.00789124813977756,0.0
AAGCGUGCUCACAC,0.0181709930639789,0.0774068337230087
AAUGCGGUUUACCC,0.00788173571738258,0.0471694026913968
AGGGGUCCCCGCCC,0.0413910924795266,0.0234908951661143
CAUCGGGCUUGGCG,0.00318299423618207,0.0
CGUCGGGUCUGGCC,0.000400959956261786,0.0
CGGGCGCUCCACAC,0.00412503380666803,0.0217046122562318
CGGCGUGUCCGGAC,0.00254683261342864,0.0
CAGCCGCCUUGCAG,0.00792225553842021,0.0471453780069745
AGUCGGCUCCGGCC,0.00143391274297851,0.0
CGGGCGCUCCAGAC,0.00180329704277945,0.0
CGUGGUCCUUACAC,0.00413519178465447,0.0379950884346776
AGUCGGGUCCAGCG,0.0095874098825514,0.0790594158192121
AAUGCGGUUCGGAG,0.0213082461161725,0.0
CGGCCGGCUUGGAG,0.00442316576496902,0.0252846635019542
CGGCCGGCUCACCG,0.00652366457573056,0.0
CAUGGUCCCUGCCG,0.0038070733060895,0.0
AAGGCGCCUCGCCG,10.7674898676487,0.0677547173487446
AGUGCUGUUCACCG,0.0110754247456632,0.0253543205904589
AGGGCGGUCUACAC,0.138725498793601,0.0324584173110963
CAGCGGGCCUAGCG,0.00268474273317621,0.0
AAGCGUCUCCGGAG,0.0258905037927287,0.0395115292617972
AAGCGUGUUUGGCC,0.00563573697709252,0.0156112349296365
CAGCCUCUCUGCAC,0.00602184422375129,0.0253384200256876
AAGCGUCUCUACCG,0.021514046932164,0.06307461586485
AAUGGUGCCUAGCG,0.0150455180422155,0.0
AAGCCUCCCUGGAC,0.00885809275511495,0.0422349927466923
CGUGCGGUUUAGCC,0.000582002645651676,0.0191467235373105
CGUCGUGCCUGGCG,0.00343350767143714,0.0
AGUCCUCUUUGCCC,0.00407350658248587,0.0321386602310597
AAGCCUCUCCAGCG,0.0159261932759738,0.0
CGUGGUCUCUGCAG,0.00487919511204225,0.0
CAGGCGCCUUACAG,0.00740572085684114,0.0245974423553192
AAGCCGGUUCGGAG,0.0650864297966803,0.0
CGGGCGCUCUACCC,0.00112257809128674,0.0
AAGCGUCCCCGCAG,0.0197358020954206,0.0441843294700992
CGGGGGGUUUGCCG,0.00576483052733731,0.0
CAUGGUCUCUAGCC,0.000578830183262098,0.0
AAGGCUCUUCACCC,0.0136564998673612,0.0245889993941063
AAGCGUCCUCAGAG,0.0233895854081878,0.0456428585369564
CGGCCUGCCUGCAC,0.00545492486391703,0.0
CGGCCGGUUUAGCC,0.001241838755931,0.0263182230576473
CAGCCUGUUCAGCG,0.00541147094244686,0.0
CAGCGUCUUCAGCG,0.00453048427493866,0.0
AGUGCGGCCUAGAC,0.0187014690571524,0.0257671161161762
AAUGCGGUUCGCCC,0.0199884359756664,0.0263928497221499
AAUCGGCCCUAGAC,0.00508170283124876,0.0200747148744313
CGGCCGGCCCAGAG,0.00497213216179543,0.0345516227336833
AAUCCUCCUUAGAC,0.00513918567595752,0.0205725407710805
AGGCGUCUCCACCG,0.0229803217671398,0.0362940749428192
AAUCGUCUUCACCG,0.0100721013742451,0.0243871199320114
CAGCGGGCUCGGCC,0.00695285303466021,0.0
AAUCCGCCCUGCAG,0.0163724102648528,0.0
AAUGGUGUCCAGCG,0.00663976159771441,0.0
AGUGCGGUUUGCCG,0.851736443228753,0.0189594235956867
CGUGGUGUCCACAC,0.00251790562572056,0.0
CAUCGGCUUCACCG,0.00562760281757502,0.0
CAUCGUGCUUAGAC,0.00107922565250448,0.0713378709064783
AAUGGUCCCUACCC,0.0101178299573481,0.0269051645437154
CAUGGUCUCCGGAC,0.00234653625887522,0.0
AGGGCGCUUCAGCC,0.0244058811963783,0.0337356008598588
AAGGCGGUUUGGCG,0.382304367451523,0.0
CGGGGGCCUCAGAG,0.00461347368810004,0.0
CGGCCGCUUUAGAG,0.00625568348917937,0.0202270974504507
CAUCCGCCUUGGCG,0.00332448159845785,0.0
AAUCCGGUCCAGCG,0.0104917303277507,0.0
AGUGCGCCCUAGAC,0.0091754749310123,0.0375193192322772
AGUCGGGCCCGGAG,0.0120627811685671,0.0
CGUCGGGCCCACCG,0.00499747862990994,0.0734980880143994
CAUCCGGCUCACCG,0.00381059810934064,0.0271694311953276
CAUCCGCUUUGCAC,0.00265560358962716,0.0
CGUGGGGCUUGGCC,0.00122883432451434,0.0
CAUGCGGCCCACCG,0.00382590854817281,0.0249998178071595
AGUGCUGUUUAGCC,0.00134909975930144,0.0283994324039118
AAUCGGCCCCGGAC,0.00586957177351824,0.0319747479847286
CAGGGUGUUCGGCC,0.00161365895785557,0.0
CGGGCUGCUUACAG,0.00512565274910104,0.0
CGUGCUCCUCAGAG,0.00405515327089733,0.0
AAGGCUGCUCAGAC,0.0139655928310315,0.0219030342000038
CAUCCUCCUUGGCG,0.00403876320979745,0.0
AGGGGGCUCCGCCC,0.074205808654121,0.0184771443249535
CAGCCUGUCCGGCC,0.0019276971236613,0.0595707737276611
AAUCCUGCCCGGCC,0.0033804260459883,0.0261570483201859
CGUCCGCCUCAGCG,0.00335720750096075,0.0249912494852901
CAUCGGGCCUAGCG,0.00279457667866535,0.0
AAGGCUCCUCGGCC,0.0156271458336228,0.0343839028238182
CGUCGUCCUUGGCC,0.000934107183723144,0.0
AAUCCUCCCCGGCG,0.00936568563149996,0.0
CAGGCGGCCCACAG,0.00599582682922605,0.0211070727715479
CAGGGGCCUUGGAG,0.00675522672101353,0.0
CAUGGGGUCUGGCC,0.000719373824788784,0.0
CAUCGGGCUCACCC,0.00133231355053962,0.0747814910813614
CAUCGUCUUCGCAG,0.00479730652274923,0.0741551740840019
CAUGGGCCUCGCCC,0.00960048746964948,0.0
AAGCGUCCCCACCG,0.0174608865854249,0.0309429948612211
AGUGGUGUCUGCCG,0.0223559499495796,0.0
AAUGGUGUCCGCAG,0.0231351570002853,0.0
CAGGCUGCUCAGAC,0.00183720034628834,0.0333177693941666
AGUGCGGCCUGCCC,0.00967796393102886,0.0358247755627954
AGUCGUCUCUGGCC,0.00264769457549998,0.0
CGUGGUCCCUGGAC,0.00228561901205135,0.0
AGUCGUCCUUGCCG,0.0129492289322772,0.0285044376310928
CAGGGUGUUCGCAG,0.00640302781970709,0.0
AAGCCGGUCUAGAC,0.0143318068414951,0.0399296798181441
AAUCCUGUUCGCCG,0.0130737407489337,0.0386367555818371
CGGGCUGUUCAGAG,0.00597257216796208,0.0
CGUGGUGCUCGGAC,0.00159158583030497,0.0322700655737161
CAUCGUCCUUGGAG,0.00469595896372974,0.0
AAUGCGGCCUGCAC,0.0130836077230838,0.0287555384675593
AGGGCUGCUCGGAC,0.015544425639779,0.0249511149742153
AAGGGUCCUUAGAG,0.0359027440327775,0.014877575427349
CGGGCUCCUCGCCG,0.00820967058155567,0.0483505198191252
CGGGGGGCUCACCG,0.00529741183593158,0.0589435430895057
AGUGCGGCUUAGAG,0.0266729332791643,0.0
CGGCGGCCUCGGCG,0.00547215285135294,0.0
AAGGGGCUUCACCC,0.889907750575832,0.0357679110954993
CAUCGUGCCUGGCG,0.00497322126784723,0.0
AAUCGUCCCCACCC,0.0085769102325982,0.0256256593021254
AGUCCGGUCCGGAG,0.0106750874875591,0.0
CGUGGGCCUCGGAC,0.00307711826756645,0.0
AGGCGUCCUCAGAC,0.0116504673348205,0.0363914175549325
AAUGGUCCUCGCCC,0.0138286786978057,0.0223953506627507
AAUGGUGUUCACAG,0.0120764752581582,0.0
CGGGCUGCCCAGCG,0.00530337738980088,0.0543392423157286
CGUGGGGCCCGCAC,0.00407086538290151,0.0
CAUCGGCCCCACAG,0.003961739620889,0.0180395873796391
CAUCGUCCUCGCCC,0.00167514518586119,0.0442560178218178
AAGCCGGCUUAGCG,0.0208965528364104,0.0
AGGCGUCCCUGCCC,0.0262144854162878,0.0326068846317817
AAGCCUGCCUACCC,0.00371912689366288,0.0264834406660367
AAUCGUCCUUGGAC,0.0038863594940483,0.0295963460320641
AAGGGUCCUUGCAC,0.0327134682719577,0.0237342549793437
AAGGCGCCCCGGAG,0.194586243852173,0.0154745502719434
AGUCGUGCCUAGAC,0.00357365084169988,0.0285096253532864
CGGGCGCUCCACCG,0.0113305753157425,0.0248372008078245
CGGGGGCCUCGCCC,0.0253282503405479,0.0430826054051953
CAUGCUCUCCAGCG,0.00362844230052518,0.0562284754574649
CAUGCGGCCCAGCC,0.000254267914289525,0.0311297949273757
AGGCGGGUUCACCC,0.038060233686085,0.0342413776807431
AAGCGGCCCUGGCC,0.00928639935671684,0.0
CGUGGGCUCCGCAC,0.00373693393077344,0.0
AAUGGGGCUUAGAC,0.00706938992091103,0.0249114198177749
AAGGGGCUCCGGAG,0.0495951108096475,0.0
AAUCGUGCCCGGAG,0.0110787847531705,0.0
AGGCCGCCUUAGAG,0.0198779072700671,0.0
AGGGCUCCUUACAG,0.0316506979894296,0.0211841710894784
CGUGGGGCUUGGAC,0.00187221232637973,0.0395161782415241
AGUCCUGCUCGGAC,0.00444440893406345,0.043681025373396
AGGGCGGCUUGGCC,0.0339113672570451,0.0
AGGCCUGUUUAGCC,0.00678508982470862,0.0427855887335272
CGGCGGGUCUACAC,0.004956489292035,0.0401212095397265
CGGCCGGUCUACCC,0.00211553342625768,0.0
CAUGGGCCUUGGAC,0.00138801373951714,0.0
CAUGGUGUCUGCCG,0.00325547394032558,0.0
CAUCGGGUCUAGAG,0.00566528765787128,0.0
CAGGGGCUCUAGCC,0.000724517388490991,0.0233242808686884
CAUCCGGCCCAGCG,0.0037741116324437,0.085022113920302
AGGCGUGUCUACAG,0.0167436052671409,0.0
AAUGCGCCCUGGAC,0.0129850450857794,0.0296001725101035
CGUCGUCCCUAGCC,0.000321498097628951,0.0796788449638871
CGUGCGCCCCGGAC,0.00194628666900248,0.0
CAGGCUCCCCAGAG,0.00561623754827932,0.0436417338814236
CGUGCUGUUCACAG,0.00714911975695992,0.0378823468269605
CAGGCUCCCUGGAC,0.00282014319420953,0.0386647033879665
AAGCCUCCCCGGAC,0.0137458703673742,0.0283491903751844
CAGCGUCUCUAGAG,0.00722324176378588,0.0
AAGGGUGCUCGGCC,0.0120597134616994,0.0634983401431838
CGGCGUCUCUGGCC,0.00149028843611314,0.401522704487537
AAGCGGGUCUGCCG,0.0157317078764028,0.0414990858767762
AGGGGGCCCCACCG,0.0593625046073183,0.0339974361536748
AGUGGGGUCUGGAC,0.0066987965106495,0.0
AGUGCUCCUCAGCC,0.000980472180831804,0.0219474617628418
AGUGGGCCUUACCC,0.00258858749385783,0.0262592288395081
AAUCCUCCUCGCAC,0.00828129350277577,0.0221984555176606
CGUCCGCCCUAGAC,0.0017907986722633,0.0509315037446347
CGGCCUCUUUGCCC,0.00247419598032204,0.014349653776215
AAGGGGCCCUAGAC,0.0183085988013775,0.0477494567558154
AAUCGGCUCUACAG,0.00980391926089982,0.0156236214451178
AGGGGUCUUCGGAC,0.017524442444085,0.0197546465819771
CAGGCUCCUCACCG,0.00574012051737696,0.025673385036732
AGGCCUCCCCAGCC,0.00334704946621661,0.0404557999630394
AGUGCGCCUUGCCG,1.68850149860013,0.0728142161602432
CGUGCUGUCUAGAG,0.00644572605803536,0.0
AAUCGUGCCUACCC,0.00706212036936537,0.0575523173993939
AGGCCUCUUCGCCC,0.0121456601803532,0.0
CGGGGUCUCCGGAG,0.0164808368228982,0.0
CGUGGUCUUCGGAG,0.00352431118010324,0.0
AAGGCGCCCCAGAG,0.110990790253178,0.0438878192253725
AAGCGGGCCCGCAC,0.0130412789176788,0.0
AGUGCUGCUUGCCG,0.0139665359296411,0.0197377706139965
AGGGCUCCUUAGAG,0.0410058916188778,0.0198338279123223
CGUCGUGUUUGGCG,0.00511064411094682,0.0
AGUGCUCUCUAGAG,0.0115035038043039,0.0329185522762304
AAUCGGCUCCACAG,0.0102076494461495,0.0311892772511357
AGUCCGGUUUAGAC,0.00614249059066404,0.0
AGUGCUCUUUAGAG,0.0108482964925291,0.0355807632074297
AGUCCUCCCCGGCC,0.00178197431111007,0.0336981177633092
CGGCGUGUUUACAC,0.00408698171213001,0.0235239116662854
CAGGGGGCCCAGAG,0.00401033696023857,0.0
CAUCCGCUCCGGAG,0.00412748872728945,0.0
CAUGGGGCUUGGAC,0.00169588721451094,0.0
CGGCCGCUUUGCAG,0.01006508248827,0.0461234853948307
CGGGCUGUCCACCG,0.00653014289209177,0.0356028231630622
CGUGCGCCUUACAC,0.00304765965806542,0.0175599469590951
AAGCGUGCUCGCCC,0.016201500605561,0.0137443320370989
AAGGCUCUUUGGAC,0.0101099931088443,0.066252031230192
CGGGGUGUCUGGAC,0.00222213530196381,0.0
AGGCGGGCCUAGAC,0.0198542581100852,0.0419417768592221
CAUGGUGUCUACAG,0.00318309395404661,0.0426568318733626
AGUGCUGCCCACAC,0.011142896294719,0.0276096721446235
CAGGGGCUUCGGCC,0.00139274677376605,0.0
CAGCGUCCCUGGCG,0.00660950226751649,0.117799925094266
CGGCGUGCCUACAG,0.0048723108861346,0.0
AAUCCGCUCUACAG,0.0130959624045976,0.0198404752568954
AAGGCUGCCCACCC,0.0207286631279151,0.0319375563324378
AGGGGGCUUUACCG,1.09808996660462,0.0
CGGCGUCUCCACCC,0.00337108025922919,0.0284938909767466
AGUCCUGUUCAGAG,0.0104459421627487,0.0
AGGGGUGUCUACAG,0.0214370305051466,0.0
CAGGGGCCUCAGAG,0.00634125948068547,0.0
CAUCGGCCUUAGCG,0.0029142943162442,0.0
CGUGGUGCCUAGAC,0.00175541686327929,0.0
AAUCCUGCUUACCG,0.0111206594438869,0.0408010796595924
CGUCGUGUCUGCCG,0.0044083357236074,0.0
CAGCCUGUUUGCAC,0.00570343774310947,0.0
AAGCGGCUCCACAG,0.0181108096954926,0.0
AGGGGGGCUUAGCC,0.00712446826568,0.059240326860229
AGGGCUGCUCGCAC,0.0309414420352477,0.0
AAGCCGCCCUACCC,0.00403716896873097,0.0217274722758346
AGUCCGCCCUAGAG,0.00907904506394174,0.0789305866161906
AGUGGUCUUUAGCC,0.00130120110842049,0.0
AGUCGUGUUCGCCG,0.00771555099670715,0.0
AGUCCGCUCUAGAG,0.0104902694908908,0.0
AGUGGGCCCCGCCC,0.138567971111229,0.0501044887019769
CGUCCGGCCUGCAC,0.00381215618099749,0.0
AAGGGUGUUUGGCC,0.00870103147990237,0.0525768335586639
CAUGCGGUUUAGAG,0.00525662560349914,0.0
AGGGCUCCCUAGCC,0.00258863024759978,0.0289425274972486
CAGCGGGUUCACAG,0.00333094835138122,0.0336261415804362
AGUGCGCCCCGGCG,0.0152077384728148,0.0400061316541956
AGGGGGCCCUACCC,0.0401963716999428,0.0231829397818742
CAUCCGGCUCGCAG,0.00452398970788557,0.0
AGUGCGCUUUACCG,2.63361740039723,0.131007817685601
AAGGCUCCCUAGCG,0.0197867114866537,0.0184154628102324
CAUCCUGUUCGGCG,0.00414882176965321,0.0
CGGCGUGCUUACCC,0.00159715974828649,0.0276613364003136
AAUCCGCCCCGGAG,0.0126830787724043,0.0
AAUGGUGCCCGCCG,0.0127910972356822,0.0161225458010302
AAGGCGGUUUACAG,0.723664636333018,0.00922730411894296
CGUCCGCUCCACCG,0.00374138831800815,0.0131238358007054
AGGCGUGUUUAGCC,0.00399770298540872,0.0261114173824955
AAGGCUCUCUACCG,0.0298330101134122,0.0219307001013689
CGGGGGGUUUGGAG,0.00593635405298473,0.0
CGGCGUCUUCGGAC,0.00267703432350553,0.0
AGGCGGGUUUGCAC,0.0189968662149186,0.0
AAUCCGCCUUGCCG,0.0911785171662911,0.0222877462179806
CAGGGUCCCUACCC,0.00313146916237221,0.0147052109311558
CAUCCGGCUUGCAG,0.00427867879056012,0.0
CGUGCGCUCUAGAG,0.00578749725295633,0.0600504674719574
AGGGCUGUCUACCC,0.0195661119627299,0.0
AAGGCUGCCCACAG,0.0203094047143622,0.0222527596421009
CGGGGUCCCUACAG,0.00591917378850571,0.0
AGGCCGCCUUACAG,0.0234180580734313,0.0436985164462518
CAGCGUCUUUACAG,0.00664851940014646,0.0753862191798301
CGUCGUCCUCGGAC,0.00196894953193917,1.07991256982108
CGGGCUGCUUGGAG,0.00566095970702493,0.0
AAUCGUCCUUAGAG,0.00812099205766001,0.0656592990078486
CGUGCGGUUUAGCG,0.00299408985027394,0.0
CAUCCGCUUUACCC,0.000366338230161695,0.0551899024537065
CGUGGUGUCCGCCC,0.00358856930821172,0.0
AAUCCGCCCUAGCG,0.0111861399376821,0.0636938472598212
CAUCGGGCCCGGAG,0.00675714309738829,0.0
CGGGGUCCUUGGCC,0.00192719462848407,0.0
CGGCCGGUCUACCG,0.00779006996338156,0.0943108155304691
AGUGCUGCUUGCCC,0.00578483576060952,0.0
CGUGCUCUCCACAC,0.00418216723889335,0.0312601875989213
CAUCGUGCUCACAG,0.00438838850313859,0.0
AAUGGGGUUCACAG,0.0186787922913795,0.035992351309228
CGUGCUCCUUACCG,0.00368650297354303,0.026315009133295
AAUCGGGCCCGGAG,0.0105678648330034,0.0
CAUGCGGCUCACCC,0.000505539632193775,0.0510394810846117
AGGGCGGCUUGCCC,0.0781705746553982,0.0186655868606242
CAGGGUCUUCAGAC,0.0021740274380436,0.0
AAUCCGGCUUAGCC,0.00125361112390679,0.0184248496817953
CAUGCUGCUCGGAC,0.00201432450057645,0.0
AGUCCUGCUUGCCC,0.00476354011679384,0.0324456830395412
CAUCGUGCUUGCCC,0.00131886122422475,0.0
CAUCGUCUUCGGCC,0.000491725435628595,0.0
CAUGCGCUCCGGCC,0.00052110210114039,0.0
CGUCGUGCCCAGCC,0.000919689554849234,0.0309406977563286
CGUCGUCUUCGGCC,0.000565691683078522,0.0
AGUGCGGUCCACCG,0.0361934627415367,0.0218284353479413
CAGGCUGUCCGGCG,0.00701549135028777,0.0
CGUGCUGCUCGCAG,0.00392315572197252,0.0
CAGGGUCUUUACCC,0.00294180412134982,0.0284883142492819
AAGCCGCCCUGGCG,0.0217757439723826,0.0472153829314684
AAUGCUCCUUGGCG,0.0118734407178481,0.0285379435028562
AGUCGGGCUCACAG,0.0127790863646301,0.0187712430898878
AGUGCUCCUUACAC,0.0161201656906464,0.0240519113198689
CAUGCUGUCUGCAC,0.00415422036662088,0.0169322809457349
CGUGGGGCUUAGAG,0.00215399676974876,0.0
CAGGCGCCUCACCC,0.000848247678970391,0.0278615263213923
CGGCCGGUCCGCAC,0.0036301843244612,0.0
AAGGCGGCCUAGCG,0.0938332861721099,0.0
CAUGGGGUUCACAG,0.0033155565843713,0.0227325977469644
AGUGGGGUCCGCCC,0.0133464445436967,0.0
CAGGGGCCCUACCC,0.00307182857152774,0.0288071041108546
AAGCCGCUCUGCAC,0.0193114314761679,0.0377503875615317
AAUCGGGCCUGCCC,0.00989454148834019,0.0
CGUCGGCUCUGCCG,0.00442495840733141,0.0
AGGGGUGCUUGCAC,0.0255585880729301,0.0362908438257645
AGGGCUGUCUGGCG,0.0187200809564442,0.0
CAUCGGGCCUGCCC,0.00235013384303302,0.0577043519745926
AAGGGUGCUCACAC,0.0210844640762259,0.0144181666836805
AAUGGGCUUUGCCG,0.0307573617207339,0.0
CAGGGGCUUCGGCG,0.00692738470852592,0.0
CAGCCGGUUUAGAG,0.00542003710991148,0.0824153871622751
AGGGGUGCUCGGCG,0.02770485500401,0.0954017647843908
AAGGGUCCUUAGAC,0.0197364425424474,0.0283543978810064
CAUCCUGUCUGGCC,0.000507858788777183,0.0
CGGGGGCUUCGGCC,0.00101701366470416,0.0
CGGCCGCCUCGGCG,0.00546720067682683,0.0
CAUCCUCCUCACCC,0.000793585967809329,0.0396002857144978
CAUCGUCCCUACAG,0.00363704798231945,0.0322091402602011
AGUCGUGCCCACCG,0.0116486098972904,0.0393558601088478
CGGCCUCCCCGGCC,0.00339045428370752,0.0
CGUGGGGUCCGCAG,0.00732129481940288,0.0
CGGCCGCUCUACAC,0.00681419214792909,0.0229659270123708
CGGCGUGUCCGGAG,0.00869106629332526,0.0
AGUGCGGCUUGCCG,1.41943097141434,0.0260883564351902
CAUCCUGCCUGGCG,0.00311885805201132,0.0
AAUGGGGUCCGGCC,0.00247736863164987,0.0
CGGCGGCUUCGCAC,0.00691460851851796,0.0
AAGCCUGUCUACCC,0.0103005230143114,0.0553737211974264
CAUGGUGCUCACAG,0.00322648735595343,0.0270337107025884
CAUCGUGCUUAGCC,0.000394616104577864,0.0313102718420043
AGUGCUGCCUGCCC,0.00971842957615623,0.0218068109985271
AAGGGUCCUUGCAG,0.0379215994016008,0.0
CGUGGUGUUCGGAC,0.00269398294220452,0.0
AAUCCUGUCCGCCC,0.00726357914404026,0.0709796222177968
AGUGGGGCCUACCC,0.00896192970093085,0.0
AGUGCGGCCCGCCG,0.422667608704462,0.0244048192043851
AGUGCUCCCCACAC,0.0129382270385369,0.0174822560299076
AGUCGUGCUUGCAC,0.0102221920408185,0.0233448204162677
CAGCCGCUUCAGAG,0.00852339981294121,0.0
AAUCCGCCCUGGCG,0.0106031008778568,0.028673199555953
AAGCGUGCCCAGAG,0.0187240618349038,0.0
AAUGCUGCCUAGCC,0.00172845272991121,0.021511692808899
CAUGGUCUCUAGAC,0.00161269128554697,0.0185322529074973
CAUGCUCUCCGGCG,0.00494425104686948,0.0170930369861418
CGGGCGCCCCGGCC,0.00151608234178471,0.0
CAUCGUGUUUGGAC,0.0013458871534379,0.391350529824511
CGGCCGGUUUACAG,0.00564840155456913,0.268805854032817
CGGGCGCCCCGGAC,0.00247212552343474,0.0592921037966398
AAUCCGCUCCGCAC,0.0113044980422886,0.0298940457597549
AAGCGUGCCUGGCG,0.0185971260967477,0.0
CGGCCGGCUCACAC,0.00429030958577741,0.033414231720393
CAGGGUGCUUGGCC,0.00256565174466898,0.0
CAGCGUCCCUAGCC,0.00153997918332774,0.234902793936511
CGUGGGCCUUGCCC,0.00835078115803104,0.11012412662537
CGGCGGGUCUAGAG,0.0071561528309953,0.0
AAGCGUGCCUGCAC,0.0257222919779917,0.0
CGUGGUGCUUGGCC,0.00098693383299914,0.0
AGGCGGGUUCAGCC,0.00641801818584019,0.0230517686614792
AAUGCGGCUUAGAC,0.0181219370997546,0.0369356699859024
CAUCCGCCUCGGCC,0.00107410976315992,0.0336903283324426
AAUGGUCUUUAGAG,0.0121906386322616,0.0
CGGGGGCUCUGGAC,0.00190626562277841,0.0
CGUGCGCUUCACAC,0.0036156937927787,0.0385145951803068
CGGGGGCCCCGCCC,0.0139993471876323,0.0
AGUCCUGCCCACCC,0.00673593315344749,0.0463490698951713
AAGGGUGCUUACAC,0.0177395647826039,0.0374055428643885
AAGGGUCUUUGGCG,0.0389628479236997,0.0
AGUGCUGCUCAGAC,0.0085010340539799,0.0
CAGCCGGUUCAGAG,0.00994736222524931,0.0526996535616792
AAUGCGGCCUAGAC,0.01425131572309,0.0244658578716333
AGGGCGCCCUGCCG,16.6366049673994,0.0942899812183024
AAUGGGGUUUGCCC,0.132233828334059,0.0
CAGCCGCCCUGGCC,0.00342523415897584,0.0
CGGCCUCUCCACCG,0.00569935553554507,0.0305883630530123
AAGGGGCUUUGGCG,0.0626492524763298,0.0
CAGGCGCCUUGCCC,0.00362203312821875,0.0813761760801562
AGGCCGCCCUAGAG,0.0160248452902489,0.0
CAUCGGCCUCGGCG,0.00278228149316456,0.0
CAGGGUGCCUGGAG,0.00927047071288027,0.0
CGUCCUCUUCGCCC,0.00222011272735644,0.0250796610694943
AAGGGGCUUUGCAC,0.272751436641992,0.0
AAUCCGCUCCAGCG,0.00888949246440574,0.0279844245288857
CGGCCGGUUUACCG,0.0139544980204408,0.0
CGGCGUGUUUGGCC,0.00135097311896245,0.338341746582494
AGGGGGGCUCAGCG,0.0343890318349225,0.0
AGUCCGCUUCGCAC,0.0130993105425028,0.0
AAGGCUGCCCGCCG,0.0290838296874675,0.0341165884479918
AAGCCUCCCUGGAG,0.0336162863233415,0.0
AGGCCGGCCUGCAC,0.0422545368000122,0.0
CAUGGUCCUCACAG,0.00376088863545789,0.0264036086797078
AGUCGUGUUCGGAG,0.0180831404029022,0.0
AGUCGGGUCCGGAG,0.013026199873483,0.0
AAUCGGCUUUGGAC,0.00559214338756467,0.0260631752325075
CAUCCGGUCUACCG,0.0043438777054639,0.061819910442465
CGGCGGCUUUAGAG,0.00576578056532798,0.0573010508997614
AGUGGUCUCUAGCC,0.00235440526041403,0.0
CGGGGGCUUCGCAG,0.00907110575131296,0.0
AGGGGGCCCCGCAC,0.0819389992041676,0.0281456573490819
CGUCGUCCCUGCAC,0.00267103217474558,0.0518409364748938
AGUCGUCCUCACAC,0.00902576215508172,0.0403515584935356
CGGGGUGUUUACCG,0.00670731731164464,0.0
AGUGGUGCCCGCAG,0.00795949505651337,0.0
CGGCGUGCUUAGCC,0.000670239511205195,0.104433293512134
CAGGCGGCUUGGCC,0.00203838663265138,0.0402859099968873
CGGCGGGCUCAGAG,0.00586337463891573,0.0281627232522856
AAGGGGGUCCGCCC,0.0426827922405529,0.0
CGGGCGCCUUAGCC,0.000480178371035796,0.0339521584994119
AGUCGGCCUCACAC,0.00963285585091042,0.0354437642853964
AGGCCGGUUCGGAG,0.0360003279350184,0.0
AGGGCGGUUUAGCG,0.363278845668735,0.0
CGUGCGCCUUAGCG,0.00341719294816033,0.0
CAGGCGGUCCAGAG,0.00822492890315694,0.0
CGUCGGCUCUGCAG,0.00633105316977189,0.0
AGUGCGCCCCAGCC,0.00156548164899378,0.0303284230109294
AAGCCGCCCCGGCC,0.0134060538335515,0.030224476555586
AAGGCGCCUCAGCC,0.0118800965202334,0.0416217254132359
CGGCGUCCCUGGAC,0.00270250281235697,0.0
CAUCCUCUUCGCAC,0.00297479104653313,0.0466578135825814
AGUCCGCCCCACCG,0.0106202731744009,0.0260866162348065
AGUCCUCUCCAGCG,0.0095094428468123,0.0179085514808651
CAGCGGGUUCAGCG,0.00342186866238142,0.0
CAGGGGGUUCGGAG,0.0066747389132738,0.0
AGUCGGCCUUACAC,0.010431804189984,0.0134961023096162
CAUCCUGUUCGCCG,0.00373439456278569,0.0
CGGGCUCUCCGGAG,0.0114777256445184,0.0
AGGCGGCUCCAGCC,0.0022549793625925,0.0289858979502605
CGGGCUGCCCAGCC,0.00244231324903339,0.0
CAUCGGGCCUGCAC,0.00322368220262709,0.0
CGGGGGGCCUGGCC,0.00208912016064907,0.0
AGGCCGGCCUAGAC,0.0156432118744817,0.0155514557571924
AAUGGUGCUCGGCG,0.0123980840644984,0.0
AGGCGGCCUCACAG,0.0221829120629635,0.0
CAGGCUGCCUACCC,0.00130144960160475,0.0259765154385305
AGUGCUCUUUAGCG,0.0105911601782007,0.0258364979015147
AGGCCUCCUUACAG,0.0202023161054882,0.0433826513875074
CGGCCGGCCUGGCG,0.00578582569314513,0.0
AGUGCUGCUCGCCG,0.0155226486355204,0.022819057064659
AAUGGGCUUCACAG,0.0189710148093477,0.00918678904536766
AAGGCGGUCUGGAG,0.235827763748708,0.0
AGUCGUCUCCAGCC,0.00502150496947681,0.0559403400126101
AGGGCGCUCCGGAC,0.0611105167107682,0.021386861870405
CGGGGUCUCCGGAC,0.00223827581175848,0.0
AGUCGUGUUCGGAC,0.00412020920572456,0.0525975359549894
AGGCCUCCUCGGAG,0.0342565965390242,0.0
CGGGGGCUUUAGCG,0.00433755969134765,0.0
AGGGGUCCUCACCG,0.0312492116946672,0.0322748373542122
AGGCCGGCUUACAC,0.0160884359461626,0.0279437377165855
CAUCGGCUCCGCAC,0.0040652064129297,0.0234168533807086
AGUGCUCUCCGGAG,0.0162935545862744,0.0
AAGGGGCUUUACCC,1.06913170342923,0.0308492175894259
CGUGCGCCCUGGCC,0.000772020395162629,0.0327633489473986
AAUCCUGCUCGGCC,0.00291318756616208,0.0229457963091872
AGGGCGGCUCGCCC,0.0399941415971452,0.0
AAGCCGGUCCGGAC,0.0267417424410008,0.0467833179177319
AAUCGUGCCUACAC,0.00666226488540325,0.0107211502863216
AGGCCUGUCCAGAC,0.0135400768172857,0.0461409580407982
AGUCCUCUCCACCG,0.0108636182724271,0.0293319551431539
CGGGGUCCUCAGAC,0.00262583280986591,0.0385860514918348
AGGGCUCUUCACAG,0.0307827168543075,0.0228357191148529
CGGGCUCUUUAGAC,0.00247049483377548,0.0225339211096793
AGUGCUCUUUGCAC,0.0119172572787316,0.0336150777271261
CGGCCUCUCUAGCG,0.00552688856010189,0.0341344586758195
AGUGCGGUUUAGCG,0.0304714373126663,0.0
CAGCCUGCCCAGAC,0.00230583136547831,0.0181450429886963
CAUCCGCCCUGCCG,0.00784508143660408,0.0
CAUCCUCUCCGGAG,0.00581316645362129,0.0
AGUGGUGCCCACAC,0.0102514729047194,0.0198816022561768
AGUCGUCCCUGGCC,0.00199951329101339,0.0
CAGCGUCUUCAGAG,0.00549691372398349,0.0640363987590423
AGGGGUCUUCGCCC,0.052365631864648,0.034269740302874
CAUCCUGUCUACAC,0.0028160533506913,0.0252590356481414
AGUCGGGCCCGCAG,0.00903923448194675,0.0
AAGGGGGCUCGGCG,0.0573563269309096,0.0287418574979301
AAUCGGGUUUGCAG,0.00813298964381521,0.0
CAGGCUCCCCGCAC,0.00611571122522183,0.0294483552544998
AAUCGUGUUUACAG,0.0084880271377547,0.0354917539731672
AGUCCGGCUCGCCG,0.0128860793984705,0.0266999143256974
CAGCCUCCUUGGAG,0.00678413757149476,0.0286059384228586
AGUCCGGUUCACAC,0.00725957783446857,0.0316062631094739
CGGGCGCCUCGGCC,0.00138007007376211,0.0
AGGGCUCCUUGCCC,0.0161999134679625,0.0
AGGGGUCUCUACAG,0.0248225718541603,0.0376795440309059
CGGGCUGUCCGCCG,0.00488192855468205,0.024527705380547
AAGGGUGUUUACCG,0.0253930284744111,0.0553849591463732
CAGCCGGCCUAGAG,0.00635489894442263,0.0144611092121377
AGGCGGGCUCGCAG,0.0245186219947216,0.109484691065488
AGUGCGCUCCAGCC,0.00179964665116622,0.0302478340412693
AGUCCUGUCCGCAC,0.00783800730826612,0.0120916743173794
AAUGCGGCCCGCAG,0.0804784341596418,0.0
CAGCGGGCUUGGAG,0.00375368752791471,0.0
AGGGGGGUCUACAC,0.204703287314869,0.0323969727928653
AGGGGGGCCUACAG,0.0516865529825269,0.0
AAUGCUCUCCAGCC,0.00139135135750029,0.0277171159870083
CAUGGUGCCUGGCC,0.00100720639696352,0.0
CGUCCUGUUUGCCG,0.00302148675086468,0.0
CGUGGUCUUCAGCC,0.000782318203618589,0.0259024727315713
CAGCGGGCCUGCCC,0.00594598911442242,0.0
CGUGGGCUCCGGCC,0.00110469377254934,0.0
CAUCGGCCCCGGAC,0.00272824663622302,0.0
AGGGCGCCCCGCCG,11.1841375043481,0.0314388498253779
AGGGGGGCCCGGAG,0.0478693396810545,0.0
AGUCCUCUCCAGAG,0.0106786434793937,0.0427574754127892
CGUCCGCCCUAGCG,0.00341543657842957,0.0
AGUCGUGCUCGGCC,0.00329298573584936,0.0
AGUCGUCCCUGCAG,0.00745899942415654,0.0208568328079821
AAGGGUGUUCGCAC,0.0164808368228982,0.0
AAGCGUCUCCACCC,0.0159019644551518,0.0493905736852672
CAGCGUGCUUGCCG,0.00396237861115044,0.0363916902413095
AGUCGGCCUUGGCG,0.0110831325841138,0.0
CAUGGUCCCCGCAG,0.00482539885824281,0.0203334884440523
CGGCCUCUUCGGAC,0.00231952518248197,0.0944887451402613
AAGGGUGCCUGGAC,0.0122683841274933,0.0258674317791328
AGGCCGCUUCGGAG,0.0590563319487188,0.0
AGGGGUCUCUACAC,0.0211544251905619,0.0500609794852167
AGGCGUGCCUGCAG,0.0144627751711148,0.0
CGGCCGCUCUAGCG,0.00422978923779171,0.0
CAUCGGCUCCACAC,0.0023788600428467,0.0288447844835653
AGUGGGGCUUGGAC,0.00934912925226229,0.0
CAGCCGGUUUGCAG,0.00433883255133444,0.0
AGGCCGCCUCACAG,0.0204993124679876,0.0250288882828101
AGGGCUGCCCAGAG,0.0446025056788376,0.0168849589859072
CAUCCUCCCCACAG,0.00373870835334266,0.0182252203594774
CAGCGGCCCCAGAG,0.00781191665405378,0.0323553712094632
CGGGCUCCUCGGAG,0.00633677744931057,0.0
AGGCCUCUUCGGCC,0.00611633540477125,0.0196748792183314
AAGGCGGCCUGGCG,0.11602664602913,0.0
CGGGGUGCCUAGAC,0.00302709247767519,0.0
CGGGGGGCUUGGAC,0.00208492514024616,0.0
AAGCGGCUUCAGAG,0.0126672844092028,0.0
CAGCGUCCUUACAG,0.00507530967649024,0.0320654541595303
CAUCCGGCUUACAC,0.00386107655127648,0.0585172259280347
CAGCGGGCCCACCC,0.00336970655089209,0.02648727998292
AAUGCUCUUUGCAG,0.0161206786755447,0.0153680280064869
CAUGCGCCCUGGCC,0.000958162662918899,0.0246099416224894
CGUGCGGCCUGGAG,0.00719904685395831,0.0
CAUGGUGUUUACCG,0.00335567312824551,0.0
CAGCGGGCUUGCAG,0.0033735337383116,0.0482471518790786
CGUGCGGUUUGGCC,0.000621205423166836,0.0144655053635541
CGGGGUCCCCGCAC,0.004230375227268,0.0
CAUGGGCCCCGCAG,0.00464198242391676,0.0
AGGCGUCUCUACCG,0.016032987996189,0.0524965509265486
CGUCGUCUUUGCCC,0.00192647619619013,0.0
AGGGGUCUUUGGCG,0.0423533269823746,0.0331639786686118
AAGCGUCUCUGGAG,0.0228011577404175,0.0
AAGCGUCUUCAGAG,0.0220456315733128,0.0311821815566003
AGUCCUGUCCGCAG,0.0109909364487841,0.0
AGGCGGCUUUAGAG,0.0219195129744547,0.0
CAGGCUCCUCACAC,0.00514305834420864,0.030780148100921
CGUCGGGCCUGCCG,0.00324381111500414,0.0
CGUGCGCUCUGCCG,0.0113305753157425,0.0
CAUCGGCCCUGGCC,0.000872964978027743,0.0
CAGCCUCCUCACAC,0.00416427561434194,0.0387867917885151
CAUCGGGUUCACAC,0.00316202101834676,0.0336139641472187
AGGCCGGUUUGGCG,0.0252831019442189,0.0
AAGCGGGCCCACAG,0.0182256192926693,0.0
AGGGGUCCUUGGAG,0.0290593601192208,0.0296796243459948
AAUCCGCUUCGCCC,0.00607855232985051,0.0376263849234601
CAGGCGGUCCAGCC,0.000377773657353518,0.0485333551703044
CAGCCGCCCUAGCC,0.00105175916901597,0.0237638998458945
AAGGCUCUUUGCAG,0.0296559243993431,0.0421768448015878
AGGGCUCUCUACCC,0.0164207504386481,0.0401573742074644
AGGCGGCUCCGCCG,0.0177277422404201,0.0
AGGGGUCCCCACCC,0.0266877187188977,0.0490523291397252
CAGGCGCCCUACAG,0.00472612232421347,0.0498470309258824
CGUCCGGCUUAGCG,0.0035261913141017,0.107614389330695
CGUGCUGUCCACAG,0.00368856824131532,0.0319003739742111
AGGGGUCCCUACAC,0.025638334057557,0.053552501347481
CGGGCGCCCUGGCG,0.0083349186225896,0.0
CGUGGUGCUUGCAC,0.00433936926985885,0.0
AAGCCGCCUUGCAC,0.029582839663395,0.02035630538417
AAGCGGCUCCGGAC,0.0198375107562333,0.0224871322332099
AAUGGUGCCCAGCC,0.00456403358445181,0.0273802378894794
AGUGCGGCUUGGAG,0.020306745371071,0.0
CGUGGUGCCCAGCG,0.00271262642277341,0.026909321435292
AAUCGGGCCCGCAG,0.0183536591891367,0.0
AGGGCGCUCCGGAG,0.137155425675177,0.0
AGUCGGCUUCGGCC,0.00143716418063276,0.0
AGUGGGGCCUAGAG,0.00911097874362642,0.0
CGGGCGCCCCGCCC,0.0026022373930892,0.0182852146479014
CGGGGUGCCUAGCG,0.00525868806520109,0.0
AGGGGGGUUUGCAG,0.0876610027562779,0.0479008699232736
CAGCGGGCUCACCG,0.00519780238260637,0.0
AAUGCUGUCCACCC,0.0107113084898446,0.0361377216723193
AGUCCGCCCUAGCC,0.000849639968397928,0.0216271099099848
AAGGCUCUUCAGCC,0.00660938187804694,0.025615694656877
AGUCGGGCUUACAG,0.0099861746280436,0.0
AAGCGUGCCUACAG,0.0164444392150738,0.0
CAGGCUCCUUGGAG,0.00505878968115989,0.0
CGGGCGGCUUAGAC,0.0036062449645981,0.11262155464476
AGGCGGGCCUGGAG,0.0430490823908463,0.0
AGGCGUCUCCAGCC,0.00880544710106913,0.0
CAGCCUGCCUAGCG,0.00399145266804567,0.124735871617894
CGUCGUCUCUACAG,0.00412573227436495,0.021017589999349
AAUGGUCCCCACCG,0.0129166969829848,0.032853943981715
CGUGGGCCUUGCAG,0.00399426394616093,0.0
AAUGGUGCCUGGCC,0.00390846931304827,0.0
AAUCCUGUUUGGCG,0.0105246348121123,0.0195026784290615
AAUCCGCUCUAGCG,0.0116818648289474,0.0277426221493393
AGGGGUGUUUGCCC,0.0172723506966295,0.0
AAGGGUGCCUAGAC,0.0221521836119544,0.0
AGUCGUCUUCAGCC,0.00163155386824011,0.0297145625170971
AAUGCUGUCCACAG,0.0182857072271758,0.0286406461435617
CGGGCUGUUUAGCG,0.00486535342378114,0.0
CGGCGUCCUUGGAC,0.0020199074398796,0.0
AGGCGUGUUUGCAC,0.0179428465410586,0.0
AGUGCUGUUCGCCC,0.0111063203866486,0.0
AGUGCUGUUCAGAC,0.00710036052442826,0.016068760240962
CAUCCGGUCCAGAC,0.00241726559503674,0.0
AAGGCGCCCUAGAC,0.0713087294327711,0.0192774217918137
CAUGGUCCUUAGAG,0.00435368772738229,0.0
CAGGCGGCUUAGAG,0.00984272199145313,0.0229473845070797
AAUGCUCUCUAGAC,0.00570277556357846,0.0462341136429663
CAUGGUCCUCGGAC,0.00166636447398758,0.0
AGGCCGGUUUGCCC,0.011836502064502,0.0535157380828928
CGUCCGCCCUACAG,0.00413128503692275,0.0752756346918751
CAGCGGGCUUAGAG,0.00631998191725548,0.023923606647939
CGGGCUGUUUGGCG,0.0054279277797154,0.0
AGGCGGCCUUAGCC,0.00171037095579622,0.0182251223256278
CAUCCGCCCCGCCG,0.0068438843438246,0.0285321102983951
AGUGCUCCUCAGAG,0.0141388231691179,0.0358110103713033
AAUCCGGUUCGGCC,0.00160820233611248,0.0281308819291049
AAGGCGCCCCGCAC,0.0949715350309142,0.0253595572559702
AGGCCGGCUCGCAG,0.0196017415570851,0.0300244498236806
AAUCGUCCUCAGAC,0.0051858506784786,0.0324477858983191
AAUCGGCCUCGGCC,0.00196803288876788,0.038429445303952
AAUGGGGCUCAGCC,0.00269754113113018,0.0
AGUCGGGCUUAGAG,0.00861634990832181,0.0
CGGCCUCUCCGCCC,0.00253551335736896,0.0
CAGCCUGUUUGGCG,0.00778436472073916,0.0
AAGCGGCUCCGCAC,0.028322382965335,0.0
CAUGGUCCCCAGCC,0.000647141554594782,0.0
AAGCGGCCUUAGAG,0.0274115094804381,0.0
CAUCGGCCCUGCCC,0.00328690846748813,0.0
CGUGCGGUCUACCC,0.00112093926920447,0.0344338492772608
CGUCGUCUUUAGAG,0.00375856074879576,0.0
AAUCGGCCCCGGAG,0.0098828059519799,0.0
AAUGCUCCCCGGCG,0.0138133707036542,0.0280423565077425
AAGGGUGUCCGGAG,0.0196224963422632,0.0
CGUCGGGUUCGGCG,0.00797822328017575,0.0806708704449508
AAUCGGCCUCACCC,0.0017648718767197,0.0198338542773092
CGGCCGGCUUGCCC,0.0035655656588001,0.042377712600566
AAGGGUGUUUGCCC,0.0148472382510973,0.0
AGGCCUCUUUACCG,0.0235244325603036,0.0405719255214186
AGUCGGCCCCAGCC,0.000820901002526551,0.0267519026058664
CAGGCGGCUCACAC,0.00537482267239662,0.0671802168269285
CAUCGUGCUCGGAG,0.0039629493123763,0.0
CGGGGGCUCUACAG,0.00453382094066217,0.0455734003641382
CAGCCGCCUUAGAG,0.00723377638959597,0.0340077300729112
AGUGCUCCCCACCC,0.00168408895429852,0.0475727525825812
CAGCGGGCCCGGCG,0.00649563594167802,0.0
CGGCGUGUCUACAC,0.00353728571681176,0.0
AGGGGGCUUUACCC,1.91521618485444,0.0696748605776083
AGUGCUGUUCGGAG,0.0174502978124805,0.0
AGGCGGCUCUAGCG,0.0186637291173218,0.0
AGGGCUGCCCGGCC,0.0180766925011718,0.0
CAUGCGCUCCGCAG,0.00414679120060021,0.0235467123377158
CGUCGUGCCCAGCG,0.00482064477069774,0.0
CGUCCUGCCCGGAG,0.00331526767215586,0.0
CGUGGUGCCUGCAC,0.00352409383127931,0.0
CAGGCGCUUCGGCC,0.00108605987337657,0.0
AAGGCGCCUCACCC,0.0163144483628181,0.0236094328921677
AGUCCUGCCUAGCC,0.00104146885034996,0.0256935689402719
AAGGCGGCUCGGAG,0.190932247873789,0.0
CAGGCUGUCUGGCG,0.00503933279777081,0.0
AAGCCUCCCCGCCG,0.0337599641794056,0.0253797495808552
CGGGGUCCUCAGCG,0.00905197477015246,0.0
CAUGCUGUUCACAC,0.0031054169383887,0.0374620052313415
CGGGCGCUUCGCAG,0.00529189369860249,0.0
AAUCGGCCUUGCCG,0.0117083517534706,0.0
AGUCGGCUCCGCCC,0.00522368682395833,0.0336222572369476
AAGGGUGUCCGGCC,0.0168770107849871,0.0
AAGCCUGUCCGCCG,0.0221117894040551,0.0
AAUCCUCCUUGGAC,0.00497555578296823,0.0343633763093354
AGUCCGCCCUGCAG,0.0105869872638218,0.051927430652317
AAGCGUGCUUGGAG,0.0238560113011452,0.0
CGUGCUGUCCAGCC,0.000904222048699497,0.0
AGGCCUGUUCACAG,0.0179870453768777,0.0283972687606163
AAUGGUGCCCGCCC,0.00985564992731458,0.0
CGGCGGCCUUGGCG,0.00721036611001799,0.0
CGUGGGGUUCACCC,0.00286677206783848,0.0
CAUCCGCCUCACAG,0.0035936094336446,0.0315399395893198
CAGCGGGUCCGGCC,0.00183032370485072,0.53360311356927
AGUCCUGCUUAGAG,0.0134077904219508,0.0210631464407455
CAGGGGGCCUAGCG,0.0030417218430976,0.0
AGUGGGCUCCGCCC,0.0141688417009087,0.0248056959125337
AGGCCGCUCCAGAG,0.0282250551888218,0.0
AGGCCUGCUUGCCC,0.00693428924549393,0.0
CGUGCUCUCUGCAG,0.00596719953932523,0.0
CAUCCUCCUUGGAC,0.00199283588113616,0.0259406184087638
CGGGCGCUUCAGCC,0.000592386925221395,0.0395756085562879
CAGCCGGUUCACAC,0.00557592980837804,0.0
AGGCGGGCUCAGAG,0.0205074049103109,0.0
AGGCGGCUCUGGAG,0.020911472749602,0.0
CGGGCUGUUCGGAG,0.0078563311126104,0.0
AGUGGGCCUCACCG,0.0119894375986399,0.0
CAGGGGCCUCGCCG,0.0143324420227704,0.0
AAGCGUCCCUGGCG,0.0141873213537018,0.026737987247912
AAGCCUCUCCAGCC,0.00670714165844806,0.0343663360405531
AGGCCUGUUCGCCC,0.0160614143289023,0.0480606270920532
AAUCGGCUUCGGCG,0.00950591123892168,0.0
CAGGCGCUCUACCC,0.00130899233464774,0.040926650749467
AAGGCGGCUCACCG,0.136097935177078,0.0339708880948488
AGGGGUCCUCGGAC,0.0114997981938348,0.0268825268021896
AAGGCUGUCCGGCC,0.00926291531702626,0.0506834549907709
AGGCCUCUCUGCAC,0.0146536769101122,0.0665835208469919
CAUGGGGUUCGCCG,0.00519318035304867,0.0
CAUCCUGCUCACCG,0.00369411546433559,0.0419565170013573
CAGGGGCUUCGGAG,0.0088160358740136,0.0
CAUGCUGCUCACAG,0.00314597254624289,0.0
CAGGGUCUCUGCAC,0.00497213216179543,0.0321138532705991
CAUGCUGCUUGCCG,0.00463111514723441,0.083009057807451
CAUGGGGCUUGCCC,0.00644837561233278,0.0
AAGCCGGUUUAGCC,0.00897894647662618,0.0413962698746001
CAUGGUGCCCGGCG,0.00546295595580445,0.0
AGUGGGCUUCGGCC,0.00309015690429342,0.0388165418076143
AAUCGGCUUUAGCC,0.000808666822939124,0.0300418392308963
AGGGCUGCUUACCG,0.0326975576710706,0.0358331581699005
AAGGCUCUUCACAC,0.0255741647833031,0.022701350744852
AGUGCGCUCUAGAC,0.0103185414219166,0.0408696230837825
CAGGCUCCCCGCCG,0.00448707714870004,0.0318349812424646
CAGGGGCUUUGGCC,0.000845861380955146,0.0243529988211795
CAGCGGCCUCGCCG,0.00915741619199149,0.0653403974313911
AAUCGGCCCCACCG,0.0134470804768964,0.0250223705696942
CAUCGUGCCCACCG,0.00355368043993744,0.0424725333520143
AAUGCGCUUCGCAC,0.0268088278985811,0.0248961349868315
AAGCGUGUCCGCCG,0.0175770392721277,0.0
CGUGGUCCUUGGAG,0.00433042396111867,0.0
AGUGCUGUUCGCAG,0.0120976355402125,0.0
AAUGCGGCCUAGAG,0.0293223721391628,0.0
CAGGCGGUCCGGCC,0.0010857308042112,0.0
CGUGGGCCCUGGAC,0.00195600357239849,0.0
CGUCGGCUUUGGCG,0.00447380924949943,0.0
AAUCCGCCUCGGCC,0.00218495942727818,0.0490309616289155
AAGGGUCCUCGGCG,0.0289672723547505,0.0489223912651399
CAGGGGCCCUAGAG,0.00428882986716881,0.0295770877307257
AAUCCUCCCCGCAG,0.0117074237187051,0.0185060357235942
CGUGCGGUCCGGCG,0.00345751821459404,0.0423370915014013
CGUCGUGCUUAGCG,0.00304224749492453,0.0433791308215512
AGGCGUCUCUGGCG,0.0106192132291188,0.0541949765908984
CAUCGUCCUUGCAC,0.00285312782356637,0.0
CAGCGUCCCCGGAG,0.00498762167008763,0.0
AAGCCGGCCCACCG,0.0244577534828185,0.0221103983993907
AAUGGGGCUCAGCG,0.0148989707885575,0.0
CGGCGGCUUCACCC,0.00435632434645377,0.0316300133756388
CAUGGGCUCCGCAG,0.00307995836665549,0.0882705580286178
CGGGCGCCUUGCAG,0.011138937678267,0.0
CAUCGUCCUUAGCC,0.000279700269751581,0.0867567774294375
CAUCGUGCCCACCC,0.00442009785044502,0.0826056447718291
AGUCCUGUCCGGCC,0.00377414420326746,0.0
AGUGCUGUUCACAC,0.0123158427345027,0.025453152786746
AGUCGUGCUCGCCC,0.00585692529534684,0.0
AAUCCGGUUCAGCG,0.0106462254990383,0.0
CGGGCUGUCCGCAC,0.00436257445312013,0.0582982102899551
CGGGGUGUUCGCAG,0.00328329171081176,0.0
CAUCGGGUUUGCCG,0.00335314898125456,0.0
CGGCGUGCUUGCCC,0.00271379164030897,0.0418227337744991
AGGGCUCCUCGCCC,0.0185576449765945,0.0234172210017402
CAUGCUCUCUAGCG,0.00311332149877838,0.0253851401049893
CGGGGUCCCCAGCC,0.00178667253739147,0.0
AGGGCGCCUCGGCC,0.0288780146830259,0.0
CGUGGGCCCCAGCC,0.000498100408673275,0.0228501274039236
AAUGGUCUCCGCCC,0.0115785508697908,0.0324124768434338
AAGGGGCCCUGGAC,0.0169622077994086,0.0236402175573369
CAUGGGGCUUAGAG,0.00379128494140201,0.0
CGUCGGCCCUGGCC,0.000704643854660733,0.0
AAGGGUGUUCGGCG,0.0213933939528006,0.0
AGGCCUGCCUACAG,0.0190855667805402,0.0352559509175253
AAUCGGGCCUAGCC,0.00118225934253608,0.0326947335265569
AGGCCGGCCUGCCG,0.588724731508289,0.0
CAGGGUGCCUGGAC,0.00261300032348341,0.0
AGGCCUCUCCGCAC,0.0149825789299075,0.0384572723213875
AAGGGUCUCUAGCG,0.0221857418769784,0.0186813211269821
AAGCGGGUCCACCG,0.0264942960810731,0.0424485366898308
AGGCGGGCUCACCG,0.0297846448606595,0.0
CGGGCUGUUCGCAC,0.00577504732933525,0.0321623601098717
CGGCGUCCUUGCCC,0.00225726305118308,0.0374391551166013
AAGGGGGUUCACAG,0.102345996670198,0.0241710339431481
AAUCGGGUUCGGCC,0.00195991714497232,0.0422416461339374
CAUCCUCCCUGGCC,0.000618196233187535,0.0213219949320004
CAUGGUGCCUACAG,0.00491343507774079,0.0309026684520098
CAGGGUCCCCACCG,0.00415667123409381,0.0215328962569977
CAGCCGCUUUGGCG,0.00525787891178284,0.0
AAUGGUGUCUGCAG,0.0129642861752217,0.0
CGGCGUGUUUAGAC,0.00332786128154676,0.0
AAGGGUCCCCGGCG,0.024820937715131,0.0373345035791251
AGGCGUCCUUACCC,0.0051066943403278,0.0239374968619523
AGUCGUCUCCAGCG,0.0113469253522732,0.0
AAUCGUGUUUAGCC,0.00111102374683342,0.0414213475664847
AGGCCGCCUUGCCC,0.011204860271079701,0.0215973240415242
AGGGCGCCUUGGCC,0.0339057625780013,0.0
CGUGGGCUUCGCCG,0.00507489182656318,0.0
CGUCGGGUUUGGAC,0.00260686222257928,0.0
AGUGCGCUUCGCAG,0.0352421615317557,0.0
AGUCGUGCUUGCCG,0.0113970303029316,0.0194083647734927
AAUCGGCCCUAGAG,0.00883467935458248,0.0203315803379114
CGUCCUGCUCAGCG,0.00727095742186688,0.029552928247006
AGGCCUGUCUACCC,0.0107169271361665,0.0288338466931231
AGUCGUCCCUGGAC,0.00382039571164806,0.0497016190923785
AAUGCGCUUCAGAC,0.0113698535747076,0.0232181591378409
AAUGGGGUUUGGAG,0.018410829556106,0.0
CAUGCGGCUUGCCC,0.00329895128971865,0.0581237849495995
AGUCCUCCUCGCCC,0.00493800830564868,0.0225940835687954
AGUCGGCCUCAGAG,0.0101237229924239,0.0
CAGGGGGCCUAGAC,0.0017588244830761,0.0216021499601551
CAGGCUCCCCAGAC,0.00266263519666059,0.0389676700408305
CAGGGGGUUUGGAG,0.00618031380858685,0.0
AAUCCGCUCCAGAC,0.00510963299410622,0.0403189048759603
AGGGCGCCCCACAC,0.120104736150153,0.0292333729864893
CGUGGGGUUUAGCG,0.00286459800616981,0.0
AAGCGUCCCCGGCG,0.0170176246419539,0.0267514363300154
CGGGGGGCCUGGAC,0.00138741738560113,0.0
AGGCCGCCCCGGAC,0.0110901101443283,0.0218198753053468
AGGGCUCUCCAGCG,0.0385224071226954,0.0259597922719172
CAUGCUCCCUACAC,0.00319070430898844,0.0206255063828763
AAUCCGCCUUGCAG,0.0158129724878057,0.0
AAUCGUGUUUAGCG,0.0101836812607162,0.0468723241919649
CGUGCUGUUUACCG,0.00439488981943954,0.0210201214056314
AAUCCGGCCUACAG,0.00920901872898808,0.0161128772698415
AAUCGGGCCCGGCG,0.0150872366503737,0.0731761867203807
AGGGCUGCUCGGCC,0.0112279012921272,0.0822930398541049
CAUCCUCUCUAGAG,0.0050780133497407,0.0283027132979667
CGUGCGGUCCAGCG,0.00422531658342162,0.0
CAGGCGGUUCGCAG,0.00967860464363601,0.0501924107212606
CGGCGUGCCCAGAG,0.00461962850338815,0.0
CAGCGUGCUUAGAG,0.0033535225495457,0.0133217483100596
AGGGGGCUCUGCCC,0.95569571805591,0.13613823106648
CAGGGGCCUUGGCG,0.00469307251775044,0.0
AAGGGUGCCUGGAG,0.0394106967504089,0.0
AGGGGGGCUCACAC,0.069052227966617,0.0
CGUCGGCCUCGCCG,0.00309015690429342,0.0
AGUCCUGCCUACCC,0.00201278313149383,0.0291674727567024
AGGCCUCUUUACAC,0.020215607102926,0.0506323829931457
CAUGGGCCUUAGAG,0.0031739577694946,0.0985975815102828
CAGCCUGCUUAGAC,0.00329805736880246,0.0233027786775887
AAUCCGGUUCGGCG,0.0116616635554882,0.0
CAUGCGGCCCGGAG,0.0058257056392417,0.0
CAUCGGGUUUGGAG,0.00563644619343121,0.0
AGUGGGCUCCGGAC,0.00923033880503231,0.0339968391351532
CGGCGUGCCUGGCG,0.00686701534287428,0.0558835655065699
AAUCGGGCUCAGCC,0.00139971447030589,0.0390658348655278
AGUCCGGCUCGGCC,0.0016622913002406,0.0356301960281645
AAGGCGCCUUGGAG,0.0959249759027506,0.0387058237321264
AAUGGUCCUCGCAG,0.0187446880348348,0.0469240266805029
AAUGCGCUCUACCG,2.03872737927528,0.0375417905071702
AAUCCGGUUCGGAG,0.00820664620484483,0.0
AAUCGUGCCCAGCC,0.00194135716673748,0.0
CAUGGGGCCUAGCG,0.00232410960448959,0.0
AAUGCUGCUCGCAG,0.0127542781782301,0.02823496416418
AGGCCUGCCCGCCG,0.0298715167415031,0.112700849953722
AGUGCUGUUUGGAC,0.00589778517733716,0.040686227138639
AGGCCUGUCCACAG,0.0215141734742158,0.0258105234961506
CAUCGGCUCCGGCG,0.00372278745162908,0.0817810995143538
CGGGGUGUCCAGAG,0.0113054520888783,0.0
AGUGGUCCUUACCG,0.0163013852024398,0.0
AAUCCUCUUUAGCG,0.0103690892794596,0.0100693491173341
AGGGGGGUCCGGCC,0.0156045932361604,0.0
CGGGGGCCUUGGCG,0.00499369355733817,0.0
CGGCCUGCUCGGAC,0.00465900579416547,0.0598903985495199
AGGCGUGUUCGCAG,0.0140014188937896,0.0
AAGCCGCCUUGGCC,0.016133575454762,0.0262588206949244
AGUCGUCUCCGGCG,0.015000136639591,0.0366923536907376
CGGCGGGUCCACAG,0.00442768750465923,0.0
AGUCGGCCCCACAC,0.0101960937487285,0.0333140592799875
CAGGGUGUCCGGCC,0.00120259913365057,0.0
CAUGGUCUUUGCCG,0.00266168977050484,0.0
AAUCCGCUUCGGAG,0.00971192169920791,0.0859220646190546
AAGGCUGUCCACCG,0.0248978356288784,0.0233331599364835
AAGCGGCUUUAGAG,0.0138644428465627,0.0
AGGCGGGUCCGGCG,0.00914928808918249,0.0
CAUCCUGCCUAGCG,0.00357998608090353,0.0
CGGCCUGCCCACCC,0.00170737660888481,0.0573727812489646
AGUCCGCCUUACAC,0.00931719014771841,0.023360084268053
AAUGCUCCCUAGCG,0.0124492342667591,0.0313597343557243
AGUCCUCUUUACCG,0.0135329758035448,0.0218180201431827
CGUCCGCUCCGGCC,0.000596876272467434,0.0304821650924963
CAGCGUGCCUACAC,0.00570337640856728,0.0198063854451109
CGUGCUCCCCGCCG,0.00505385267106116,0.0833199532618672
CAUGCGGCUCAGAG,0.00357634159056892,0.0
CGUGGUGCUCGGCG,0.00499504814666608,0.0
AGGGGUGUCUAGCC,0.0110928709384892,0.0306934402497048
CAUGCUCCUCGGCC,0.000740572085684114,0.0547777658789095
CGUCCGGUUUGGCC,0.000603221745198132,0.0425517177199867
CAUCGGGUCCAGCG,0.00273279182012343,0.0
AGUCCGGCUUGCCG,0.014024558257947,0.0
AGGCGGCUCUACAG,0.0163728474687159,0.0195788126911313
CAGCCGGUUCGGAG,0.00841955794213281,0.0
AAUCGGCUCCAGCG,0.00795678082119998,0.019616304199371
AGGGCGCCUUGCAG,4.99153535251613,0.0
CGUGCGCCUCACCC,0.0003961739620889,0.0253630821923219
AGUGGGCUCCACCG,0.0164896032254636,0.0272560881267152
CAUGCGGCCCAGCG,0.00298359976966261,0.0
CGGCGUGCCUACCC,0.00316128583559429,0.0
AGUCCUGUUUAGAG,0.0175450614755617,0.0
CAGGCGGCCCGCAG,0.00614499772968064,0.0245097091672725
AGUGCUCCCUGGCC,0.0019347750452737,0.0539633233714392
CAGCGUGCCCAGCC,0.00280451214843437,0.242443283684962
CGGGGUGUCCAGCG,0.00652850050202836,0.0
AGGCCGGCUUGGAG,0.0227731128381624,0.0486570013434445
AGGGGGGUCCGGAC,0.0285245252704008,0.0
CGUCCUCCUCACAC,0.00358186363033235,0.0254869987490325
CAUCGGCUUUAGCC,0.000242984619956235,0.0233330424790317
AGGGGUGCUUGCCC,0.0156517703363805,0.0470325694339544
CAUGGUGCCCAGAC,0.00147376713897071,0.0325372993205518
AAGGCGGCCUGCCC,0.0460427537233285,0.0
AGGCGGGUUUAGAG,0.0207015389360795,0.0
AGUGGUGCCUGGAG,0.0127932495837747,0.0
AAGGGGCUUUACAG,0.0673620616473963,0.0387994744836548
CAUCCGCUCUACAC,0.00284342971690874,0.0310105904125161
CAUCGUCUUCGCCC,0.00276268362927196,0.0245365455085519
AAGCCGCCUCAGAC,0.015635782828376,0.0292549236733121
AAUCCUCUUCGGCC,0.0013468903418203,0.0477973809597813
AGGGGUGUCUAGCG,0.0400414697457739,0.0
AGUGCUGUUUACCC,0.00296632548007766,0.0266820589556311
AAUGGUCCUUAGAC,0.00481066320741247,0.0243463553749235
AAGGGUCUUUAGAC,0.00796672408360028,0.0319385799645896
AAUCCGGUCUACCC,0.00127647070914312,0.0380233919340242
CGUCCUGCCCGGCG,0.0042368189002262,0.0
AGUCCUGCCUAGAG,0.0138927222167813,0.0231692106852786
CGGGCUCCCUAGCG,0.00629692350308849,0.0
CGGGGGGCCCAGCC,0.000701227912897354,0.0
CGUGCUGCCCGCAG,0.00390672686345904,0.0171939343413614
AGGCGGGUUCGGCC,0.00555729830368898,0.0
AGGGCGCUCCAGCC,0.01393048487533,0.057199080202912
CAUCCUGCUCAGAC,0.00240224211641185,0.038882872192563
CGUGCGCCUUACCC,0.000398132574935183,0.0394324301709972
CAGCCUGCCCAGCG,0.00523609919894163,0.0245264316076979
AGGGGGCUCCGGCG,0.0525326673729882,0.0
AAGGGUCCCUACCG,0.0237506290272296,0.0197396567266689
CAGGGUGCUCGGCG,0.00393708879658125,0.0
AAUGGGCUCUGGAC,0.00838390828428531,0.0347541608867116
AAGGCUGCUUACAG,0.027054639019222,0.0133274485387984
CAGGCGCUUUGGCG,0.00548328593543796,0.0
CAGGCUGUCCAGCC,0.000677294663954723,0.0
AAUGCGGCCCGCCG,0.730470140187107,0.0618656092485993
CGGCCUCUCUGGAG,0.00552399729794046,0.0
CGGGGUGCCCGGAG,0.0123606276171737,0.0
AAGGCUGUUCACCC,0.0204546426558305,0.0578021409691159
AGGCCGCCCCGGCC,0.00386099074576176,0.0
CGUCCGGUCCACAC,0.00487576208118065,0.0235278538408073
CGGGCUGCCCGCCG,0.00729803013567171,0.0185568735673177
AAUCGGGUCCGCCG,0.0130134776673765,0.0
AAGGGGCCCUAGAG,0.044111623676454,0.0208605318909602
CAGCCUCUUUGCAG,0.00555247240580977,0.0450685422442756
AAUCCGCUCCGGCG,0.0181522424440884,0.0246878781475987
AGGGGGCCUCAGCG,0.0811833813868692,0.0
CAGCCUCCCUGCCG,0.00573621940317941,0.0340509999514279
CGGGGUCCCCGGCG,0.0032692964349771,0.0
AGGCGGGUCCACCG,0.0212556587061678,0.0
AGUCCGGUUUGGCG,0.00822273511013701,0.0227052875003676
AGUCCUCUUCACCC,0.00242382784678297,0.0428581754069193
CAUGCUGCCUGGAG,0.00315279521992099,0.0
CGUCCGCCCUGGAC,0.00242567640086498,0.0481771957580526
CGUCGUGUCUACCG,0.00230045013986288,0.0
CAUCGGCCUCGCCC,0.00314423465011856,0.0
CGGGCUCCUCACAG,0.00659430612112376,0.0153423404754127
CAGCCUGUUCACCC,0.00151269656841908,0.0320060417868056
CGGCGUCCCCGGAC,0.00218604986242591,0.0
AGGCCGCUCUACAC,0.0198120697977394,0.0311279295677244
CAUCGGGCUCACAC,0.00304847848747251,0.0289808715854316
AAGCCUCUUUAGAG,0.0153904560786501,0.0
AGGCGGCCUUGGCG,0.0108240855100664,0.0
AGGGGUCCCUAGAG,0.0332854043691034,0.0358393465675272
CGGGCUGUUCAGCC,0.00144770727739787,0.0264628837471863
AAUGCGCUCCAGAG,0.0229456194185173,0.0429696106865155
CAGCCUCCCUGCCC,0.00256090351184538,0.0517095553041108
AGUGCUGUCUGGCG,0.0119644536550848,0.0
CAUGCUCCCCGCAC,0.00404694188721273,0.0267130940227135
AGUCGGCCUUGGCC,0.00197477482641236,0.0
AAUGGGGCCCGCAG,0.0255002863866902,0.0
CAUGGUGCCUGGAG,0.0053741859205103,0.0
CGUCGGCUUCGGCC,0.000391329913644145,0.0425362065607664
CAUGGUCCUUGGCG,0.00312830698953161,0.0
AAGGGUGUCUAGAC,0.0162399630539482,0.0376364270999857
CAUGGUGCCUAGCC,0.000532106099591342,0.0462950656154999
AGUCCGCUCUGCCC,0.00480052281876281,0.0486076381959906
AAGGGUGUCUGCAG,0.0402864900115291,0.0279842591320649
CGUCGGGUCUAGAC,0.00192780430726562,0.0412152425292614
AAGCCUCUCCACCG,0.0187971202364791,0.0354901414628179
CAUCCGGCCUAGAC,0.00234668699915555,0.0451576393755109
AGUGCUGUUUGCAC,0.00885208842417546,0.0208804993934097
AGUCCUCUUCGGAG,0.011974358004137,0.0
AAGCCUCUUUACAC,0.0134317954516451,0.034461662988738
CAGGCUCUUUACAC,0.00467993573933243,0.0217940052409497
AGGGCUGCUUACCC,0.00459561796023124,0.0191541767291903
CGUCCUCCUUGCAC,0.00386550536391614,0.0698564766315474
AAGGCUCCCCGCCG,0.0313154293426164,0.0226289964617719
AGGGCUGCCCAGAC,0.0190559675764761,0.0190519865653057
CGUGGUGUCUACCC,0.0024676792545077,0.0
CAGCCGCUUUACCG,0.011642301670123,0.0424150649760831
CGUCGUCUCCGCAG,0.00343022201816303,0.0488270113433972
CAGGCGGCCCACCC,0.00078893122881687,0.0286700278192795
CGGCCGCUCCGGCG,0.00416985028049233,0.024840670476648
AGGGCGCCUUAGCG,0.104841410332621,0.0314563245769313
CGUCGGGUUCGCCC,0.00278771601578811,0.0
AAGGCUCCUUAGCC,0.0031448564010652,0.0230444346812242
AGGGGGGCCUGGAG,0.0978255385702033,0.0
AAUGGUGCCUGGAG,0.0125232674542417,0.0
CGGGGGCCCCAGCG,0.00528523387768806,0.0330439230261083
CGGCCUGCCCACAG,0.00567920728356629,0.0243849390811167
CAUGGUCCUCACAC,0.00357446720968199,0.0375690439954685
AAUCGGCUUUACAC,0.0079429503925605,0.0234536725151083
AAUGCUCUCUACCC,0.00186993626524683,0.0455281073707634
AGUGGGCUUUAGCC,0.00205224160819487,0.026742189469422
CAUCCUCCUCGCAG,0.00486073329269939,0.0
CGGGCGGCCUAGCC,0.000471699663138413,0.0439674417444433
CGGGCGCCUUGCCG,0.102286022027322,0.0128138902675061
AAUCGUCCCCACAC,0.00597619335252343,0.0199050656540008
AGGGCGCUUCACAG,1.17346805634567,0.0249372610472251
CAUCCUCCCUGCCC,0.00176247223975333,0.0169264729265554
AGUCCUCUUCAGAC,0.00391358194765305,0.0280690297814861
AGUCGGGCCCGCCG,0.013011186965446,0.0
CGGCCGCUUCAGAC,0.00309771230014744,0.0
CAUGCUGCUUAGCG,0.00310498965743403,0.0560294081662427
CGUGCGCUUCGGAG,0.00551217177522611,0.0
AAGCGGCUCUAGAC,0.00745225174280789,0.0270737980450162
AAUGGUCUUCAGCG,0.0103192512379738,0.022780596338892
CAUGCUGCCCAGAC,0.00176580394531052,0.0273502260354472
CGGCCUCCUCGGAG,0.00574276946815592,0.0
CGUGGUGUUCGGCG,0.00294642867618675,0.0
AAGGGUGCCCGGAG,0.0192491023829944,0.0
CAGGCGGUUUACCG,0.0553653112019238,0.0484343294869763
AAGGCGGCUCAGCG,0.0846106920901458,0.0372667686300836
CAUGCGGCUCGGAC,0.00203937920444314,0.0
CAUCCUCUUCGCCC,0.00154194441877521,0.0
CGGGCGGCUCACAC,0.00595141329715771,0.0321259106149022
AGUCGGGCCUAGCC,0.00084824510137069,0.0328438913052959
CGGCCGGUUUAGAC,0.00256796339163946,0.0593111262336056
AAGGGGCCCCGGCG,0.0234688568414179,0.0
AGGGGUGCCCGCCC,0.0218905771540786,0.0382178492167767
CAGGCUCCCUGCAC,0.00449477367897225,0.0411037482890722
CGUGGGGCUCACAC,0.00337956736965021,0.0
AGUCGUGUCCGGAC,0.00599543262627869,0.0
AAUGCGGUCCACCC,0.00762275036473557,0.0416797143538444
CGGCCUCUCUACAC,0.00450828502269662,0.0176924978150972
AGGGGUCCCUAGCG,0.0350217782486588,0.0
CAGCCGGUUCGGCG,0.00636208774413352,0.0505562967584443
AGGGCGGCUCAGCC,0.0161638976532271,0.0
CAGCGGCCUUGCAG,0.00612001806411283,0.0
CAGGCUCCCUGCCC,0.00221890886475135,0.0468388488468572
AGUCCGCUUUACCC,0.0011799718881776,0.0201779395360133
CAUCGGGUCCGCCG,0.00679834518944553,0.0411368806609155
CGGGCGGCCCAGCC,0.000469422697890228,0.0
CAUGCUGCUUAGCC,0.000459189350448454,0.0368981784271236
AAGCCGGUUUACAG,0.035881573971341,0.0
AGUCCUGUCUAGCC,0.00158373469848548,0.0144425759400616
AGGCGGCCCUACAG,0.0219093589043742,0.0
AGGCCGCCCUGGCG,0.0162584391669074,0.0
AAGCGUCCCUGGAG,0.0232772566809392,0.0
CAUCCUCUUUGCAC,0.00361248440720016,0.0
AAGCCUCCCUAGAG,0.0309636827495532,0.0217704168426607
AAUGGUGUUUAGAC,0.00564910384167504,0.0230982148241465
AAUCGUCUUUAGCC,0.000966337726084885,0.0347590238565358
CAGCGUCUCCAGCC,0.00227806788848935,0.163462728589632
CGUGCUCCUCACCG,0.00416985028049233,0.0284316987643327
AAUGCUGUCCAGCC,0.00227669261734413,0.0254394913991094
AGUGCGGCUCGCCC,0.00889114007492809,0.0162095328407933
AAGGGGGUUUACAG,0.0399210186067262,0.0662492846530204
AAGGCUCUUUGCCG,0.0392811837113335,0.0317480966082932
CAGCCGCUUUGCAG,0.0050365544349198,0.0
CAGCGGCUCCACAC,0.00398595519789758,0.0244226782343794
CAGCGGCCUCACCC,0.00247212552343474,0.0219258598585743
AAGGGUGCCUGCCG,0.0314876332834037,0.0
AGUGCGGUCUAGCC,0.00206595163579377,0.0227525064572127
CGUCCGGCCCGGAC,0.0034764265173301,0.0347460845534427
CGUGGGGCUUACAC,0.00256541327903605,0.0548423892810737
CGUGGUGCCUACAG,0.00407173615624545,0.0167279367551858
AAGCCUGUCCAGCG,0.0236328980856654,0.0279875813123775
CGGGCUCCCUACCG,0.00602798213020619,0.0283010257786313
AAGGCGCCCUACAC,0.152928010396525,0.0282290808042153
CGUCCGCUCCAGCG,0.00375233338378487,0.0314540412949727
CGGCCUGUCUACCC,0.0017816013961135,0.0399201418060878
CGUGGUGCUUAGCC,0.000414830826348076,0.0165173603434082
AGGGGGCCCUGCAC,1.15365857760287,0.0357229495734412
CGUCGUGUUUACAC,0.00309015690429342,0.0410348600541193
CAGGCGGCUUGCAG,0.0108331736340628,0.0
CGUGGUCCCUGCCG,0.00405405905792623,0.0
AGGGGUCUUCACAG,0.0270066837781477,0.022175235899127
AGUGCGGCUCAGAG,0.0249331517077846,0.0
AGGCCGCCCUAGCG,0.0196927271809971,0.0
AGGCCUCUUUGCAC,0.0174906920203797,0.0
AGUGGUCCUCACCG,0.0106946299818155,0.0
AGGGCUGCCCGGAC,0.0242346163517815,0.0225167978679374
CAUGCUGUCCGGAC,0.00180755237484063,0.0314864772526698
AAGCCGCUCUGCCC,0.00982387136110014,0.0269045884933118
CGGCGGCCUCGGCC,0.00240607636822847,0.0552877267565573
AAGGGGGUUCGCCG,0.0639368178531187,0.0
CAUCCGCUUUAGCG,0.00338409865860426,0.0
AGUGCUGCUCAGCG,0.0114583920246792,0.0163628218514685
AAUGCUCCCUACCG,0.0159028728809592,0.0273238898400405
CAGCCGCUCCAGAC,0.00221067703230736,0.0304858250369736
AGGCGUGUUCGCAC,0.0168149078395786,0.123768408961895
CGUGCUGCCUAGCC,0.000674345113111505,0.021196473659218
CGUCGGCUUUGGAG,0.00396983660697549,0.0
AGUCGUCUCUGCCC,0.0111384013789083,0.0161002347625769
AAUCCUCCCUACCC,0.00319486795353445,0.0271365479042062
AAUGGGCCUCACCC,0.0109358065026817,0.0268397666143033
CAUGCGGCUUGGCG,0.00337985911407093,0.0
CGUCGUCUCCGGAC,0.00162963498435374,0.738501785787736
CAGGCUGCCUGCCG,0.00932951829703875,0.0390403271783374
CAGCGGCCUCGGAC,0.00139820787684759,0.0212015366966826
AGGCCGCUUCGCCC,0.0103891857440548,0.0
AAGGCUGCUUGCCG,0.0483109037150099,0.0235610857687734
AGUGCUGCCUACAG,0.0124400660980038,0.0
CGGGGGCUUCAGAC,0.00259729643601371,0.0394724581047462
AAGGCUGUCUGGAC,0.0137806997220593,0.0243990164710525
CGGGGUCCCUGGAC,0.00197149795327681,0.0612060714457264
CGUGGGGCCCGCAG,0.00412020920572456,0.0
CGUCGGCCCCGCAG,0.00397305887694869,0.0
AGGCGGGCCUACCG,0.0173574770794354,0.0443939710099904
AAGCCUGCCCGGAG,0.0125737418864353,0.0
AAUGGUCCCCGGCG,0.0117821746006064,0.0
AAGCCGCUCCAGAG,0.0236291515894565,0.0265768095017598
AAGCCGCUUUGGCG,0.0156523164934862,0.0
CGGCCUCCUUACCG,0.00476726284542265,0.0190749038937678
CAGCGGCUCUACAG,0.00561107437884859,0.0371169613222087
CGUGCGGUCUAGAC,0.00208041549331303,0.0
AAGGCGCCUUAGAG,0.0826984847720431,0.0220385508452206
AGGCCUGUUCACCC,0.00929699566484846,0.0246655363326012
CAGCCUGUCCAGAC,0.00206299395013137,0.0330326577678525
CAUGGGCUUUAGAG,0.00341399217490321,0.0
AGUGCUGUUCAGCG,0.0121972713050524,0.0152697689866295
AGGCGGCUUUACCG,0.0292442781892349,0.0
AGGGCUCCCUGGAC,0.0137304069309502,0.0159859775713026
AAUGGGGCCUACCG,0.0174090816294205,0.0
CAGCCUCCCUAGAG,0.00607220336295559,0.0353232378512172
AGUCGGCUCUAGCG,0.00859449889006609,0.0
CAUGGGCUUUAGCG,0.00304678628107527,0.0
CGGCGGGUCUGGAC,0.00353872806781989,0.0
CGUGGUCCUCGCAG,0.00702035646218118,0.0
CAGGGGGCUUAGAC,0.00201256372741161,0.0
AAUGGGGCUUAGCC,0.00202432582091129,0.0413639552354468
AGGCCGGUUUGGCC,0.00965264559503671,0.0
CAGGCGCUUUACCC,0.00175299138370207,0.0231078483561068
AAGCGUGUUCGCCG,0.0186040058523787,0.0
AAUCCGGUUUAGCC,0.000942359273563382,0.0245006873977022
AAUCGGGCCCACCG,0.00888739341069514,0.0247243189784269
CGGGCUCUUUACAG,0.00607661726817432,0.0356976201693532
CGUGGGCUUCACAC,0.00401319078479665,0.0323633425818206
AAUGCGCUUCAGCC,0.00198409190866806,0.0219239332389553
CAUCCUCCUUGGAG,0.00487919511204225,0.0
CGUGCUGCUUACAG,0.00389795725686805,0.0
CAGCCGCUCCACCC,0.000788736493347456,0.0334291725126842
CGGCCUGCCCACAC,0.00425916054257451,0.0256254915628478
CGUGGGCCCUGCCC,0.00622847209800441,0.0
AGUCGGCCCCGCAC,0.0148145757470537,0.0188285167985331
CAGGCUGUUUACAG,0.00648752238971543,0.0454967700319037
AAUGGGGUUUGCCG,0.0240511007249825,0.0
CGUCGGCUUUGCCG,0.00367040470728302,0.04149284724678
AGUGGUGUUUACCC,0.00710099447103877,0.0394671156776926
AAUCCUCCUUGCCG,0.0157581823287005,0.0229904474454853
CGUCCGGCCCGGCC,0.000938403547338622,0.0
CAGCCUGUUCACAC,0.00409136774128449,0.059236553756454
AAUGCGGUCUAGAC,0.00922075608021171,0.0413314107653554
CGUGGGGUCUGGCC,0.000679155363580972,0.0
AGGCCGGUUCGCAC,0.0199535845820089,0.0368536605042123
AGGCGGGUUCACAG,0.0370818828515211,0.0
AAGGGGGUUUACCC,0.69303106483739,0.0474317432396827
AGUCCGGUCCACCC,0.00205590673306531,0.0338678083680033
CGGGCGCCCUGGAG,0.00544456216470746,0.0
CGGGCUGUCUGGCC,0.0023812385556614,0.0
CAUGCGCUUCGGCC,0.000511909502299743,0.0448102516577853
AGGCGUGCUCGCAG,0.0111871503117458,0.0247673535115081
CAUGGUGCCCGCAC,0.00340661875593793,0.0
CGUGGGGCUCGGCG,0.00253919869655118,0.0
CAUGCGGCCUGCCC,0.00241714727176326,0.0
AGUCGUGCUUAGAG,0.00569103896540706,0.0502989908349231
AAGGCUGCUUAGAG,0.0339917259472276,0.01847809481859
AGUCGUGUUUAGCC,0.00166090470103465,0.0242422277988542
AGGGGGCCCUACAC,0.0681341912556404,0.0282601584500247
CGGCCUGCCCACCG,0.00540777458251349,0.0251500523555506
AAUGGUCUUCGGAG,0.0315788637068889,0.0
AAGGGGCCUCACCC,0.0434182045814897,0.0292086737779871
CGUCGGGUUCGGCC,0.000504870705490193,0.0
AGGGGUCUCCAGCC,0.013294861099867,0.0
CGGCGGGCCUGGCC,0.00618031380858685,0.0
CGUCCGGUUUAGAC,0.00212210501498673,0.0268628967134465
CAUGCGCUUCAGAG,0.00537589201127872,0.0
CGGCCUCCUUGGCC,0.00203714165346732,0.0284096677306183
AGGCGGCCCCAGCG,0.0167809845133815,0.0242960832335553
AGGCGGGCUCAGCC,0.00256093711950301,0.0
CAUGCGCCUUAGCG,0.00338234939094581,0.0420686262872814
AAGCGGGUUUGCAC,0.0169113064414068,0.0
AGGGCUGCUCAGCC,0.00483676732845927,0.0248503874142584
AAUCCUGUCUGGAC,0.00464095081310652,0.0311367259343689
AAUCGUGCUUGGCG,0.0105510762768216,0.093587476797584
CAUCGUGUCCGCCC,0.00580881953593955,0.0
CGGCCUCCUCGCCC,0.00314945629051654,0.0362240217852899
AAUCCUCUCCGCAC,0.00704586144271326,0.0134608844512406
CAUGGGGUCUGCCG,0.00343350767143714,0.0
CGUGGGCUUCGCCC,0.00517640496658289,0.0346721743528677
AAUCCUGUUCGGAG,0.0139424936515143,0.0561172645066026
AGGCGGCUUCAGCC,0.00235461562543015,0.0548654537120283
CAUCCUCCCCGGCG,0.00341753786831417,0.0134683923017057
AGGCCUCUUCACCG,0.0173392137407575,0.0366606020730008
AGUGCGGUUCGCAC,0.0226949228380894,0.0
CAUCCUCCUUGCAC,0.00260313678389326,0.0492718612743025
AAUGCGGCCCGGAG,0.0307114055411315,0.0
AGGCCGGUCUAGCC,0.00880305202147455,0.0386160214299358
AAGGCUGCUCACCG,0.0180983194819095,0.0615886511441085
AAGCGUGCCUGCCG,0.025200762340186,0.0516441692277038
AGUGGGCCUCGGAC,0.00719260658757952,0.0284999432572913
AGUGGGCCCCGGAC,0.00742826178916689,0.0
AAUCCUGUUUGGAG,0.0100121083699107,0.0402649318129099
CGUCGGGCUUGGAG,0.00461747583400167,0.0
CGUGGGCUUUGCCC,0.00511569599368486,0.0
CGUCGGCUCCAGAG,0.00310297913211207,0.0
CAGGGUCCCCACAG,0.00675791322995011,0.0285203707172489
AGUCCGGUUUGCAC,0.00640966139132738,0.0
CAGGCGCUCUAGCC,0.000569463356648015,0.0279080228186442
CGGGCUCUCCAGAG,0.00522063775135287,0.0
CGUCCGCUCCACAG,0.00498191500913787,0.0258495005206409
AAUCCGGCCCGGAC,0.00614438175156018,0.0180305427258124
AAUCGGGCCUGCCG,0.0140898345895244,0.0
CGUGCUGCUUAGAG,0.0047287098535451,0.0
AAUGCUGUCUAGCG,0.0158893216398982,0.0318853860434585
CGUGGUGCCCAGAC,0.00184065867777477,0.0
AGUGCGGCCUGGAG,0.0237630670469696,0.0
AGGGCUGCCUGCAC,0.0389801220927299,0.0302389576884146
CGGGCUCCUUAGAC,0.00154117345184642,0.0163273123162908
CGGCCUCUCCGGAG,0.00692738470852592,0.0412395643048568
CAGGCGCCUUGCCG,0.10455030859526,0.0
CGGCGUCCUUACAG,0.00668646019808319,0.0350599715192083
AAGCCGGUUCGCAG,0.0212976281605259,0.0
CGUCGUGUUUAGCC,0.000366814160161158,0.0257534122759466
AGGGGGCUCCAGCC,0.00849869411190669,0.0205063634524714
CGGCCGGUCCACAG,0.00750162227800886,0.0385752972408806
AAUGGUGCUUGCAG,0.0132138798967174,0.0837157309014976
CGGGCGGUUUAGCG,0.00850453438617506,0.0
AAGGGUCUUCGGAC,0.0199422916498006,0.0
AAUCCGGUCUGGCG,0.01166658168145,0.0541595996964381
AGGCCUGCUUGGCC,0.00771820584932823,0.0287569409977038
CAGGCUGCCCAGCC,0.000614889609133187,0.0
AGGCGGCUCUACCG,0.0279017676036786,0.0
AAGGCUGUUUGGCG,0.0210130669491953,0.0192867451775384
CAGGGUGCUUAGAG,0.00658337775262512,0.0
CGGCCUGCUUAGAG,0.00541133467111291,0.0265810361209512
CGUCGUGCCUAGAG,0.00375470677618448,0.0
CGUGCUCUUCGCAC,0.00354891969400645,0.0
CGUGCGCCUCGCCC,0.00301363873332997,0.0
AAGGCUCUCUGCCC,0.0183005173187903,0.0260724187422903
AGGGGGGUUCGGCC,0.0123788586313583,0.0529102907125254
CGUGCGCUCUGGAG,0.00399735893124195,0.0
AGGCCUGCUCGCCG,0.0316239433841976,0.0
CGUCGUGCUCACCC,0.00263258803205525,0.0352556521013447
CGUGGUCCCUGGCC,0.00107818558654474,0.0
CGGCGUCCCCGCAC,0.0043133440122429,0.0305879688865146
AAGGGGGCCCGCAG,0.0308157313511483,0.0
CAGGGGCUUUGCAG,0.00435431200150437,0.0
AGGCCUGUCUGGAC,0.0131048538873176,0.0
AAGCGGGCCUGGCC,0.00838088008891702,0.0
CGGCCUCCCCACAG,0.00458357619846562,0.0206285245858636
AGGGGUGCUCAGCG,0.0518661629426504,0.0
CAUCGGGCCUACCG,0.00298109254296542,0.0
AGGGCUCUCUAGAG,0.0386439401877573,0.0370743103648123
CAGGCGCUUCAGCG,0.00923184375157661,0.0194854474653092
AGUGCGCCUCACAC,0.0199901184567395,0.0255067969452308
CGGCCUCUCCAGCG,0.00696689920240699,0.0
CAGCCUCUCUGCCC,0.00174158468920277,0.025788373697293
CAUCGUCCUCACCG,0.00401335730723586,0.0306572615385613
AAUCCUCCUUACAG,0.00939604245987453,0.0275886750006007
CAGGCUCUUCGCAC,0.00390163046802034,0.0229484300125922
CAGGGGCCUUACAC,0.006103334810971,0.0154766466905686
CGUCGUCUUCGGCG,0.00280491165158941,0.0
CGGGCUCUUCGGCC,0.00193842836358935,0.0
CGGCGUCUCUGCCG,0.0052329664364677,0.0494864356350992
AGGCCGCCUUAGCG,0.0164466158162062,0.0221925173563107
CAUCCUGUUCGGCC,0.000423920441744224,0.0
AAUCGUGUCUGCCG,0.0104927994439119,0.0
AGUGGUGCUUACAG,0.0104195742853311,0.0210198848000391
CGUCGUGUCCGGCG,0.0044688422923628,0.0
AGGCCUCCUUGGCC,0.00626462914021832,0.0
CGGCGGCCUUGCAG,0.00667081490450644,0.0489554171081417
AAGGCGCUCCAGCC,0.0103496645329782,0.0362900778225181
AGUCCGCCUUAGAG,0.00833491862258961,0.0297332664027779
AGGGGGCCCCGCAG,0.054255498213435,0.0
CGUCCUGUCUGCAC,0.00279444810962419,0.0
CAGGCGCCCCAGAG,0.00688751389613659,0.05421796423823
CAUCGGGCCCAGAG,0.00535406864701107,0.0
AGUCCUGUUUAGCG,0.00932500289354428,0.0260905846492933
CAUGCUCUCUACCG,0.00404097441330678,0.0359792315923739
AAGGCUCUCCACAC,0.0362074976181519,0.0176526098028266
CAUCCUGUCUACAG,0.00307858328292903,0.0
AAUCGGGUUUGCCC,0.00437241273313683,0.0
AAGCCUGUUUGGAC,0.015389227611023,0.0
CGUCCGGCCUACAC,0.00373066215354697,0.0382484849221167
AGGGGUGUUUGGCG,0.0446355997286828,0.0
AGUGGUCUUCACCC,0.00731449270347526,0.012418525203267
CGUGGUCUCCGGAG,0.0129492289322772,0.0
CGUCGUGCUUACAC,0.00296560163559829,0.0567176332368439
CAUCGGCCCUAGCC,0.000314295522621529,0.0200027666275319
CGGGGUCCUUAGCC,0.000716455990733177,0.0348398494417759
AAGCGGGCCUGCAC,0.0251662378285656,0.0
AAGGCGGUCCGCCC,0.0624261535907664,0.0286970769117658
AAGCCGGUUCAGCG,0.0163961749899039,0.0250063950304313
AAUGGGCUCUACAC,0.0429150963526054,0.0212509844698802
AGGGGGGCCCGGCC,0.0128156200447997,0.0
CAGGGGCCUUAGAG,0.00454378211472429,0.0490489510585266
AAUGGGGCUUAGAG,0.0197725256992108,0.0146148978667691
AAGCCGCCCCACCG,0.0465464213893087,0.0157319299804478
AGUCGGCCCUGGAG,0.00736557947050761,0.0
AAGGCGCCUUGCAG,1.93356289867273,0.0345447263059695
AGGGGGCUCUACCG,0.38534256596539,0.0346314971762004
CAGGGUCCUCGCCG,0.00574551786225411,0.0
AAUGCUGCCCACAG,0.013596690378891,0.0148891735412013
CGGGGUCCCCGGAG,0.00526161851271583,0.0
AAGGCGCUCUGCAG,0.507776469632216,0.0302601849556173
CAGCGGCUCCGCCG,0.00588996349543176,0.064710889486424
CGUGCGCUCCGGAC,0.00182319257353312,0.0
AAUCGUGUCCACAG,0.00759219584244505,0.0304308999032211
CAGCGUCUUUGCCG,0.00432621966601079,0.0
AGGCCGGCUCGGAG,0.0175230073866991,0.0
CGGCCUCCUCAGAG,0.00515543764937395,0.0274627243292681
CAUGCGCCUCGCAG,0.00673441090866705,0.125176787724185
AAUGCUGUUUAGAC,0.00655514872549753,0.0445472899121998
AAUGCGGCUUGGAG,0.0230649311336461,0.0
CGUGGUCUUCGCCC,0.00245117530713444,0.0
AAUGCGGUUCAGCG,0.0202249506379095,0.0243059088449841
AAUCCUGUUUACCG,0.0115043852067478,0.0410296492075563
AGUCGUGUUCACCG,0.0106617735844815,0.0217029906331834
AGUCCGCCCUGCAC,0.0130550448990373,0.0174691679068088
CAUCCGGCUUAGCG,0.0035689136077755,0.0
AGUCCUGCCCACAG,0.00997352228369836,0.019805010410303
CAGGCGCUCCACAC,0.00553653112019238,0.0343857889572305
AGUCGUCCCUACCG,0.0108196914665072,0.038747946841409
AGGCCGCCUCGCAG,0.0216496022636126,0.0
AAGGGUGUCUGGCC,0.0123606276171737,0.0
AGGCCGCCUUGCCG,0.102681051246217,0.0269659166476377
AGGCCUCUCUAGCG,0.0223697211998607,0.021388041514934
CAGCGUCCUUACCG,0.00548118328725349,0.0639015568785356
AGGCCGGUUUAGCC,0.00988850209373896,0.0406759969614969
AGGCGGGUCCGCAG,0.0201948282196077,0.0
CGGCGGGCUUACCG,0.00633386197774429,0.0
AGGCCGGCCCAGCG,0.0313988356712113,0.0
AAGGGGGCUUGGCC,0.0186372580045956,0.0
CGGCCGCUCUAGCC,0.000808732501608295,0.0305734384258509
AAGGGGCCCUACAG,0.0446464309831668,0.0283509083502099
AAUCCGGCUCACAG,0.0137961528294371,0.0328023194638852
AGGGGGGUCCGCAG,0.0289814715490043,0.0
CAUCCUCCUCGGAC,0.00262166450992122,0.0
CAUGCGGUUUAGCG,0.00380651145937962,0.0
AGGCGUCCUUAGAG,0.0150942279555871,0.0376554160390365
CGUGGUCUCUACCG,0.00271262642277341,0.0496114104355992
AGGCCGCCUCAGAC,0.0108291024847826,0.0241026070158154
AGUGCGCCCCAGAG,0.0164147693283458,0.0
CAUGCUGUCUGCAG,0.00359015576679183,0.0499798354228119
CGUCGUGUCUGGAC,0.00149918503277601,1.31334542886366
AGGGGGCCUUGCAG,0.116370786834854,0.0281541188261537
CGUGGGGUUCAGAG,0.00480024373482474,0.0
CGGGCUCCCCGCCC,0.00266032304918494,0.0548836493973701
CAUCCGGCCUGCCG,0.00506956616556894,0.0
CAGCCGGUCUACAG,0.00589939045365108,0.0317256701110188
CGUCCGGCUUAGAC,0.00206245900812269,0.0260363548099194
AGUCGUCUUCGCAG,0.00809457029797216,0.0
AAUGCUCCUUACAC,0.0138863580386137,0.0289529100328436
CAUCGGCUCCGCAG,0.00381500852381904,0.0
AAGGGGGCUUGGCG,0.0498572966303449,0.0
AAUCGGGUUUACAG,0.00970283834557977,0.0
AAGGCUCCCUGGCG,0.038582305857074,0.034561823260276
AAUCCGGCUCGCCC,0.00594651904280149,0.0242234322719766
AGUGCGGUCCACCC,0.0065034339496167,0.0511173947945257
AGUCGGCUCCGGCG,0.00966987874812909,0.0
CGUGGUGUCUGCCG,0.00357415738327914,0.0
AGGGCGGCCUGGAC,0.0658217277820348,0.0
CGGCCUGCUCAGCG,0.00741637657030422,0.0
CGGCCGCUUCGGAG,0.0047540875450668,0.0315197408592311
AAUGGUCUCUAGAG,0.0127268684354603,0.0392678248456887
AAGCGUCCUUACCC,0.0126211006129379,0.0240912339393827
CGUGCUGCCCACCG,0.00331971141718379,0.0
AAUGCGGUCCACCG,0.0655279736809427,0.0298886848403809
AGUCCGGCUUGGAC,0.00420827474599959,0.0
CGGCGUGCCCAGCC,0.00267995908513943,0.0
AAGCGGGUCUACAC,0.0162717515796226,0.0254996225802164
AAGGGGCCCUGGCC,0.0149901677904364,0.0
AAGCCUGCCCAGAC,0.0101542200002885,0.0283718072548774
AGUCCGGCUUAGCG,0.012656010262437,0.0
AAGGGUCUUUACCC,0.0163384332789216,0.0343046490009168
AAUGCUGCUCACCG,0.0142633972622994,0.0365130180672893
AGUCGGCCUUGCCC,0.006130338225229,0.0
AAUGGGGCCCGCCC,0.113563266232783,0.0
AAGCCGGCUCGGCC,0.0138108817599828,0.0
AAGCGUCCUCAGCG,0.0174782630333338,0.0208326911479979
AAUCCGGUCUAGAC,0.00525044115741958,0.031611335561524
CAGCCUCCCCACCG,0.00454113431122098,0.0292541350427157
AAGGCUCCUCGCAG,0.0330790889340425,0.0275512258295293
CGUGCGCCCCACAC,0.00402174832397012,0.0276686758323763
AGGCGUGUCCGGAC,0.0240927487453385,0.0
AGUCCGGCUUGGCC,0.00171449088878113,0.0162085528992474
CGUGCGCCUCGGCC,0.000755572771620793,0.0
CAUCGUGUUCACCG,0.00427542256621419,0.0
CGUGGUGUCUACAC,0.00324503350331529,0.0197661542886899
AAGCCUCUCUAGAC,0.00810983467597915,0.028167515487738
AAUCGUGUCUACAC,0.00628791448425321,0.060498754820312
AAUCGUCCUUAGCG,0.0100446363373243,0.0271604084269682
CAGCCGCUUUGGCC,0.00128386015268306,0.0220787091843559
AGUCCGCUUCACAC,0.0130732136882302,0.0311865158047211
AAUCCGCUCCGCAG,0.0130267692252848,0.0422081616272182
AAGGGGCCCCGCAG,0.0416115538416655,0.0492103360726696
CAGGGGCUUCAGCC,0.000786458851768372,0.0749825527790795
CGUGGUCCCUAGCG,0.00338497752767124,0.0
AGGGGGGUCUACCG,0.107427588023925,0.0
AAUCGUCCCUGGAG,0.0137303187855632,0.0
CAGGCGCUUCAGCC,0.000605485289279029,0.0219368908950629
CGGGGUGUCUACAC,0.00463523535644013,0.0
CGGCGGCCCUACCC,0.000597952531998228,0.0245492307590055
AGGCGGCCUCAGCC,0.00147607973339056,0.0526085822012331
CAUCGUGUUCGCAG,0.00352335647031586,0.0
CAUGCGGUCCGCAG,0.0042015291242586,0.0
AGUGGGCUUCACAC,0.0399660292955283,0.0309827459614447
CAGCGGGUCCGCAC,0.00639342807784846,0.0
CGGGGGGCUCACCC,0.0029174152139913,0.0292768216337902
AGUGGUCUCUACCG,0.0133971992369683,0.0153282958591229
AGUGCGGCCCGCAG,0.0375997862433021,0.0
CGUGCUGCUCGGCG,0.00477341310419309,0.0
CGUCGGGCCCACCC,0.00284328486510745,0.0447085953351051
AGUCGUGCUUGCAG,0.0111521863696846,0.0220010317865729
CGGGCGCUUUGGCC,0.00153175881031786,0.0920595199943804
AAGGCUCUUCAGCG,0.0383561743584462,0.0226102674666096
AAUGGGGUCUAGCG,0.0135171775696577,0.0
CGGCGUCUUCGCAG,0.00766671839546217,0.0
CGUCGUGCCUAGCC,0.000386403781016197,0.0
CAUCGGCCUUGCCC,0.00283695969053381,0.0
CGUGGUGUUUGGAC,0.00152268601081125,0.0
AAUCCUGCCCAGAG,0.0109357219335272,0.0913292111832952
AGUCCUCUUCACAC,0.0114098101081603,0.0310986820039631
AAGCGGCUUCGCAG,0.0171380481072469,0.0
AAGCGUGCCUGGAG,0.018038476888477,0.0
CAUCCUGCCCGGCG,0.0050163085172835,0.0
CGUGGGGUUCACAG,0.0037932084751115,0.0
AGGCGGCCCUAGAC,0.00738062268876694,0.0425400236137524
CGGCCGGUCCGGCC,0.0020100108739173,0.0
CAUGCUCCUUGCCG,0.00497898817366247,0.0332695432207681
AAUGGUCCCUAGAG,0.0237151576376007,0.0509332530034214
AAGGGUCUCCGCCG,0.0330041500293607,0.0311628589365066
AAUGGGGCCUACAG,0.0169054823399228,0.0
CAGCGGCUCUACCG,0.00512191144381356,0.0158401726055109
CGUGGGGCCUGGCC,0.0015161684603186,0.163996885685136
AGUGCUCUUCGGCC,0.00209435186608122,0.0
AAGGGUCCCUAGAC,0.0130813002520972,0.0424880981819596
CGUCGGCCUUGGAC,0.00251726264675588,0.0
AGUCCGCUCUGGCC,0.00138629282050892,0.0185675548499471
CGUGGUCUUCACCG,0.00429188458929642,0.0407899579709895
AAGGGUGUCCGCCC,0.0238383532616921,0.0378460221916961
AGGCGGCCUCACAC,0.0143152449361544,0.0283642745886146
AAUGCGGUCUACAG,0.0581218207303189,0.0508412171739755
AGGCGUGUUUAGCG,0.0167207120163822,0.0
CGUGGUGUUCACCG,0.00466742449085986,0.0
AGGCCGGUUCGCCC,0.0085463745405871,0.0
AAUGGUCUCCAGAG,0.0183305477641916,0.0496145146946505
AAGCCUCCCCAGCC,0.00812789168944405,0.0653525984821111
AGGCCUGCUCACAG,0.0207797285707078,0.0370439226042248
AAUCGUGCUCGGAC,0.00534086173616068,0.0438115295320537
AAUGCGCCUCGGAG,0.0489351712754526,0.0487090036852736
CGUGGUCUUCGCAG,0.00407417334867736,0.0
AGUGGUGUCCGGCC,0.00625359816204835,0.0
AGGCCUCUUUGCCG,0.0321739865917609,0.0
AAUCGGGUUCGGAC,0.00385969014116027,0.0570364103127145
CAGGCGGUCCGCCC,0.00249939161376674,0.0
CGGGGGGUCCGCAC,0.00975330772917612,0.0
CAGCGUCUCUGGAG,0.00612923683496216,0.0
AAUGGUCCCCAGAG,0.014576676393161,0.0
AAGGCUCCUUGGAG,0.0204116111226125,0.0436872413624573
AGGGCUCCCCGGAC,0.0310833429784809,0.0303691521574309
CAUCCUCCCCACAC,0.00301144296507149,0.0442790813942343
AGGGGUCUCCGCAC,0.0197841079964533,0.0299860102190721
CAGGGGCCCUAGCC,0.000555632296461154,0.0240215660364914
AGUCGGCCCUAGCG,0.0129757299393553,0.0231371725735668
CAGCCUCCCUAGCC,0.00117277795555061,0.0214975733610608
CGGCCUCUCCACAC,0.00439087988347289,0.0302200400980842
CAGCGGCUUUACCC,0.00253422916300238,0.0303866118159192
CAGCGGCUCUACAC,0.00436692831983981,0.0357055380693566
AGUGGGCCUCGGCG,0.0142770039919293,0.0
AGGGCGGUUCGCAG,0.191589728066192,0.0
AGUGCGGCUCGGCG,0.0161093425502509,0.0300871007621788
CGGCGUGCCUGCCC,0.00320676659879506,0.0
CGUGGGGUCUACCC,0.00299536681520467,0.0
CGGCCUCUUCAGAG,0.0061214536770765,0.0
CAGCGUGCCUGCCG,0.00460090027972576,0.01568353757396
CAUGGGCCUCACCG,0.00339856786734423,0.0230799671813546
AGGCGUGCUCAGAG,0.013566542506654,0.0
CAUGGGGUUUGCCG,0.00472779766002496,0.0
CGGCCGGCCUAGCG,0.0046708362424343,0.0
CAUGCUGCCUACAC,0.00408503668811472,0.0
CAGCGUCCCUACAC,0.00345779615014184,0.0347782259544608
AAGCCGCCUUGCCC,0.0173464269921681,0.014311642044351
AGGGCGCCUCGCCG,13.8552147783266,0.0959803869953029
AAGCCGGUUUGCCG,0.140812831661552,0.0
AAUGCGGUUUACAG,0.10587516896917,0.018786761703501
CAUGGUGUCCGCCG,0.00399500947847879,0.0
AGGGGUCCUUACCG,0.0230969419897829,0.0287830271851927
AAGCGUCUCCAGCG,0.0185058260063935,0.0249992634312106
CAGGGGGCUUACCC,0.0025963858010677,0.0454699151879516
AAGGCUGUUUAGAC,0.0147437566217647,0.0126530297348351
AAGGCUCCCCACAC,0.0242154810504111,0.0209694038384187
AAGGGGGCCUAGCG,0.0331289917861305,0.0
CGGCGUGUCUACAG,0.00597834276909055,0.0
AAGCGGGCUUGGCC,0.00874900673528076,0.0
AAGCCGCUUCGGAC,0.0136283842958581,0.0308169852469624
AGUCGGGUUCAGAG,0.00872735222667113,0.0
AAUCCGGCCUGGAG,0.0129945059565159,0.0
AGGGGUCCUCGCAC,0.0178662346780982,0.0287523709579698
AAUGGGCUCUACCC,0.236265961021756,0.045229995626165
CAGGGGGUUUGCCC,0.00936340776263346,0.0
CGGGCUGUUUACCC,0.002989886326278,0.0259436077618121
AGUGGUCUUUACCG,0.0136874746495256,0.0153374584317015
AGGGGUCUCCACCG,0.0316520357196912,0.0358137455026424
AAGCGGGCUCACCC,0.00412886510741726,0.0432059219842894
AAUGCGGUUCACCC,0.00713191281144323,0.0402172946987127
CGUCGGGUUUGCCC,0.00160450454646004,0.0665715201064091
AAGGGGCUCCAGAC,0.0156134243585352,0.0150366824600522
AGUCGGGUCCACCG,0.0097833052629545,0.0
AGGGCUGUUUACCG,0.0428624748714928,0.0551074086625615
CAGGCGGCCCAGCG,0.00546720067682683,0.0481420741950695
CGUCGUGUUCAGAC,0.00253954712861932,0.042975399562767
CAUCGGCCUCAGCC,0.000314541418043622,0.0
AGGCGUGUUCGCCG,0.0132810998865377,0.0
AAGCGGCUCCGGAG,0.0119847977234082,0.0
AAUGGGGCUCACAG,0.018886854512062,0.0326741535260191
CGGCGUGCUCAGAC,0.00231761767822007,0.0
CAGCGGGUCCGCAG,0.0046844416765722,0.0
AAGCCUGUCUAGCG,0.0191853343347127,0.0
AGGGGGCCUCACAC,0.0694413720749425,0.0175573046655073
CAUCGUGUUCAGCG,0.00306297077317061,0.0
AAGCCGGCUCGCCC,0.0157052680312324,0.0519892387066289
AGUGCGCCUCGGAG,0.0241192766166279,0.0
AAUGGGGUUCAGCC,0.00232815598875412,0.0
AGGGCUGUUCAGAG,0.0380932069292898,0.0208338600349662
CAUCGUGUCUGCAG,0.00297053792735303,0.0532102136904037
CGGGGGGCCCGGAC,0.00369715201049392,0.0
CGUGGUGCUCGCAC,0.00223668499739333,0.0
AAUCCGCUUCAGAG,0.00800497788540773,0.0
CAGCGGGUUCAGAC,0.00211616187096738,0.0
CAGCGGGCUCGGCG,0.00405096199218297,0.0
AAGGGGGCUCGCAG,0.0949974041868269,0.035278069421865
AGUCGGGUCCACAC,0.00817174825802039,0.0297221017629802
AAUCCGCUUUGCAG,0.0124396934654711,0.0
CAGGCUGUUUACCC,0.00270697744816104,0.053166201837119
AGUGCGGUUCAGAC,0.00679603623036387,0.0309451487074751
CGGCGGCUCCAGAC,0.00162706220675041,0.046406589145949
CAUCCUCUUCAGCC,0.000301948178288136,0.0280409265742279
AAUGGUGUCUAGCC,0.00324064486560991,0.0180769090088023
AGUGCUCUUCACCG,0.0127767584721159,0.0266513551065727
AGUCGGCUCUACCG,0.00884633152993804,0.0313723772333096
CGUGCGCCUUGGCG,0.00515635649118784,0.0
AAGCGUGUUCAGCC,0.00776291072204397,0.0375784687147441
AAUCCGCCUCACAG,0.0107589943168517,0.0364204191198908
AGUGCUGCCUGCAG,0.0111381479627279,0.0
AGUCCUCUCCAGCC,0.00265094678591669,0.0267356749461334
CAGCCUGCUCAGAC,0.00299491234217479,0.0263835596799845
CAUCGGGCCUGCCG,0.00385043360296879,0.0
CAUCCGCCUCGGAG,0.0051647692860491,0.0
AAUCGUCUCUGCCG,0.00988850209373896,0.0
CGUGCUCUUCAGAG,0.0037679977736223,0.0244775967203264
AAGCCUCUUCGGCC,0.00658923682750087,0.0394686585918433
CAGCGGGUCUGGCC,0.00241182977896072,0.112422459754399
AAGCCGGCCUGCCC,0.0153306724156465,0.0272885086501407
AGUCCUCCUCGGCC,0.00162739267536151,0.0217675073135463
AGUCGUGCCCACCC,0.00833477434745809,0.0100140118611006
CGUCCUCCCUGCAG,0.00513713982178716,0.0221349324359715
AGUCGGGCUCACCG,0.0114098101081603,0.0211603572207852
AAGGGUGUUUACAC,0.0145193542488964,0.0249323801428846
AAUCCGCUCCGCCG,0.0101264296675906,0.0440358787500434
AGUCGUCCCUAGCC,0.000874276513758671,0.0
CGGGGGCUUUAGCC,0.000819466821125494,0.0261672896466316
AAGGGGGUUUACCG,0.301023905332032,0.0291063328517487
CGGCCGGUCUGGAC,0.00274395675319001,0.185140486245698
CGUCCGGCUCGCAC,0.00377300056479272,0.0617419421663671
CGGGCUCUCUACCG,0.00589285735237351,0.0
AGGCCUGCCUAGCC,0.00289120409710619,0.0262648493032344
CGGCGGGCUUACAC,0.0059575997974666,0.074203534600645
CAGCGUCUUCGCCG,0.00573886282225921,0.0
CGGGGUGCUCAGAC,0.00264870591796579,0.0
CAGGCGGUUUGGCC,0.00136176405951913,0.03440680880299
CAGGGGGUUUAGCC,0.00122847373478433,0.0660027811442794
AAUCCUCCUUAGCC,0.000946970270537585,0.025484019586371
AAGCCUGCCCGCAC,0.0183998383707699,0.0331742004236967
AGGCGUGCCCAGAG,0.0225685616605699,0.0
AAGCGGCUUUAGCG,0.0181013375146895,0.0301055783701595
AGUCCGCUCCAGAG,0.0122461773614591,0.0
CGUGGGGCUCAGCG,0.00374182264601516,0.0
AGGGCGCUCUGGAG,0.154732583898619,0.0
AGGCGUGUUUGCAG,0.0237421956211059,0.0276202355079194
AGGCGUGCUUGCCC,0.0105948236718631,0.0298452876001676
AGUCCUGUUCGGCG,0.0129945059565159,0.0
CGUCCGCUUCAGAG,0.00435616832323302,0.0
