sequences,pos1,pos2,pos3,pos4,pos5,fitness
L-HIF,L,-,H,I,F,0.0
L-HIL,L,-,H,I,L,-0.0400051616715838
L-HTF,L,-,H,T,F,-0.688246138944246
L-HTL,L,-,H,T,L,-0.512861624522813
L-LIF,L,-,L,I,F,0.89707700320942
L-LIL,L,-,L,I,L,0.868644438394826
L-LTF,L,-,L,T,F,0.432969290874406
L-LTL,L,-,L,T,L,0.88309335857569
LSHIF,L,S,H,I,F,0.0791812460476248
LSHIL,L,S,H,I,L,0.155336037465062
LSHTF,L,S,H,T,F,-0.515700160653214
LSHTL,L,S,H,T,L,-0.286509456906058
LSLIF,L,S,L,I,F,1.08635983067475
LSLIL,L,S,L,I,L,1.05690485133647
LSLTF,L,S,L,T,F,0.638489256954637
LSLTL,L,S,L,T,L,1.12710479836481
R-HIF,R,-,H,I,F,-0.193141970481183
R-HIL,R,-,H,I,L,-0.277366077466188
R-HTF,R,-,H,T,F,-0.692503962086787
R-HTL,R,-,H,T,L,-0.448550002027125
R-LIF,R,-,L,I,F,0.292256071356476
R-LIL,R,-,L,I,L,-0.0227337875727073
R-LTF,R,-,L,T,F,0.0791812460476248
R-LTL,R,-,L,T,L,0.613841821876069
RSHIF,R,S,H,I,F,0.0755469613925307
RSHIL,R,S,H,I,L,0.423245873936808
RSHTF,R,S,H,T,F,-0.235823867609669
RSHTL,R,S,H,T,L,0.547774705387823
RSLIF,R,S,L,I,F,0.53655844257153
RSLIL,R,S,L,I,L,0.880813592280791
RSLTF,R,S,L,T,F,0.330413773349191
RSLTL,R,S,L,T,L,1.3384564936046
