sequences,pos1,pos2,pos3,pos4,pos5,fitness
L-LIF,L,-,L,I,F,1.0
L-LIL,L,-,L,I,L,0.948412965778601
L-LTF,L,-,L,T,F,0.852479993636856
L-LTL,L,-,L,T,L,1.61278385671974
LSHIF,L,S,H,I,F,0.227886704613674
LSHIL,L,S,H,I,L,0.790285164033242
LSHTF,L,S,H,T,F,-0.460923901207223
LSHTL,L,S,H,T,L,0.372912002970107
LSLIF,L,S,L,I,F,1.41830129131975
LSLIL,L,S,L,I,L,1.42975228000241
LSLTF,L,S,L,T,F,1.04139268515823
LSLTL,L,S,L,T,L,1.68214507637383
R-HIF,R,-,H,I,F,1.08278537031645
R-HIL,R,-,H,I,L,0.826074802700826
R-HTF,R,-,H,T,F,0.0718820073061254
R-HTL,R,-,H,T,L,0.699837725867246
R-LIF,R,-,L,I,F,1.08278537031645
R-LIL,R,-,L,I,L,0.950851458888546
R-LTF,R,-,L,T,F,0.344392273685111
R-LTL,R,-,L,T,L,1.34242268082221
RSHIF,R,S,H,I,F,1.13672056715641
RSHIL,R,S,H,I,L,1.8733206018154
RSHTF,R,S,H,T,F,0.413299764081252
RSHTL,R,S,H,T,L,1.76937732607614
RSLIF,R,S,L,I,F,1.39619934709574
RSLIL,R,S,L,I,L,1.96284268120124
RSLTF,R,S,L,T,F,0.980003371583746
RSLTL,R,S,L,T,L,2.62428209583567
