sequences,F583H,W585L,S586T,A587P,N588A,M589A,fitness
000000,0,0,0,0,0,0,0.0
000100,0,0,0,1,0,0,-0.014725231
001000,0,0,1,0,0,0,0.003710004
001100,0,0,1,1,0,0,0.001972156
100000,1,0,0,0,0,0,-0.066347429
100100,1,0,0,1,0,0,-0.011914464
101000,1,0,1,0,0,0,-0.015294866
101100,1,0,1,1,0,0,-0.007602506
010000,0,1,0,0,0,0,0.002432509
010100,0,1,0,1,0,0,0.003769069
011000,0,1,1,0,0,0,0.007136713
011100,0,1,1,1,0,0,0.004161567
110000,1,1,0,0,0,0,-0.029452964
110100,1,1,0,1,0,0,-0.015184163
111000,1,1,1,0,0,0,-0.005460951
111100,1,1,1,1,0,0,-0.000594482
000010,0,0,0,0,1,0,-0.014138483
000110,0,0,0,1,1,0,-0.012333293
001010,0,0,1,0,1,0,0.001820032
001110,0,0,1,1,1,0,0.005131737
100010,1,0,0,0,1,0,-0.015402732
100110,1,0,0,1,1,0,-0.056970455
101010,1,0,1,0,1,0,-0.005198121
101110,1,0,1,1,1,0,-0.009929464
010010,0,1,0,0,1,0,0.018449582
010110,0,1,0,1,1,0,0.006841545
011010,0,1,1,0,1,0,0.014968573
011110,0,1,1,1,1,0,0.008311499
110010,1,1,0,0,1,0,-0.09441331
110110,1,1,0,1,1,0,-0.019575644
111010,1,1,1,0,1,0,0.007258043
111110,1,1,1,1,1,0,0.011050759
000001,0,0,0,0,0,1,-0.033351574
000101,0,0,0,1,0,1,-0.010300286
001001,0,0,1,0,0,1,-0.015251321
001101,0,0,1,1,0,1,0.003639022
100001,1,0,0,0,0,1,-0.226133939
100101,1,0,0,1,0,1,-0.063754669
101001,1,0,1,0,0,1,-0.07827107
101101,1,0,1,1,0,1,-0.018473327
010001,0,1,0,0,0,1,-0.1776308
010101,0,1,0,1,0,1,-0.012439562
011001,0,1,1,0,0,1,-0.005414098
011101,0,1,1,1,0,1,0.005838676
110001,1,1,0,0,0,1,-0.457143963
110101,1,1,0,1,0,1,-0.246102138
111001,1,1,1,0,0,1,-0.339486344
111101,1,1,1,1,0,1,-0.050886255
000011,0,0,0,0,1,1,0.006972513
000111,0,0,0,1,1,1,-0.042064611
001011,0,0,1,0,1,1,0.024417918
001111,0,0,1,1,1,1,-0.005285024
100011,1,0,0,0,1,1,-0.294999095
100111,1,0,0,1,1,1,-0.141872085
101011,1,0,1,0,1,1,-0.033192434
101111,1,0,1,1,1,1,-0.038989771
010011,0,1,0,0,1,1,-0.22224503
010111,0,1,0,1,1,1,-0.191410438
011011,0,1,1,0,1,1,-0.028605958
011111,0,1,1,1,1,1,0.01061781
110011,1,1,0,0,1,1,-0.552734897
110111,1,1,0,1,1,1,-0.416084812
111011,1,1,1,0,1,1,-0.319178017
111111,1,1,1,1,1,1,-0.21340546
