sequences,pos1,pos2,pos3,pos4,fitness
0000,0,0,0,0,0.0
0001,0,0,0,1,0.06669855
0010,0,0,1,0,0.17868924
0011,0,0,1,1,0.214578954
0100,0,1,0,0,0.039810554
0101,0,1,0,1,0.113609151
0110,0,1,1,0,0.20790353
0111,0,1,1,1,0.258158193
1000,1,0,0,0,0.057666104
1001,1,0,0,1,0.120573931
1010,1,0,1,0,0.21031852
1011,1,0,1,1,0.25139485
1100,1,1,0,0,0.10754913
1101,1,1,0,1,0.156851901
1110,1,1,1,0,0.243534102
1111,1,1,1,1,0.286680969
