sequences,pos1,pos2,pos3,pos4,pos5,fitness
0,0,0,0,0,0,-0.00735
1,0,0,0,0,1,-0.182798667
10,0,0,0,1,0,-1.189069489
11,0,0,0,1,1,-0.970210529
100,0,0,1,0,0,-0.402849401
101,0,0,1,0,1,-1.344861565
110,0,0,1,1,0,-3.301029996
111,0,0,1,1,1,-1.815308569
1000,0,1,0,0,0,-1.763807256
1001,0,1,0,0,1,-2.337242168
1010,0,1,0,1,0,-4
1011,0,1,0,1,1,-0.960732642
1100,0,1,1,0,0,-1.504455662
1101,0,1,1,0,1,-2.795880017
1110,0,1,1,1,0,-3
1111,0,1,1,1,1,-2.408935393
10000,1,0,0,0,0,-1.051587034
10001,1,0,0,0,1,-2.119186408
10010,1,0,0,1,0,-1.910094889
10011,1,0,0,1,1,-1.27083521
10100,1,0,1,0,0,-3.698970004
11001,1,1,0,0,1,-4
10101,1,0,1,0,1,-4
10110,1,0,1,1,0,-4
10111,1,0,1,1,1,-2.698970004
11000,1,1,0,0,0,-2.638272164
11010,1,1,0,1,0,-3.15490196
11011,1,1,0,1,1,-2.638272164
11100,1,1,1,0,0,-3.698970004
11101,1,1,1,0,1,-3.698970004
11110,1,1,1,1,0,-2.886056648
11111,1,1,1,1,1,-3.698970004