sequences,pos1,pos2,pos3,pos4,fitness
AFST,A,F,S,T,0.0
AFSA,A,F,S,A,-0.0019426793232146
AFAT,A,F,A,T,0.0092041192389114
AFAA,A,F,A,A,0.0524448402362154
ALST,A,L,S,T,0.0901856595812469
ALSA,A,L,S,A,1.25649730108045
ALAT,A,L,A,T,1.08763626239303
ALAA,A,L,A,A,1.58544896349385
VFST,V,F,S,T,0.0152637682381478
VFSA,V,F,S,A,0.0071326961467268
VFAT,V,F,A,T,0.0051322955460824
VFAA,V,F,A,A,0.0316603136586406
VLST,V,L,S,T,0.129822856528493
VLSA,V,L,S,A,1.08763626239303
VLAT,V,L,A,T,1.12992298547604
VLAA,V,L,A,A,1.62982673358832
