sequences,pos1,pos2,pos3,pos4,pos5,pos6,fitness
LFDLKI,L,F,D,L,K,I,0.0
LFDLKT,L,F,D,L,K,T,0.225309281725863
LFDLQI,L,F,D,L,Q,I,-0.0979971086492706
LFDLQT,L,F,D,L,Q,T,-0.139661993429006
LFDPKI,L,F,D,P,K,I,-1.98296666070122
LFDPKT,L,F,D,P,K,T,-1.85387196432176
LFDPQI,L,F,D,P,Q,I,-0.485452247339714
LFDPQT,L,F,D,P,Q,T,-1.74714696902011
LFGLKI,L,F,G,L,K,I,-0.229147988357856
LFGLKT,L,F,G,L,K,T,-0.333482019445119
LFGLQI,L,F,G,L,Q,I,-0.34008379993015
LFGLQT,L,F,G,L,Q,T,-0.212539525481585
LFGPKI,L,F,G,P,K,I,-1.85387196432176
LFGPKT,L,F,G,P,K,T,-1.79588001734408
LFGPQI,L,F,G,P,Q,I,-1.86646109162978
LFGPQT,L,F,G,P,Q,T,-1.85078088734462
LLDLKI,L,L,D,L,K,I,0.170261715394957
LLDLKT,L,L,D,L,K,T,-0.138465589140962
LLDLQI,L,L,D,L,Q,I,-0.102372908709559
LLDLQT,L,L,D,L,Q,T,0.220108088040055
LLDPKI,L,L,D,P,K,I,-1.93554201077308
LLDPKT,L,L,D,P,K,T,-1.80687540164554
LLDPQI,L,L,D,P,Q,I,-1.77469071827414
LLDPQT,L,L,D,P,Q,T,-1.79048498545737
LLGLKI,L,L,G,L,K,I,-0.519993057042849
LLGLKT,L,L,G,L,K,T,-0.22767829327708
LLGLQI,L,L,G,L,Q,I,-0.115204636051019
LLGLQT,L,L,G,L,Q,T,-0.161780778092374
LLGPKI,L,L,G,P,K,I,-1.97061622231479
LLGPKT,L,L,G,P,K,T,-1.95078197732982
LLGPQI,L,L,G,P,Q,I,-1.79588001734408
LLGPQT,L,L,G,P,Q,T,-1.79048498545737
IFDLKI,I,F,D,L,K,I,0.12057393120585
IFDLKT,I,F,D,L,K,T,-0.126679398184601
IFDLQI,I,F,D,L,Q,I,-0.3585258894959
IFDLQT,I,F,D,L,Q,T,-0.0277971616209356
IFDPKI,I,F,D,P,K,I,-2.03574036980315
IFDPKT,I,F,D,P,K,T,-1.70333480973847
IFDPQI,I,F,D,P,Q,I,-1.99139982823808
IFDPQT,I,F,D,P,Q,T,-1.90308998699194
IFGLKI,I,F,G,L,K,I,-0.311580177997289
IFGLKT,I,F,G,L,K,T,-0.494850021680094
IFGLQI,I,F,G,L,Q,I,-0.429457060118102
IFGLQT,I,F,G,L,Q,T,-0.267606240177031
IFGPKI,I,F,G,P,K,I,-1.92811799269387
IFGPKT,I,F,G,P,K,T,-2.00086945871263
IFGPQI,I,F,G,P,Q,I,-2.01099538430146
IFGPQT,I,F,G,P,Q,T,-1.85078088734462
ILDLKI,I,L,D,L,K,I,-0.0472075569559079
ILDLKT,I,L,D,L,K,T,-0.140261433802853
ILDLQI,I,L,D,L,Q,I,-0.112382699664264
ILDLQT,I,L,D,L,Q,T,0.0128372247051722
ILDPKI,I,L,D,P,K,I,-1.87289520163519
ILDPKT,I,L,D,P,K,T,-1.62342304294349
ILDPQI,I,L,D,P,Q,I,-1.85698519974591
ILDPQT,I,L,D,P,Q,T,-1.67162039656126
ILGLKI,I,L,G,L,K,I,-0.374687549038326
ILGLKT,I,L,G,L,K,T,-0.249491605148654
ILGLQI,I,L,G,L,Q,I,-0.262012673666569
ILGLQT,I,L,G,L,Q,T,-0.129596094720973
ILGPKI,I,L,G,P,K,I,-1.87289520163519
ILGPKT,I,L,G,P,K,T,-1.74232142513082
ILGPQI,I,L,G,P,Q,I,-1.79317412396815
ILGPQT,I,L,G,P,Q,T,-1.78781239559604
