sequences,pos1,pos2,pos3,pos4,fitness
AFST,A,F,S,T,0.0
AFSA,A,F,S,A,2.0220634194823e-11
AFAT,A,F,A,T,-1.72080600206246
AFAA,A,F,A,A,-1.72080600206216
ALST,A,L,S,T,-1.72080599636477
ALSA,A,L,S,A,-1.72080573890221
ALAT,A,L,A,T,-1.72080600205505
ALAA,A,L,A,A,-1.72080584197601
VFST,V,F,S,T,-2.60898525006326e-11
VFSA,V,F,S,A,-1.84317769380549e-11
VFAT,V,F,A,T,4.1070726680692e-11
VFAA,V,F,A,A,-1.97907206699044e-08
VLST,V,L,S,T,-1.72080599056174
VLSA,V,L,S,A,-1.72080130993677
VLAT,V,L,A,T,-1.72080600119393
VLAA,V,L,A,A,-1.72080599636477
