sequences,pos1,pos2,pos3,pos4,pos5,pos6,fitness
FNQEFT,F,N,Q,E,F,T,0.0
FNQEFP,F,N,Q,E,F,P,0.0803243207078084
FNQEDT,F,N,Q,E,D,T,0.271062504153389
FNQEDP,F,N,Q,E,D,P,0.693433459772458
FNQKFT,F,N,Q,K,F,T,-0.0061972024420806
FNQKFP,F,N,Q,K,F,P,0.0367848171774072
FNQKDT,F,N,Q,K,D,T,0.396161727873359
FNQKDP,F,N,Q,K,D,P,1.0319772069635
FNHEFT,F,N,H,E,F,T,0.269431350534995
FNHEFP,F,N,H,E,F,P,0.696156608061975
FNHEDT,F,N,H,E,D,T,0.733073063902888
FNHEDP,F,N,H,E,D,P,1.09513145385486
FNHKFT,F,N,H,K,F,T,0.299886815983997
FNHKFP,F,N,H,K,F,P,1.15742258810186
FNHKDT,F,N,H,K,D,T,0.903201032209408
FNHKDP,F,N,H,K,D,P,1.39130252187358
FTQEFT,F,T,Q,E,F,T,-0.0044224831878778
FTQEFP,F,T,Q,E,F,P,0.266159435474827
FTQEDT,F,T,Q,E,D,T,0.423550068662993
FTQEDP,F,T,Q,E,D,P,0.852978597402908
FTQKFT,F,T,Q,K,F,T,-0.00730807022319
FTQKFP,F,T,Q,K,F,P,0.181778093356461
FTQKDT,F,T,Q,K,D,T,0.360502621216047
FTQKDP,F,T,Q,K,D,P,0.955881826974967
FTHEFT,F,T,H,E,F,T,0.587882226604995
FTHEFP,F,T,H,E,F,P,1.3876972273271
FTHEDT,F,T,H,E,D,T,0.782178675942704
FTHEDP,F,T,H,E,D,P,1.53197043390503
FTHKFT,F,T,H,K,F,T,0.754852072425233
FTHKFP,F,T,H,K,F,P,1.56261632612307
FTHKDT,F,T,H,K,D,T,1.11960784346585
FTHKDP,F,T,H,K,D,P,1.56261632612307
VNQEFT,V,N,Q,E,F,T,0.0044021521119248
VNQEFP,V,N,Q,E,F,P,0.0923975630837199
VNQEDT,V,N,Q,E,D,T,0.086380757332555
VNQEDP,V,N,Q,E,D,P,0.133438329295804
VNQKFT,V,N,Q,K,F,T,0.0087841202437437
VNQKFP,V,N,Q,K,F,P,0.0843663684197666
VNQKDT,V,N,Q,K,D,T,0.261227399628166
VNQKDP,V,N,Q,K,D,P,0.68611331580624
VNHEFT,V,N,H,E,F,T,0.118022044751938
VNHEFP,V,N,H,E,F,P,0.0556940784871618
VNHEDT,V,N,H,E,D,T,0.224148744528764
VNHEDP,V,N,H,E,D,P,0.148594364361338
VNHKFT,V,N,H,K,F,T,0.344285045386307
VNHKFP,V,N,H,K,F,P,0.674971071687565
VNHKDT,V,N,H,K,D,T,0.59744191587834
VNHKDP,V,N,H,K,D,P,0.99675604852714
VTQEFT,V,T,Q,E,F,T,0.0473370183495212
VTQEFP,V,T,Q,E,F,P,0.252942258648156
VTQEDT,V,T,Q,E,D,T,0.457735251736599
VTQEDP,V,T,Q,E,D,P,0.779818062931772
VTQKFT,V,T,Q,K,F,T,0.0044021521119248
VTQKFP,V,T,Q,K,F,P,0.176333531763074
VTQKDT,V,T,Q,K,D,T,0.479266410967959
VTQKDP,V,T,Q,K,D,P,0.8536707946794
VTHEFT,V,T,H,E,F,T,0.354643636706115
VTHEFP,V,T,H,E,F,P,0.874702545796255
VTHEDT,V,T,H,E,D,T,0.623302785921978
VTHEDP,V,T,H,E,D,P,1.34890449669083
VTHKFT,V,T,H,K,F,T,0.677775089912421
VTHKFP,V,T,H,K,F,P,1.28462307296576
VTHKDT,V,T,H,K,D,T,0.978109112529959
VTHKDP,V,T,H,K,D,P,1.51637683951846
