sequences,pos1,pos2,pos3,pos4,pos5,pos6,fitness
LFDLKI,L,F,D,L,K,I,0.0
LFDLKT,L,F,D,L,K,T,0.0027252871764618
LFDLQI,L,F,D,L,Q,I,0.0015796852411111
LFDLQT,L,F,D,L,Q,T,0.0021430723416169
LFDPKI,L,F,D,P,K,I,0.125827599509214
LFDPKT,L,F,D,P,K,T,0.0741119859329293
LFDPQI,L,F,D,P,Q,I,0.104015677466782
LFDPQT,L,F,D,P,Q,T,0.169283024370415
LFGLKI,L,F,G,L,K,I,0.003023531343264
LFGLKT,L,F,G,L,K,T,0.01525468788378
LFGLQI,L,F,G,L,Q,I,0.0066273686304114
LFGLQT,L,F,G,L,Q,T,0.0176671232930392
LFGPKI,L,F,G,P,K,I,0.196131394536546
LFGPKT,L,F,G,P,K,T,0.155089894472849
LFGPQI,L,F,G,P,Q,I,0.423438789754024
LFGPQT,L,F,G,P,Q,T,0.133531401979587
LLDLKI,L,L,D,L,K,I,0.0002519573177128
LLDLKT,L,L,D,L,K,T,-0.001640806601403
LLDLQI,L,L,D,L,Q,I,0.0002519573177128
LLDLQT,L,L,D,L,Q,T,0.0092405397799946
LLDPKI,L,L,D,P,K,I,0.261005862903706
LLDPKT,L,L,D,P,K,T,0.0831786323873527
LLDPQI,L,L,D,P,Q,I,0.261005862903706
LLDPQT,L,L,D,P,Q,T,0.149564911641072
LLGLKI,L,L,G,L,K,I,0.0147892054587762
LLGLKT,L,L,G,L,K,T,0.0438208106966003
LLGLQI,L,L,G,L,Q,I,0.0069851167201593
LLGLQT,L,L,G,L,Q,T,0.0332368105828078
LLGPKI,L,L,G,P,K,I,0.362308663084457
LLGPKT,L,L,G,P,K,T,0.0873750409508267
LLGPQI,L,L,G,P,Q,I,0.345846071804087
LLGPQT,L,L,G,P,Q,T,0.190026718465629
IFDLKI,I,F,D,L,K,I,0.0039471720776578
IFDLKT,I,F,D,L,K,T,0.0036344439661255
IFDLQI,I,F,D,L,Q,I,0.0007693646154931
IFDLQT,I,F,D,L,Q,T,0.0055847036415903
IFDPKI,I,F,D,P,K,I,1.10882367046505
IFDPKT,I,F,D,P,K,T,1.26804613418497
IFDPQI,I,F,D,P,Q,I,1.20337921949257
IFDPQT,I,F,D,P,Q,T,1.30656454306475
IFGLKI,I,F,G,L,K,I,0.0121134579512099
IFGLKT,I,F,G,L,K,T,0.0312888409755783
IFGLQI,I,F,G,L,Q,I,0.0112656086263063
IFGLQT,I,F,G,L,Q,T,0.0332368105828078
IFGPKI,I,F,G,P,K,I,1.24961766273752
IFGPKT,I,F,G,P,K,T,1.0686294104242
IFGPQI,I,F,G,P,Q,I,1.22402208179099
IFGPQT,I,F,G,P,Q,T,1.23895366938986
ILDLKI,I,L,D,L,K,I,0.0045873193707419
ILDLKT,I,L,D,L,K,T,0.0234836988479346
ILDLQI,I,L,D,L,Q,I,-0.0003695937861021
ILDLQT,I,L,D,L,Q,T,0.0036344439661255
ILDPKI,I,L,D,P,K,I,1.34599717044893
ILDPKT,I,L,D,P,K,T,1.36006236892688
ILDPQI,I,L,D,P,Q,I,1.34507571254404
ILDPQT,I,L,D,P,Q,T,1.32959466678967
ILGLKI,I,L,G,L,K,I,-0.0004905833877317
ILGLKT,I,L,G,L,K,T,0.0408596996034485
ILGLQI,I,L,G,L,Q,I,0.0100344828731487
ILGLQT,I,L,G,L,Q,T,0.025776297485014
ILGPKI,I,L,G,P,K,I,1.28152316502979
ILGPKT,I,L,G,P,K,T,1.31341653876545
ILGPQI,I,L,G,P,Q,I,1.25456634890235
ILGPQT,I,L,G,P,Q,T,1.30408014874245
