sequences,pos1,pos2,pos3,fitness
010,0,1,0,0.09492432575
011,0,1,1,0.120555141875
001,0,0,1,0.101796269
100,1,0,0,0.077161639
110,1,1,0,0.0904611295
111,1,1,1,0.1216325665
101,1,0,1,0.117074795
000,0,0,0,0.117249575875
