sequences,pos1,pos2,pos3,fitness
010,0,1,0,0.07303393175
011,0,1,1,0.088138963875
001,0,0,1,0.084697802625
100,1,0,0,0.0673254658749999
110,1,1,0,0.091747364375
111,1,1,1,0.09257475825
101,1,0,1,0.083691703
000,0,0,0,0.087290134375
