sequences,pos1,pos2,pos3,fitness
010,0,1,0,0.1899779155
011,0,1,1,0.216367841125
001,0,0,1,0.192887571125
100,1,0,0,0.158915750875
110,1,1,0,0.0
111,1,1,1,0.219853307625
101,1,0,1,0.20128001425
000,0,0,0,0.2193953435
