sequences,pos1,pos2,pos3,fitness
010,0,1,0,0.09805911725
011,0,1,1,0.106942826125
001,0,0,1,0.11532954
100,1,0,0,0.1001620813749999
110,1,1,0,0.108625200625
111,1,1,1,0.112761190125
101,1,0,1,0.099689639125
000,0,0,0,0.087647894375
