sequences,pos1,pos2,pos3,fitness
010,0,1,0,0.40454813525
011,0,1,1,0.3436409025
001,0,0,1,0.374067172125
100,1,0,0,0.411580703375
110,1,1,0,0.337880141875
111,1,1,1,0.346802557
101,1,0,1,0.333560529375
000,0,0,0,0.37533576725
