sequences,pos1,pos2,pos3,fitness
010,0,1,0,0.07711451025
011,0,1,1,0.09593992775
001,0,0,1,0.098857734375
100,1,0,0,0.087093014125
110,1,1,0,0.094352128875
111,1,1,1,0.0997086427499999
101,1,0,1,0.09605754325
000,0,0,0,0.0806483806249999
