sequences,pos1,pos2,pos3,fitness
010,0,1,0,0.27776827325
011,0,1,1,0.296704511125
001,0,0,1,0.28377259725
100,1,0,0,0.31320610625
110,1,1,0,0.279709701375
111,1,1,1,0.311523849125
101,1,0,1,0.269792467
000,0,0,0,0.30211897725
