sequences,pos1,pos2,pos3,fitness
010,0,1,0,0.127257259875
011,0,1,1,0.22509468725
001,0,0,1,0.2293036725
100,1,0,0,0.2272534148749999
110,1,1,0,0.205437000875
111,1,1,1,0.216110034
101,1,0,1,0.22871443775
000,0,0,0,0.257405370375
