sequences,pos1,pos2,pos3,fitness
010,0,1,0,0.12099577025
011,0,1,1,0.12677702275
001,0,0,1,0.120898706375
100,1,0,0,0.125154670625
110,1,1,0,0.13336919425
111,1,1,1,0.13281289875
101,1,0,1,0.134957180125
000,0,0,0,0.126875076625
