sequences,pos1,pos2,pos3,pos4,pos5,fitness
00000,0,0,0,0,0,0.9999999999999992
00001,0,0,0,0,1,0.9298245813570272
00010,0,0,0,1,0,0.9996201171638944
00011,0,0,0,1,1,0.7316135198828251
00100,0,0,1,0,0,1.172354234709254
00101,0,0,1,0,1,1.192884521731398
00110,0,0,1,1,0,1.1907279862912918
00111,0,0,1,1,1,0.916412802045502
01000,0,1,0,0,0,1.16125474942817
01001,0,1,0,0,1,1.151487103133968
01010,0,1,0,1,0,1.139391621800724
01011,0,1,0,1,1,1.099299506756762
01100,0,1,1,0,0,1.400935473117884
01101,0,1,1,0,1,1.317431566569018
01110,0,1,1,1,0,1.335457579575264
01111,0,1,1,1,1,1.347077870227344
10000,1,0,0,0,0,1.134244609543618
10001,1,0,0,0,1,1.153998029122634
10010,1,0,0,1,0,1.1422366498408258
10011,1,0,0,1,1,1.136489056802604
10100,1,0,1,0,0,1.415222667435452
10101,1,0,1,0,1,1.427965383080026
10110,1,0,1,1,0,1.4530492600586
10111,1,0,1,1,1,1.491377976428192
11000,1,1,0,0,0,1.595654461006487
11001,1,1,0,0,1,1.525308690691624
11010,1,1,0,1,0,1.387809214994225
11011,1,1,0,1,1,1.4639129316089932
11100,1,1,1,0,0,1.52458169609395
11101,1,1,1,0,1,1.9017685674827776
11110,1,1,1,1,0,1.4539878927577
11111,1,1,1,1,1,2.136725221425542
