sequences,pos1,pos2,pos3,pos4,pos5,fitness
00000,0,0,0,0,0,0.9999999999999984
00001,0,0,0,0,1,0.9662169451594622
00010,0,0,0,1,0,1.038744722154974
00011,0,0,0,1,1,1.077650374578846
00100,0,0,1,0,0,1.109614977875442
00101,0,0,1,0,1,1.179495257587428
00110,0,0,1,1,0,1.137381388676468
00111,0,0,1,1,1,1.2063313019
01000,0,1,0,0,0,1.104097532609934
01001,0,1,0,0,1,1.203045293812124
01010,0,1,0,1,0,1.123129552548016
01011,0,1,0,1,1,1.155056789499064
01100,0,1,1,0,0,1.259234596007596
01101,0,1,1,0,1,1.2634849185296726
01110,0,1,1,1,0,1.217327337436252
01111,0,1,1,1,1,1.27109903745557
10000,1,0,0,0,0,1.040776728396097
10001,1,0,0,0,1,1.0162693288123634
10010,1,0,0,1,0,1.0240735652647932
10011,1,0,0,1,1,1.147071971161066
10100,1,0,1,0,0,1.112361984723554
10101,1,0,1,0,1,1.244502557271816
10110,1,0,1,1,0,1.149645305035084
10111,1,0,1,1,1,1.284325606119508
11000,1,1,0,0,0,1.138335071365042
11001,1,1,0,0,1,1.1829664872600925
11010,1,1,0,1,0,1.18838029537598
11011,1,1,0,1,1,1.244733870521244
11100,1,1,1,0,0,1.238548394597318
11101,1,1,1,0,1,1.256983169037042
11110,1,1,1,1,0,1.253922177260628
11111,1,1,1,1,1,1.3043620482425475
