sequences,pos1,pos2,pos3,pos4,pos5,pos6,fitness
111111,1,1,1,1,1,1,0.006889576
111110,1,1,1,1,1,0,-0.016553969
111101,1,1,1,1,0,1,-0.01338986
111011,1,1,1,0,1,1,-0.015801063
110111,1,1,0,1,1,1,0.00778189
101111,1,0,1,1,1,1,-0.001670468
011111,0,1,1,1,1,1,-0.008176581
111100,1,1,1,1,0,0,-0.029212021
111010,1,1,1,0,1,0,0.014244265
111001,1,1,1,0,0,1,-0.005066381
110110,1,1,0,1,1,0,-0.011862644
110101,1,1,0,1,0,1,-0.022895601
110011,1,1,0,0,1,1,-0.010999984
101110,1,0,1,1,1,0,-0.003941877
101101,1,0,1,1,0,1,-0.006980597
101011,1,0,1,0,1,1,-0.006755425
100111,1,0,0,1,1,1,-0.006630603
011110,0,1,1,1,1,0,-0.019954535
011101,0,1,1,1,0,1,0.000325314
011011,0,1,1,0,1,1,0.006214707
010111,0,1,0,1,1,1,0.013438235
001111,0,0,1,1,1,1,-0.006537911
111000,1,1,1,0,0,0,-0.017479203
110100,1,1,0,1,0,0,-0.00258708
110010,1,1,0,0,1,0,0.009671284
110001,1,1,0,0,0,1,-0.001147309
101100,1,0,1,1,0,0,-0.002423167
101010,1,0,1,0,1,0,-0.011349088
101001,1,0,1,0,0,1,-0.002408733
100110,1,0,0,1,1,0,-0.019864959
100101,1,0,0,1,0,1,-0.010874692
100011,1,0,0,0,1,1,-0.014745509
011100,0,1,1,1,0,0,-0.087553661
011010,0,1,1,0,1,0,-0.091889789
011001,0,1,1,0,0,1,-0.081587048
010110,0,1,0,1,1,0,-0.07556729
010101,0,1,0,1,0,1,-0.046321434
010011,0,1,0,0,1,1,-0.065212786
001110,0,0,1,1,1,0,-0.062201307
001101,0,0,1,1,0,1,-0.08736042
001011,0,0,1,0,1,1,-0.034221266
000111,0,0,0,1,1,1,-0.074667599
110000,1,1,0,0,0,0,-0.051268252
101000,1,0,1,0,0,0,-0.07779369
100100,1,0,0,1,0,0,-0.105873452
100010,1,0,0,0,1,0,-0.148695388
100001,1,0,0,0,0,1,-0.100179997
011000,0,1,1,0,0,0,-0.064384716
010100,0,1,0,1,0,0,-0.057804828
010010,0,1,0,0,1,0,-0.072235981
010001,0,1,0,0,0,1,-0.082482524
001100,0,0,1,1,0,0,-0.057832355
001010,0,0,1,0,1,0,-0.093770499
001001,0,0,1,0,0,1,-0.138717421
000110,0,0,0,1,1,0,-0.062370896
000101,0,0,0,1,0,1,-0.096207808
000011,0,0,0,0,1,1,-0.112867375
100000,1,0,0,0,0,0,-0.125043492
010000,0,1,0,0,0,0,-0.061633233
001000,0,0,1,0,0,0,-0.093775071
000100,0,0,0,1,0,0,-0.085863442
000010,0,0,0,0,1,0,-0.07339458
000001,0,0,0,0,0,1,-0.057260489
000000,0,0,0,0,0,0,-0.05952337
