sequences,pos1,pos2,pos3,pos4,pos5,fitness
00000,0,0,0,0,0,0.9999999999999984
00001,0,0,0,0,1,0.8876572919958781
00010,0,0,0,1,0,1.0062206793849808
00011,0,0,0,1,1,0.8928091596618459
00100,0,0,1,0,0,1.117761551356646
00101,0,0,1,0,1,1.082263885575074
00110,0,0,1,1,0,1.138737291250234
00111,0,0,1,1,1,1.0065210631434256
01000,0,1,0,0,0,1.068149729983512
01001,0,1,0,0,1,1.0530009796283115
01010,0,1,0,1,0,0.9954180851114623
01011,0,1,0,1,1,0.9649866403796756
01100,0,1,1,0,0,1.12942476399543
01101,0,1,1,0,1,1.16603027701747
01110,0,1,1,1,0,1.0684830658567326
01111,0,1,1,1,1,1.084013232095336
10000,1,0,0,0,0,1.024104730279525
10001,1,0,0,0,1,0.9987019622690518
10010,1,0,0,1,0,1.086883574290142
10011,1,0,0,1,1,1.0305977509695232
10100,1,0,1,0,0,1.221057725971838
10101,1,0,1,0,1,1.152819092274672
10110,1,0,1,1,0,1.239861650630172
10111,1,0,1,1,1,1.2098633989223662
11000,1,1,0,0,0,1.067929328506768
11001,1,1,0,0,1,0.9875437446426492
11010,1,1,0,1,0,1.071685602974028
11011,1,1,0,1,1,1.034595243623595
11100,1,1,1,0,0,1.132794245899178
11101,1,1,1,0,1,1.10635777694373
11110,1,1,1,1,0,1.1036304352692092
11111,1,1,1,1,1,1.13184625056276
