sequences,pos1,pos2,pos3,pos4,pos5,fitness
00000,0,0,0,0,0,1.000000000000001
00001,0,0,0,0,1,0.7897530497768135
00010,0,0,0,1,0,1.0021029941093391
00011,0,0,0,1,1,0.8679386743513723
00100,0,0,1,0,0,1.0261803884544725
00101,0,0,1,0,1,0.9338841235937032
00110,0,0,1,1,0,1.068225520394701
00111,0,0,1,1,1,0.9710402027615972
01000,0,1,0,0,0,1.231774326053314
01001,0,1,0,0,1,1.1207190154418
01010,0,1,0,1,0,0.9277598552712892
01011,0,1,0,1,1,0.8504197106053485
01100,0,1,1,0,0,1.202838079331078
01101,0,1,1,0,1,1.1309923645080349
01110,0,1,1,1,0,0.9311782441322825
01111,0,1,1,1,1,0.9526405565024932
10000,1,0,0,0,0,1.0320839083038629
10001,1,0,0,0,1,0.8334034694899479
10010,1,0,0,1,0,1.078379977150524
10011,1,0,0,1,1,0.9260752020154862
10100,1,0,1,0,0,1.1730736251141658
10101,1,0,1,0,1,0.9654034007809832
10110,1,0,1,1,0,1.138186421029282
10111,1,0,1,1,1,1.0257213295196783
11000,1,1,0,0,0,1.189070521880806
11001,1,1,0,0,1,1.1049135266799124
11010,1,1,0,1,0,1.1946148675906825
11011,1,1,0,1,1,1.11712317195591
11100,1,1,1,0,0,1.402232230058668
11101,1,1,1,0,1,1.1617062486299523
11110,1,1,1,1,0,1.375721603430668
11111,1,1,1,1,1,1.224986691603646
