sequences,pos1,pos2,pos3,pos4,pos5,fitness
00000,0,0,0,0,0,1.0000000000000009
00001,0,0,0,0,1,0.7853526317652519
00010,0,0,0,1,0,0.9735158775654768
00011,0,0,0,1,1,0.5608627399976326
00100,0,0,1,0,0,0.927274261248068
00101,0,0,1,0,1,0.9607028109025276
00110,0,0,1,1,0,1.0564878193346627
00111,0,0,1,1,1,0.845144145745583
01000,0,1,0,0,0,0.9078002514324506
01001,0,1,0,0,1,0.8525172071276053
01010,0,1,0,1,0,0.9668015910601742
01011,0,1,0,1,1,0.8930355348163476
01100,0,1,1,0,0,0.931986191815825
01101,0,1,1,0,1,0.9860079250426816
01110,0,1,1,1,0,0.9777209234224286
01111,0,1,1,1,1,0.9844950875268378
10000,1,0,0,0,0,1.0669109713046456
10001,1,0,0,0,1,0.8915528704940465
10010,1,0,0,1,0,1.0701470389654917
10011,1,0,0,1,1,0.8981687496443834
10100,1,0,1,0,0,1.0170575177249372
10101,1,0,1,0,1,0.9948108531665733
10110,1,0,1,1,0,1.1695026346405288
10111,1,0,1,1,1,1.0581347558314491
11000,1,1,0,0,0,1.0322798162237143
11001,1,1,0,0,1,0.9926174609206292
11010,1,1,0,1,0,1.0429646904236018
11011,1,1,0,1,1,0.9857435017153564
11100,1,1,1,0,0,1.0566269839954343
11101,1,1,1,0,1,0.9690139972983124
11110,1,1,1,1,0,1.0480829563711638
11111,1,1,1,1,1,1.0136976022785278
