sequences,pos1,pos2,pos3,pos4,pos5,fitness
00000,0,0,0,0,0,0.9999999999999992
00001,0,0,0,0,1,0.8919917785017846
00010,0,0,0,1,0,1.0238720210877397
00011,0,0,0,1,1,1.0260372767905337
00100,0,0,1,0,0,1.185827566418176
00101,0,0,1,0,1,1.196270395474416
00110,0,0,1,1,0,1.144330367779214
00111,0,0,1,1,1,1.17507911611043
01000,0,1,0,0,0,1.183790834697992
01001,0,1,0,0,1,1.178198442142994
01010,0,1,0,1,0,1.102131354699716
01011,0,1,0,1,1,1.159773402075874
01100,0,1,1,0,0,1.320570571542154
01101,0,1,1,0,1,1.351051729161135
01110,0,1,1,1,0,1.184039046118022
01111,0,1,1,1,1,1.264287871926766
10000,1,0,0,0,0,1.0472509141811308
10001,1,0,0,0,1,0.9566357244770598
10010,1,0,0,1,0,1.0002162086669766
10011,1,0,0,1,1,1.066558574401656
10100,1,0,1,0,0,1.207367197337648
10101,1,0,1,0,1,1.254462941681786
10110,1,0,1,1,0,1.145061802965206
10111,1,0,1,1,1,1.209698777765134
11000,1,1,0,0,0,1.182095535714004
11001,1,1,0,0,1,1.176775418439806
11010,1,1,0,1,0,1.175267632350378
11011,1,1,0,1,1,1.242213470324336
11100,1,1,1,0,0,1.235813955603586
11101,1,1,1,0,1,1.318199993209055
11110,1,1,1,1,0,1.283466396842714
11111,1,1,1,1,1,1.2812606533917923
