sequences,pos1,pos2,pos3,pos4,fitness
0000,0,0,0,0,-0.579610173
0001,0,0,0,1,-0.447169721
0010,0,0,1,0,0.258868441
0011,0,0,1,1,0.975520457
0100,0,1,0,0,-0.55246526
0101,0,1,0,1,0.675926513
0110,0,1,1,0,1.575877088
0111,0,1,1,1,2.011332526
1000,1,0,0,0,2.166984971
1001,1,0,0,1,0.860839831
1010,1,0,1,0,-2.0
1011,1,0,1,1,2.383508701
1100,1,1,0,0,1.747710843
1101,1,1,0,1,1.754485866
1110,1,1,1,0,2.289266335
1111,1,1,1,1,2.476986009
