sequences,pos1,pos2,pos3,pos4,fitness
NCSI,N,C,S,I,0.0
NCSL,N,C,S,L,0.0002974696411421
NCNI,N,C,N,I,0.0
NCNL,N,C,N,L,0.0002974696411421
NRSI,N,R,S,I,0.093356208499237
NRSL,N,R,S,L,1.04113732328798
NRNI,N,R,N,I,0.0002974696411421
NRNL,N,R,N,L,0.0002974696411421
ICSI,I,C,S,I,1.07302290202246
ICSL,I,C,S,L,1.0730226221236
ICNI,I,C,N,I,0.0
ICNL,I,C,N,L,-8.68396879516453e-07
IRSI,I,R,S,I,1.04113732328798
IRSL,I,R,S,L,0.093356208499237
IRNI,I,R,N,I,0.093356208499237
IRNL,I,R,N,L,0.093356208499237
