sequences,pos1,pos2,pos3,pos4,fitness
NCSI,N,C,S,I,0.0
NCSL,N,C,S,L,0.301029995663981
NCNI,N,C,N,I,0.301029995663981
NCNL,N,C,N,L,0.903089986991944
NRSI,N,R,S,I,0.0
NRSL,N,R,S,L,0.903089986991944
NRNI,N,R,N,I,0.301029995663981
NRNL,N,R,N,L,0.903089986991944
ICSI,I,C,S,I,1.20411998265592
ICSL,I,C,S,L,1.50514997831991
ICNI,I,C,N,I,0.301029995663981
ICNL,I,C,N,L,0.903089986991944
IRSI,I,R,S,I,0.301029995663981
IRSL,I,R,S,L,0.903089986991944
IRNI,I,R,N,I,0.602059991327962
IRNL,I,R,N,L,0.903089986991944
