sequences,pos1,pos2,pos3,pos4,fitness
NCSI,N,C,S,I,0.0
NCSL,N,C,S,L,0.602059991327962
NCNI,N,C,N,I,0.0
NCNL,N,C,N,L,0.301029995663981
NRSI,N,R,S,I,0.301029995663981
NRSL,N,R,S,L,1.20411998265592
NRNI,N,R,N,I,-0.301029995663981
NRNL,N,R,N,L,0.0
ICSI,I,C,S,I,1.80617997398389
ICSL,I,C,S,L,2.10720996964787
ICNI,I,C,N,I,-0.301029995663981
ICNL,I,C,N,L,0.0
IRSI,I,R,S,I,0.602059991327962
IRSL,I,R,S,L,1.20411998265592
IRNI,I,R,N,I,0.602059991327962
IRNL,I,R,N,L,0.903632516084238
