sequences,pos1,pos2,pos3,pos4,fitness
0000,0,0,0,0,1.505149978
0001,0,0,0,1,1.204119983
0010,0,0,1,0,1.505149978
0011,0,0,1,1,1.204119983
0100,0,1,0,0,1.806179974
0101,0,1,0,1,1.505149978
0110,0,1,1,0,1.505149978
0111,0,1,1,1,1.505149978
1000,1,0,0,0,2.10720997
1001,1,0,0,1,2.408239965
1010,1,0,1,0,2.408239965
1011,1,0,1,1,2.709269961
1100,1,1,0,0,2.408239965
1101,1,1,0,1,2.709269961
1110,1,1,1,0,2.709269961
1111,1,1,1,1,3.010299957
