sequences,pos1,pos2,pos3,pos4,fitness
MEGN,M,E,G,N,0.0
MEGD,M,E,G,D,0.0137898759176761
MESN,M,E,S,N,-2.56592140439653
MESD,M,E,S,D,-2.56593175822933
MKGN,M,K,G,N,0.0137587766915178
MKGD,M,K,G,D,0.0137462567224139
MKSN,M,K,S,N,-2.56593406927661
MKSD,M,K,S,D,-2.56593175822933
LEGN,L,E,G,N,0.0131238508944658
LEGD,L,E,G,D,0.0137984998803981
LESN,L,E,S,N,0.01357623144576
LESD,L,E,S,D,0.0138182138906873
LKGN,L,K,G,N,0.0137807013678196
LKGD,L,K,G,D,0.0138189055621505
LKSN,L,K,S,N,0.0137885056143928
LKSD,L,K,S,D,0.0138192534408705
