sequences,pos1,pos2,pos3,pos4,fitness
MEGN,M,E,G,N,0.0
MEGD,M,E,G,D,-0.202732459169284
MESN,M,E,S,N,0.679427896612119
MESD,M,E,S,D,-1.53760200210104
MKGN,M,K,G,N,1.16731733474818
MKGD,M,K,G,D,0.762678563727436
MKSN,M,K,S,N,0.957128197676813
MKSD,M,K,S,D,1.38381536598043
LEGN,L,E,G,N,1.11394335230684
LEGD,L,E,G,D,0.840733234611807
LESN,L,E,S,N,0.75815462196739
LESD,L,E,S,D,-1.23507701535011
LKGN,L,K,G,N,-1.57839607313017
LKGD,L,K,G,D,1.05690485133647
LKSN,L,K,S,N,1.06818586174616
LKSD,L,K,S,D,0.418301291319745
