sequences,pos1,pos2,pos3,pos4,fitness
MEGN,M,E,G,N,0.0
MEGD,M,E,G,D,-0.349692476868064
MESN,M,E,S,N,2.00860017176192
MESD,M,E,S,D,2.44870631990508
MKGN,M,K,G,N,1.16731733474818
MKGD,M,K,G,D,0.876217840591642
MKSN,M,K,S,N,2.31597034545692
MKSD,M,K,S,D,2.50105926221775
LEGN,L,E,G,N,-0.16304326294045
LEGD,L,E,G,D,-0.20690839982342
LESN,L,E,S,N,2.05690485133647
LESD,L,E,S,D,0.507855871695831
LKGN,L,K,G,N,0.0413926851582251
LKGD,L,K,G,D,0.390935107103379
LKSN,L,K,S,N,0.367355921026019
LKSD,L,K,S,D,2.6730209071289
