sequences,pos1,pos2,pos3,pos4,fitness
MEGN,M,E,G,N,0.0
MEGD,M,E,G,D,-0.0181813928293364
MESN,M,E,S,N,-0.197226274708024
MESD,M,E,S,D,0.243038048686294
MKGN,M,K,G,N,-0.149966742310231
MKGD,M,K,G,D,0.217483944213906
MKSN,M,K,S,N,0.0606978403536116
MKSD,M,K,S,D,-1.97881070093006
LEGN,L,E,G,N,-0.522878745280338
LEGD,L,E,G,D,-0.1438755557577
LESN,L,E,S,N,0.367355921026019
LESD,L,E,S,D,0.0413926851582251
LKGN,L,K,G,N,0.146128035678238
LKGD,L,K,G,D,0.271841606536499
LKSN,L,K,S,N,0.20682587603185
LKSD,L,K,S,D,0.612783856719735
