sequences,pos1,pos2,pos3,pos4,fitness
MEGN,M,E,G,N,0.0
MEGD,M,E,G,D,-0.0752040042020878
MESN,M,E,S,N,1.77597433112937
MESD,M,E,S,D,2.18752072083646
MKGN,M,K,G,N,1.49276038902684
MKGD,M,K,G,D,-0.0218194830625861
MKSN,M,K,S,N,2.13353890837022
MKSD,M,K,S,D,2.11058971029925
LEGN,L,E,G,N,0.0253058652647703
LEGD,L,E,G,D,-0.0199966284162537
LESN,L,E,S,N,1.80888586735981
LESD,L,E,S,D,0.0413926851582251
LKGN,L,K,G,N,0.0644579892269184
LKGD,L,K,G,D,-0.0680338852718274
LKSN,L,K,S,N,-0.0409586076789064
LKSD,L,K,S,D,2.25285303097989
