sequences,pos1,pos2,pos3,pos4,fitness
MEGN,M,E,G,N,0.0
MEGD,M,E,G,D,-0.262012673666569
MESN,M,E,S,N,-0.106793246940152
MESD,M,E,S,D,0.389166084364532
MKGN,M,K,G,N,0.136720567156407
MKGD,M,K,G,D,-0.412289034981089
MKSN,M,K,S,N,-0.0277971616209356
MKSD,M,K,S,D,-2.04383156952464
LEGN,L,E,G,N,-2.02410886359821
LEGD,L,E,G,D,-2.08618614761628
LESN,L,E,S,N,-0.0159229660971692
LESD,L,E,S,D,-2.16494389827988
LKGN,L,K,G,N,-0.10790539730952
LKGD,L,K,G,D,-2.16304326294045
LKSN,L,K,S,N,0.382017042574868
LKSD,L,K,S,D,-1.74232142513082
