sequences,pos1,pos2,pos3,pos4,pos5,pos6,fitness
DHLLFI,D,H,L,L,F,I,0.0
DHLLFF,D,H,L,L,F,F,-0.421360790031928
DHLLII,D,H,L,L,I,I,-0.46344155742847
DHLLIF,D,H,L,L,I,F,-0.801342913045577
DHLMFI,D,H,L,M,F,I,0.193124598354462
DHLMFF,D,H,L,M,F,F,0.0
DHLMII,D,H,L,M,I,I,-0.303643611266668
DHLMIF,D,H,L,M,I,F,-0.628932137728264
DHFLFI,D,H,F,L,F,I,0.161368002234975
DHFLFF,D,H,F,L,F,F,0.462397997898956
DHFLII,D,H,F,L,I,I,-0.309803919971486
DHFLIF,D,H,F,L,I,F,-0.134896025358872
DHFMFI,D,H,F,M,F,I,0.264817823009536
DHFMFF,D,H,F,M,F,F,0.547774705387823
DHFMII,D,H,F,M,I,I,-0.312471038785366
DHFMIF,D,H,F,M,I,F,-0.0579919469776867
DRLLFI,D,R,L,L,F,I,1.57634135020579
DRLLFF,D,R,L,L,F,F,1.58092497567562
DRLLII,D,R,L,L,I,I,0.859738566197147
DRLLIF,D,R,L,L,I,F,0.495544337546448
DRLMFI,D,R,L,M,F,I,1.82542611776782
DRLMFF,D,R,L,M,F,F,1.84323277809801
DRLMII,D,R,L,M,I,I,1.07554696139253
DRLMIF,D,R,L,M,I,F,1.21218760440396
DRFLFI,D,R,F,L,F,I,1.56702636615906
DRFLFF,D,R,F,L,F,F,1.55266821611219
DRFLII,D,R,F,L,I,I,0.509202522331103
DRFLIF,D,R,F,L,I,F,1.15836249209525
DRFMFI,D,R,F,M,F,I,1.65991620006985
DRFMFF,D,R,F,M,F,F,1.80753502806885
DRFMII,D,R,F,M,I,I,1.51454775266029
DRFMIF,D,R,F,M,I,F,1.86153441085904
EHLLFI,E,H,L,L,F,I,0.361727836017593
EHLLFF,E,H,L,L,F,F,0.0086001717619175
EHLLII,E,H,L,L,I,I,-0.140261433802853
EHLLIF,E,H,L,L,I,F,-0.460923901207223
EHLMFI,E,H,L,M,F,I,0.413299764081252
EHLMFF,E,H,L,M,F,F,0.0606978403536116
EHLMII,E,H,L,M,I,I,-0.109020403010311
EHLMIF,E,H,L,M,I,F,0.0899051114393979
EHFLFI,E,H,F,L,F,I,0.348304863048161
EHFLFF,E,H,F,L,F,F,0.209515014542631
EHFLII,E,H,F,L,I,I,-0.13608262304214
EHFLIF,E,H,F,L,I,F,-0.326058001365912
EHFMFI,E,H,F,M,F,I,0.460897842756548
EHFMFF,E,H,F,M,F,F,0.198657086954423
EHFMII,E,H,F,M,I,I,-0.0830199526796178
EHFMIF,E,H,F,M,I,F,-0.30189945437661
ERLLFI,E,R,L,L,F,I,1.77670118398841
ERLLFF,E,R,L,L,F,F,1.44090908206522
ERLLII,E,R,L,L,I,I,1.3541084391474
ERLLIF,E,R,L,L,I,F,1.05690485133647
ERLMFI,E,R,L,M,F,I,1.89817648349768
ERLMFF,E,R,L,M,F,F,1.70926996097583
ERLMII,E,R,L,M,I,I,1.54654266347813
ERLMIF,E,R,L,M,I,F,1.27646180417324
ERFLFI,E,R,F,L,F,I,1.75587485567249
ERFLFF,E,R,F,L,F,F,1.75127910398334
ERFLII,E,R,F,L,I,I,1.78958071216443
ERFLIF,E,R,F,L,I,F,1.83058866868514
ERFMFI,E,R,F,M,F,I,1.76492298464989
ERFMFF,E,R,F,M,F,F,1.84135947045486
ERFMII,E,R,F,M,I,I,1.9903388547876
ERFMIF,E,R,F,M,I,F,1.87966920563205
