sequences,pos1,pos2,pos3,pos4,pos5,pos6,fitness
DHLLFI,D,H,L,L,F,I,0.0
DHLLFF,D,H,L,L,F,F,-0.0334376639241292
DHLLII,D,H,L,L,I,I,1.29754038718132
DHLLIF,D,H,L,L,I,F,0.49577482245193
DHLMFI,D,H,L,M,F,I,0.164058478276503
DHLMFF,D,H,L,M,F,F,0.232019292637458
DHLMII,D,H,L,M,I,I,1.23311750908653
DHLMIF,D,H,L,M,I,F,0.984271872426403
DHFLFI,D,H,F,L,F,I,-0.093076411580741
DHFLFF,D,H,F,L,F,F,-0.0933722777219388
DHFLII,D,H,F,L,I,I,1.07456623738878
DHFLIF,D,H,F,L,I,F,1.55862444170329
DHFMFI,D,H,F,M,F,I,0.084285633953697
DHFMFF,D,H,F,M,F,F,0.0370800357614729
DHFMII,D,H,F,M,I,I,1.19554748076597
DHFMIF,D,H,F,M,I,F,1.62402873255714
DRLLFI,D,R,L,L,F,I,0.619918141853925
DRLLFF,D,R,L,L,F,F,0.759799175660077
DRLLII,D,R,L,L,I,I,2.24460896254898
DRLLIF,D,R,L,L,I,F,1.75819607290218
DRLMFI,D,R,L,M,F,I,1.11217598025539
DRLMFF,D,R,L,M,F,F,1.38223472589917
DRLMII,D,R,L,M,I,I,2.72846687834994
DRLMIF,D,R,L,M,I,F,2.65462016178231
DRFLFI,D,R,F,L,F,I,0.619266048542174
DRFLFF,D,R,F,L,F,F,0.74843867924913
DRFLII,D,R,F,L,I,I,2.13922160827936
DRFLIF,D,R,F,L,I,F,2.62607598804526
DRFMFI,D,R,F,M,F,I,1.25101945054414
DRFMFF,D,R,F,M,F,F,1.51651860369843
DRFMII,D,R,F,M,I,I,2.89139417956429
DRFMIF,D,R,F,M,I,F,2.96682179669971
EHLLFI,E,H,L,L,F,I,0.426539282651115
EHLLFF,E,H,L,L,F,F,0.316111114126647
EHLLII,E,H,L,L,I,I,1.9516784306316
EHLLIF,E,H,L,L,I,F,1.23311750908653
EHLMFI,E,H,L,M,F,I,0.459655967493448
EHLMFF,E,H,L,M,F,F,0.325142088655582
EHLMII,E,H,L,M,I,I,1.60117042744465
EHLMIF,E,H,L,M,I,F,0.310384749753741
EHFLFI,E,H,F,L,F,I,0.391250832230059
EHFLFF,E,H,F,L,F,F,0.357666896317281
EHFLII,E,H,F,L,I,I,1.61043328755241
EHFLIF,E,H,F,L,I,F,2.22379898320509
EHFMFI,E,H,F,M,F,I,0.389275150434111
EHFMFF,E,H,F,M,F,F,0.372177081214748
EHFMII,E,H,F,M,I,I,1.62737324268009
EHFMIF,E,H,F,M,I,F,2.02830686803464
ERLLFI,E,R,L,L,F,I,2.72260089448157
ERLLFF,E,R,L,L,F,F,2.22073473733612
ERLLII,E,R,L,L,I,I,2.93620588515104
ERLLIF,E,R,L,L,I,F,2.79488536093526
ERLMFI,E,R,L,M,F,I,2.8656052201403
ERLMFF,E,R,L,M,F,F,2.69699870564507
ERLMII,E,R,L,M,I,I,2.99307103487545
ERLMIF,E,R,L,M,I,F,2.92299451421934
ERFLFI,E,R,F,L,F,I,2.44233505020297
ERFLFF,E,R,F,L,F,F,2.80876086912733
ERFLII,E,R,F,L,I,I,3.05902670745886
ERFLIF,E,R,F,L,I,F,2.98342388299732
ERFMFI,E,R,F,M,F,I,2.78533357064126
ERFMFF,E,R,F,M,F,F,2.98734591771445
ERFMII,E,R,F,M,I,I,3.03746809524199
ERFMIF,E,R,F,M,I,F,2.92244714201926
