sequences,pos1,pos2,pos3,pos4,pos5,pos6,fitness
000000,0,0,0,0,0,0,1.01375
000001,0,0,0,0,0,1,2.502666667
000010,0,0,0,0,1,0,1.296333333
000011,0,0,0,0,1,1,2.996
000100,0,0,0,1,0,0,2.886333333
000101,0,0,0,1,0,1,2.723666667
000110,0,0,0,1,1,0,2.852333333
000111,0,0,0,1,1,1,-2.0
001000,0,0,1,0,0,0,1.338666667
001001,0,0,1,0,0,1,2.079
001010,0,0,1,0,1,0,2.055
001011,0,0,1,0,1,1,3.004666667
001100,0,0,1,1,0,0,3.222666667
001101,0,0,1,1,0,1,3.08
001110,0,0,1,1,1,0,3.107666667
001111,0,0,1,1,1,1,0.755333333
010000,0,1,0,0,0,0,1.76
010001,0,1,0,0,0,1,1.852333333
010010,0,1,0,0,1,0,1.738
010011,0,1,0,0,1,1,2.587333333
010100,0,1,0,1,0,0,2.198666667
010101,0,1,0,1,0,1,0.751666667
010110,0,1,0,1,1,0,0.225
010111,0,1,0,1,1,1,0.230666667
011000,0,1,1,0,0,0,-2.0
011001,0,1,1,0,0,1,2.392333333
011010,0,1,1,0,1,0,2.191
011011,0,1,1,0,1,1,0.856666667
011100,0,1,1,1,0,0,1.656666667
011101,0,1,1,1,0,1,0.592666667
011110,0,1,1,1,1,0,3.355333333
011111,0,1,1,1,1,1,0.481333333
100000,1,0,0,0,0,0,1.673666667
100001,1,0,0,0,0,1,2.587666667
100010,1,0,0,0,1,0,2.741666667
100011,1,0,0,0,1,1,3.112666667
100100,1,0,0,1,0,0,2.965333333
100101,1,0,0,1,0,1,3.313666667
100110,1,0,0,1,1,0,3.352333333
100111,1,0,0,1,1,1,3.311333333
101000,1,0,1,0,0,0,2.178333333
101001,1,0,1,0,0,1,3.081333333
101010,1,0,1,0,1,0,3.116333333
101011,1,0,1,0,1,1,3.344333333
101100,1,0,1,1,0,0,3.373333333
101101,1,0,1,1,0,1,3.358
101110,1,0,1,1,1,0,3.353333333
101111,1,0,1,1,1,1,3.356333333
110000,1,1,0,0,0,0,2.414
110001,1,1,0,0,0,1,3.014
110010,1,1,0,0,1,0,2.886666667
110011,1,1,0,0,1,1,3.248666667
110100,1,1,0,1,0,0,3.103333333
110101,1,1,0,1,0,1,-2.0
110110,1,1,0,1,1,0,3.217333333
110111,1,1,0,1,1,1,3.190333333
111000,1,1,1,0,0,0,2.941
111001,1,1,1,0,0,1,3.258666667
111010,1,1,1,0,1,0,3.253666667
111011,1,1,1,0,1,1,3.343333333
111100,1,1,1,1,0,0,3.356333333
111101,1,1,1,1,0,1,3.326
111110,1,1,1,1,1,0,3.135
111111,1,1,1,1,1,1,2.742666667
