sequences,pos1,pos2,pos3,pos4,pos5,pos6,fitness
cPALWI,c,P,A,L,W,I,0.0
cPALWL,c,P,A,L,W,L,1.47275644931721
cPALRI,c,P,A,L,R,I,0.267171728403014
cPALRL,c,P,A,L,R,L,1.96473092105363
cPARWI,c,P,A,R,W,I,1.8555191556678
cPARWL,c,P,A,R,W,L,1.69284691927723
cPARRI,c,P,A,R,R,I,1.82412583391655
cPARRL,c,P,A,R,R,L,-0.157390760389438
cPTLWI,c,P,T,L,W,I,0.307496037913213
cPTLWL,c,P,T,L,W,L,1.04921802267018
cPTLRI,c,P,T,L,R,I,1.02530586526477
cPTLRL,c,P,T,L,R,L,1.55750720190566
cPTRWI,c,P,T,R,W,I,2.19312459835446
cPTRWL,c,P,T,R,W,L,2.04921802267018
cPTRRI,c,P,T,R,R,I,2.07918124604762
cPTRRL,c,P,T,R,R,L,-0.228412519118745
cLALWI,c,L,A,L,W,I,0.728353782021228
cLALWL,c,L,A,L,W,L,0.822821645303105
cLALRI,c,L,A,L,R,I,0.706717782336759
cLALRL,c,L,A,L,R,L,-0.543633966870957
cLARWI,c,L,A,R,W,I,1.18752072083646
cLARWL,c,L,A,R,W,L,-0.277366077466188
cLARRI,c,L,A,R,R,I,-0.804100347590766
cLARRL,c,L,A,R,R,L,-3.03151705144606
cLTLWI,c,L,T,L,W,I,-3.03151705144606
cLTLWL,c,L,T,L,W,L,1.36361197989214
cLTLRI,c,L,T,L,R,I,1.18752072083646
cLTLRL,c,L,T,L,R,L,1.97358962342726
cLTRWI,c,L,T,R,W,I,0.717670503002262
cLTRWL,c,L,T,R,W,L,-0.422508200162775
cLTRRI,c,L,T,R,R,I,2.32428245529769
cLTRRL,c,L,T,R,R,L,-0.798602875679548
tPALWI,t,P,A,L,W,I,0.643452676486187
tPALWL,t,P,A,L,W,L,1.55750720190566
tPALRI,t,P,A,L,R,I,1.71349054309394
tPALRL,t,P,A,L,R,L,2.08278537031645
tPARWI,t,P,A,R,W,I,1.93399316383124
tPARWL,t,P,A,R,W,L,2.28330122870355
tPARRI,t,P,A,R,R,I,2.32014628611105
tPARRL,t,P,A,R,R,L,2.31175386105575
tPTLWI,t,P,T,L,W,I,1.14612803567824
tPTLWL,t,P,T,L,W,L,2.04921802267018
tPTLRI,t,P,T,L,R,I,2.08635983067475
tPTLRL,t,P,T,L,R,L,2.21748394421391
tPTRWI,t,P,T,R,W,I,2.34242268082221
tPTRWL,t,P,T,R,W,L,2.32633586092875
tPTRRI,t,P,T,R,R,I,2.32221929473392
tPTRRL,t,P,T,R,R,L,2.32428245529769
tLALWI,t,L,A,L,W,I,1.38381536598043
tLALWL,t,L,A,L,W,L,1.98317507203781
tLALRI,t,L,A,L,R,I,1.8561244442423
tLALRL,t,L,A,L,R,L,1.71096311899528
tLARWI,t,L,A,R,W,I,2.07188200730613
tLARWL,t,L,A,R,W,L,-3.03151705144606
tLARRI,t,L,A,R,R,I,2.1846914308176
tLARRL,t,L,A,R,R,L,2.27875360095283
tLTLWI,t,L,T,L,W,I,1.9106244048892
tLTLWL,t,L,T,L,W,L,2.22788670461367
tLTLRI,t,L,T,L,R,I,2.22271647114758
tLTLRL,t,L,T,L,R,L,2.31386722036915
tLTRWI,t,L,T,R,W,I,2.32428245529769
tLTRWL,t,L,T,R,W,L,2.29446622616159
tLTRRI,t,L,T,R,R,I,2.10380372095596
tLTRRL,t,L,T,R,R,L,2.15836249209525
