sequences,pos1,pos2,pos3,pos4,pos5,pos6,fitness
100000,1,0,0,0,0,0,0.0
010000,0,1,0,0,0,0,0.0
110000,1,1,0,0,0,0,0.497554983536475
011110,0,1,1,1,1,0,12.0912562032296
111110,1,1,1,1,1,0,11.4200196172765
111010,1,1,1,0,1,0,9.53037483024748
101000,1,0,1,0,0,0,0.0
101010,1,0,1,0,1,0,8.6104250912212
100010,1,0,0,0,1,0,8.58407879511591
001010,0,0,1,0,1,0,11.2245556526682
011010,0,1,1,0,1,0,11.0952246070071
011000,0,1,1,0,0,0,1.52770306248583
010010,0,1,0,0,1,0,11.278371350314
010110,0,1,0,1,1,0,12.030689941714
001110,0,0,1,1,1,0,13.3055673460416
011100,0,1,1,1,0,0,2.68580584232527
010111,0,1,0,1,1,1,28.5238606242772
110111,1,1,0,1,1,1,32.1527187532521
110011,1,1,0,0,1,1,15.2965811598122
001000,0,0,1,0,0,0,2.60510350865721
111000,1,1,1,0,0,0,0.528316968781174
100001,1,0,0,0,0,1,2.86772662988356
100011,1,0,0,0,1,1,9.43112037315223
000011,0,0,0,0,1,1,15.8201338027754
010101,0,1,0,1,0,1,30.5512849129792
010001,0,1,0,0,0,1,16.5688603364037
010100,0,1,0,1,0,0,1.38529816487041
000101,0,0,0,1,0,1,33.4144028645026
110001,1,1,0,0,0,1,10.0102287513234
111001,1,1,1,0,0,1,11.7094348051329
011001,0,1,1,0,0,1,21.9501772909361
101001,1,0,1,0,0,1,14.9249923059404
010011,0,1,0,0,1,1,16.7659524353178
000111,0,0,0,1,1,1,33.1989726140343
000001,0,0,0,0,0,1,0.339957610763573
011111,0,1,1,1,1,1,37.2815582284598
111101,1,1,1,1,0,1,31.0824344495423
101111,1,0,1,1,1,1,23.8024857246524
111011,1,1,1,0,1,1,13.320361201404
110010,1,1,0,0,1,0,10.12096222362
000100,0,0,0,1,0,0,1.49481754514853
000110,0,0,0,1,1,0,11.4287393863939
000010,0,0,0,0,1,0,7.97124445026975
011101,0,1,1,1,0,1,35.8329307179411
001111,0,0,1,1,1,1,36.0125513575433
011011,0,1,1,0,1,1,20.4416359852523
001001,0,0,1,0,0,1,22.5361088984472
001100,0,0,1,1,0,0,1.69100520110189
001101,0,0,1,1,0,1,24.1573193175668
101011,1,0,1,0,1,1,15.8153021210871
001011,0,0,1,0,1,1,18.4011996486109
000000,0,0,0,0,0,0,0.0
100100,1,0,0,1,0,0,1.95347598657458
111111,1,1,1,1,1,1,24.5051141229292
