sequences,pos1,pos2,pos3,pos4,pos5,fitness
PALWI,P,A,L,W,I,0.0
PALWL,P,A,L,W,L,-0.0590346075706698
PALRI,P,A,L,R,I,-0.0007914599784805
PALRL,P,A,L,R,L,-0.0136499328607239
PARWI,P,A,R,W,I,-0.0070655003101485
PARWL,P,A,R,W,L,-0.0407143478063829
PARRI,P,A,R,R,I,-0.0200245879112637
PARRL,P,A,R,R,L,-0.0103438845576261
PTLWI,P,T,L,W,I,-0.0683741524510084
PTLWL,P,T,L,W,L,-0.0619418902832592
PTLRI,P,T,L,R,I,-0.0162566643052652
PTLRL,P,T,L,R,L,-0.030957576846784
PTRWI,P,T,R,W,I,-0.0158141578131215
PTRWL,P,T,R,W,L,-0.015727335104715
PTRRI,P,T,R,R,I,0.0018216510785426
PTRRL,P,T,R,R,L,-0.0135764477126615
LALWI,L,A,L,W,I,-0.0228996469367823
LALWL,L,A,L,W,L,-0.0068422510640321
LALRI,L,A,L,R,I,-0.025511672913506
LALRL,L,A,L,R,L,-0.559121068053427
LARWI,L,A,R,W,I,-0.0805923706478601
LARWL,L,A,R,W,L,-0.372871924355539
LARRI,L,A,R,R,I,-1.54490939633077
LARRL,L,A,R,R,L,-2.48541463792393
LTLWI,L,T,L,W,I,-0.0590346075706698
LTLWL,L,T,L,W,L,-0.0459533262607782
LTLRI,L,T,L,R,I,-0.0502079788351562
LTLRL,L,T,L,R,L,-1.92981752658907
LTRWI,L,T,R,W,I,-0.182340739000855
LTRWL,L,T,R,W,L,-2.19056555619359
LTRRI,L,T,R,R,I,-2.5333837322443
LTRRL,L,T,R,R,L,-2.92527622385312
