sequences,pos1,pos2,pos3,pos4,pos5,fitness
PALWI,P,A,L,W,I,0.0
PALWL,P,A,L,W,L,0.447011537755569
PALGI,P,A,L,G,I,0.241331512049022
PALGL,P,A,L,G,L,2.44989147787625
PARWI,P,A,R,W,I,0.86535003761027
PARWL,P,A,R,W,L,2.04603246881119
PARGI,P,A,R,G,I,1.50795525113384
PARGL,P,A,R,G,L,2.84324120057248
PTLWI,P,T,L,W,I,0.238475033957205
PTLWL,P,T,L,W,L,0.99948972309703
PTLGI,P,T,L,G,I,1.03609136258202
PTLGL,P,T,L,G,L,3.49310158697882
PTRWI,P,T,R,W,I,1.50795525113384
PTRWL,P,T,R,W,L,3.13058708769409
PTRGI,P,T,R,G,I,2.75472051344755
PTRGL,P,T,R,G,L,4.50793089871815
LALWI,L,A,L,W,I,0.24557334329636
LALWL,L,A,L,W,L,1.48470983248373
LALGI,L,A,L,G,I,1.18164514153449
LALGL,L,A,L,G,L,2.79034035117202
LARWI,L,A,R,W,I,1.38498228316437
LARWL,L,A,R,W,L,2.48869518219229
LARGI,L,A,R,G,I,2.5939816304931
LARGL,L,A,R,G,L,4.0823641476097
LTLWI,L,T,L,W,I,0.775546009355222
LTLWL,L,T,L,W,L,2.51571381397209
LTLGI,L,T,L,G,I,2.30713801684994
LTLGL,L,T,L,G,L,4.59211372684242
LTRWI,L,T,R,W,I,2.82755957172857
LTRWL,L,T,R,W,L,4.17448794654203
LTRGI,L,T,R,G,I,4.29490105520073
LTRGL,L,T,R,G,L,5.92281914937623
